Category,Title,Price,Case Size,Battery Capacity,Brand,Model,Operating System,Storage Capacity,Collection Date
Smart Watches,M7 Smart Bracelet Fitness Tracker Watch Smartwatch with Blood Pressure Monitor,$12.59 ,N/A,N/A,N/A,N/A,N/A,N/A,1/27/2025 2:04
Smart Watches,Samsung Galaxy Watch 6 40mm GPS + WiFi + Bluetooth R930 Smart Watch - Very Good,US $97.99/ea,N/A,N/A,N/A,N/A,N/A,N/A,1/27/2025 2:04
Smart Watches,"2025 Smart Watch For Men/Women, Waterproof Smartwatch Bluetooth iPhone Samsung",$19.99 ,22 mm,300mAh,IOWODO,Smart Watches,Android Wear,1 GB,1/27/2025 2:05
Smart Watches,"2024 Smart Watch For Men/Women, Waterproof Smartwatch Bluetooth iPhone Samsung",$13.99/ea,44 mm,N/A,Willful,SW021,sw021,1 GB,1/27/2025 2:03
Smart Watches,Smart watch 2024 W7 Compass Waterproof Wireless Charging,C $78.00,N/A,N/A,N/A,N/A,N/A,N/A,1/27/2025 2:03
Smart Watches,Military Smart Watch for Men (Answer/Make Calls)2.01'' Smart Watch for Android,$35.99/ea,55mmx44.5mmx13.5mm,900MAH,IOWODO,Sports Fitness Tracker,Android Wear,128MB,1/27/2025 2:04
Smart Watches,PTHTECHUS Kids Smart Watch Camera Sim Call Phone Game Boys Girls,$26.23 ,N/A,N/A,N/A,N/A,N/A,N/A,1/27/2025 2:04
Smart Watches,1.83 Waterproof Smart Watch With Message Call Sleep Monitoring Sports Pedometer,US $16.49/ea,N/A,N/A,N/A,N/A,N/A,N/A,1/27/2025 2:04
Smart Watches,Samsung Galaxy Watch4 Classic 46mm R895 GPS + Cellular - Very Good,$59.99 ,46mm,N/A,Samsung,Galaxy Watch4 Classic,Wear OS,16GB,1/27/2025 2:03
Smart Watches,AMOLED Screen Ladies Smart Watch Screen For Michael Kors Smart Watch,$59.83 ,35 mm,N/A,ChiBear,MK,Android Wear,1 GB,1/27/2025 2:05
Smart Watches,Google Pixel Watch2 41mm âœ¨GPS + Wi-Fi +Bluetooth Gold Black Silver - FAIR,US $75.00,N/A,N/A,N/A,N/A,N/A,N/A,1/27/2025 2:05
Smart Watches,2024 New Rugged Military GPS Smart Watch Men AMOLED HD Screen Heart Rate Waterpr,$39.99 ,"1.96 ""HD screen",N/A,abay,Smart Bracelet,N/A,N/A,1/27/2025 2:05
Smart Watches,Google Pixel Watch 41mm GPS + WiFi + Bluetooth Gold Black Silver Watch - Good,$49.99/ea,41 mm,N/A,Google,Google Pixel Watch,Wear OS,32 GB,1/27/2025 2:05
Smart Watches,Google Pixel Watch 41mm âœ¨GPS + WiFi + Bluetooth Gold Black Silver - Excellent,$55.00/ea,41 mm,N/A,Google Pixel,Google Pixel Watch,N/A,32 GB,1/27/2025 2:06
Smart Watches,"Smartwatch â€“ Waterproof Fitness Tracker w/Heart Rate Monitor, Voice Call & more",$12.99 ,smartwatch,N/A,Unbranded,Smarth watch 2024,N/A,N/A,1/27/2025 2:04
Smart Watches,Smart Watch Women Men with Phone Function Wristwatch for iPhone Samsung Huawei,$125.86 ,N/A,N/A,N/A,N/A,N/A,N/A,1/27/2025 2:05
Smart Watches,Smartwatch Women's Phone Function Alexa Fitness Watch Watch For iPhone Samsung Tab,$157.35 ,N/A,N/A,N/A,N/A,N/A,N/A,1/27/2025 2:05
Smart Watches,2 in 1 Smart Watch with NEW Bluetooth Earbuds Fitness Tracker For iPhone Andro,$12.87/ea,57mm*50mm,N/A,Unbranded,X7,N/A,N/A,1/27/2025 2:03
Smart Watches,Apple Watch Series 3 38mm 42mm GPS+ WIFI + LTE UNLOCKED Gold Gray Silver - Good,$89.99/ea,"38 mm,42 mm,",N/A,Apple,Apple Watch Series 3,Apple Watch OS,N/A,1/27/2025 2:06
Smart Watches,"HUAWEI WATCH Ultimate BLACK 1.5"" AMOLED Bluetooth iOS Android Smartwatch NEW",US $661.99,N/A,N/A,N/A,N/A,N/A,N/A,1/27/2025 2:04
Smart Watches,New Health Monitoring Smart Watch & Activity Tracker,$31.21 ,1.50in,N/A,Unbranded,N/A,N/A,N/A,1/27/2025 2:05
Smart Watches,Samsung Galaxy Watch 4 40mm GPS + WiFi + Bluetooth R860 Smart Watch - Good,$59.99/ea,40 mm,N/A,Samsung,Samsung Galaxy Watch4,Wear OS,16 GB,1/27/2025 2:03
Smart Watches,GTS 3 Voice Call Smartwatch 2.03 HD 24-Hour Screen Health Monitor,$29.39 ,N/A,N/A,N/A,N/A,N/A,N/A,1/27/2025 2:05
Smart Watches,Smart Watch Women with Phone Function Wristwatch Watch for iPhone Samsung Huawei,$104.87 ,N/A,N/A,N/A,N/A,N/A,N/A,1/27/2025 2:03
Smart Watches,"Smart Watch Women Men, 1.85"" Smart Watch with Phone Function/Message Pink",$346.37 ,N/A,N/A,N/A,N/A,N/A,N/A,1/27/2025 2:05
Smart Watches,Bluetooth Wrist Smart Watch Touch Screen Phone Mate for Android IOS ~,$12.99/ea,As Description,N/A,Unbranded,N/A,N/A,N/A,1/27/2025 2:03
Smart Watches,2025 Military Smart Watch Men (Call Receive/Dial) Fitness Tracker Wristwatch US,$35.99/ea,55mmx44.5mmx13.5mm,900MAH,IOWODO,Sports Fitness Tracker,Android Wear,128MB,1/27/2025 2:04
Smart Watches,Apple Watch Series SE (2nd Gen) GPS +Cellular 40mm Smart Watch - Excellent,$157.99 ,40 mm,N/A,Apple,Apple Watch Series SE 2nd Gen,Apple Watch OS,32 GB,1/27/2025 2:04
Smart Watches,"SL-TECH SMARTWATCH 1.96"" 430mAh WATERPROOF BLUETOOTH Fitness for SAMSUNG/iPHONE",$25.64/ea,44-49mm,430mAh,SL-TECHNOLOGIES,KT71,"Android, IOS",430mAh,1/27/2025 2:04
Smart Watches,"Mibro Watch A2 Smart Watch 1.39"" Bluetooth Calling 70 Sports 2ATM 2 Bands Black",$59.38 ,1.39'',N/A,Mibro,Watch A2,N/A,N/A,1/27/2025 2:05
Smart Watches,ðŸ¥‡Military Smart Watch for Men (Answer/Make Calls)2.01'' Smart Watch for Android,$69.99 ,55mmx44.5mmx13.5mm,900MAH,IOWODO,Sports Fitness Tracker,Android Wear,128MB,1/27/2025 2:04
Smart Watches,Google Pixel Watch 41mm GPS + WiFi + Bluetooth Gold Black Silver Watch -Grade B+,$47.49/ea,41 mm,N/A,Google,Google Pixel Watch,Wear OS,32 GB,1/27/2025 2:04
Smart Watches,Smartwatch kids with phone function wristwatch SOS for iPhone Samsung Huawei,$136.36 ,N/A,N/A,N/A,N/A,N/A,N/A,1/27/2025 2:05
Smart Watches,"Amazfit Neo smart watch orange, retro design fitness braclet",$57.12 ,N/A,N/A,Amazfit,neo retro,N/A,N/A,1/27/2025 2:05
Smart Watches,Apple Watch Series 9 - GPS + GSM Cellular 45mm Smart Watch - Excellent,$274.99 ,45 mm,N/A,Apple,Apple Watch Series 9,Apple Watch OS,64GB,1/27/2025 2:03
Smart Watches,Fitness Smart Watch Activity Tracker Heart Rate For Women Men Oxygen BP Monitor,US $7.19,N/A,N/A,N/A,N/A,N/A,N/A,1/27/2025 2:04
Smart Watches,Smart Watch For iPhone Samsung Blood Oxygen Heart Rate Sleep Monitor Waterproof,$13.29/ea,24 mm,N/A,uten,SVUltra Smart Watch,N/A,N/A,1/27/2025 2:05
Smart Watches,"Brand New Z66 Ultra Smartwatch - BIG 1.93"" Infinite Display",$29.95 ,49 mm,N/A,Unbranded,Z66,Android Wear,N/A,1/27/2025 2:06
Smart Watches,"Manike Y11 Smart Watch - Fitness, Heart Rate, Waterproof, Style & Functional",$75.57 ,N/A,N/A,N/A,N/A,N/A,N/A,1/27/2025 2:04
Smart Watches,Smartwatch Men Women with Phone Function Wristwatch for iPhone Samsung Huawei,$94.37 ,N/A,N/A,N/A,N/A,N/A,N/A,1/27/2025 2:06
Smart Watches,Apple Watch Series 3 38mm 42mm GPS + WiFi + Cellular Pink Gold Space Gray Silver,US $74.99/ea,N/A,N/A,N/A,N/A,N/A,N/A,1/27/2025 2:06
Smart Watches,Military Compass Smart Watch Men Screen LED GPS Sport 650mAh Bluetooth Call 2024,$39.99/ea,45 mm,N/A,Unbranded,Military,"Android Wear,Proprietary OS,Android OS,IOS,Wear OS,Color OS,Harmo",RAM <128MB,1/27/2025 2:03
Smart Watches,Google Pixel Watch 2 41mm GPS + WiFi + Bluetooth Gold Black Silver - Good,$89.99/ea,41 mm,N/A,Google,Google Pixel Watch 2,Wear OS,32 GB,1/27/2025 2:04
Smart Watches,ET490 ECG Health Monitoring Women Smart Watch IP68 Waterproof Bluetooth Call SOS,$41.79 ,40 mm,200mAh,Unbranded,ET490,No,128MB,1/27/2025 2:05
Smart Watches,For huawei GT4 PRO Amoled  Screen Android Os Smart Watch,$59.83 ,48 mm,N/A,Huawei,Gt 4 pro,Android Wear,1 GB,1/27/2025 2:05
Smart Watches,Men's ECG Watch Sleep Heart Rate Health Blood Pressure Blood Monitor Smart Watch,US $51.20,N/A,N/A,N/A,N/A,N/A,N/A,1/27/2025 2:03
Smart Watches,Ultra 9 S900 Smartwatch ECG Monitoring 2.2HD Reloj inteligente  nfc,$23.70 ,30 mm,N/A,reloj,smartwat,Android Wear,1 GB,1/27/2025 2:05
Smart Watches,"Google Pixel Watch 2 41mm GPS WiFi Bluetooth Gold, Black, Silver G4TSL",$119.99/ea,41 mm,N/A,Google,Google Pixel Watch 2,Android Wear OS 4,32 GB,1/27/2025 2:05
Smart Watches,NEW Smart Watch W/Camera Bluetooth Phone Mate For Android iOS Samsung iPhone GSM,$13.99 ,One Size,N/A,Unbranded,Padgene DZ09,Android Wear,N/A,1/27/2025 2:05
Smart Watches,2024 New Outdoor Military GPS Smart Watch Men 466*466 HD AMOLED Screen Heart,$42.73 ,36 mm,N/A,watches,watches,N/A,N/A,1/27/2025 2:04
Smart Watches,ECG+PPG Bluetooth Call Smart Watch Laser Health Blood Pressure Fitnes Sports,$24.90/ea,47 mm,N/A,ChiBear,Smart Bracelet,"Apple Watch, OS Android Wear",32 GB,1/27/2025 2:05
Smart Watches,2025 Smart Watch Full Touch Screen AMOLED Bluetooth Call for Women -DT85,$42.30 ,N/A,N/A,Unbranded,Smart Watch,N/A,N/A,1/27/2025 2:06
Smart Watches,"Samsung Galaxy Fit 3 1.6"" AMOLED Display Rubber Strap Smart Wristwatch NEW",$54.99 ,40 mm,N/A,Samsung,Samsung Galaxy Fit 3,Android Wear,2 GB,1/27/2025 2:04
Smart Watches,Smart Watch with Health Monitor and Activity Tracker,$42.45 ,1.32in,N/A,Unbranded,N/A,N/A,N/A,1/27/2025 2:05
Smart Watches,"Smart Watch Women, 1.39"" HD Touchscreen Ladies Watch Round with Phone Function Menstru",$124.91 ,N/A,N/A,N/A,N/A,N/A,N/A,1/27/2025 2:05
Smart Watches,H80 Smart Watch Fitness Tracker Blood Pressure Heart Rate Men Women Sport Watche,$30.99/ea,/,N/A,Unbranded,H80,N/A,N/A,1/27/2025 2:04
Smart Watches,New Health Monitoring ECG Smart Watch with Fitness Tracker,GBP 32.00,N/A,N/A,N/A,N/A,N/A,N/A,1/27/2025 2:04
Smart Watches,"NEW Huawei Watch GT 5 46mm BLACK 1.43"" AMOLED Bluetooth iOS Android Smartwatch",$224.99 ,46 mm,N/A,Huawei,Huawei Watch GT 5,N/A,N/A,1/27/2025 2:05
Smart Watches,"HUAWEI WATCH Ultimate GREEN 1.5"" AMOLED Bluetooth iOS Android Smartwatch NEW",$915.00 ,38 mm,N/A,Huawei,Huawei Watch Ultimate,Watch AppGallery,N/A,1/27/2025 2:05
Smart Watches,"Smartwatch 2024 Men Bluetooth IP68 HD Screen 1,85 Zoll iOS Android NEWâœ…",$154.80 ,"46,99 mm",N/A,Harman-Commerce,H007,N/A,N/A,1/27/2025 2:05
Smart Watches,Samsung Galaxy Watch SM-R800 AMOLED Smartwatch 46mm Stainless Steel - Black SR,$64.95 ,46 mm,N/A,Samsung,Samsung Galaxy Gear,Tizen,4 GB,1/27/2025 2:05
Smart Watches,"2024 Smart Watch For Men/Women, Waterproof Smartwatch Bluetooth iPhone Samsung",$35.99/ea,40 mm,N/A,Willful,N29,Compatible with IOS& Android,128Mb,1/27/2025 2:03
Smart Watches,Suunto 7 GPS Sports Smart Watch Matte Black Titanium,$79.99 ,50 mm,N/A,Suunto,Suunto 7,Wear OS,N/A,1/27/2025 2:04
Smart Watches,"Smart Watches Men,Military Smartwatch Answer/Make Call, 100+ Sport Fitness Watch",$32.99/ea,1.39 Inches,370mAh,IOWODO,Tactical Smart Watch,Android Wear,Flash 128MB,1/27/2025 2:04
Smart Watches,Samsung Galaxy Watch 4 40mm WiFi + LTE 4G UNLOCKED R865 Smart Watch - Good,$59.99/ea,40 mm,N/A,Samsung,Samsung Galaxy Watch4,Wear OS,16 GB,1/27/2025 2:05
Smart Watches,Samsung Galaxy Watch 42mm Rose Gold Stainless Steel Case Pink Classic Buckle,$25.00 ,42 mm,N/A,Samsung,Samsung Galaxy Watch,Tizen,4 GB,1/27/2025 2:04
Smart Watches,Smartwatch Men Women with Phone Function Wristwatch for iPhone Samsung Huawei-,EUR 89.90,N/A,N/A,N/A,N/A,N/A,N/A,1/27/2025 2:06
Smart Watches,Smart Watch Men Women with Phone Function Wristwatch for iPhone Samsung Huawei-,EUR 119.90,N/A,N/A,N/A,N/A,N/A,N/A,1/27/2025 2:05
Smart Watches,"Huawei Watch GT 5 Pro 46mm TITANIUM 1.43"" Bluetooth iOS Android Smartwatch",US $401.99,N/A,N/A,N/A,N/A,N/A,N/A,1/27/2025 2:03
Smart Watches,"2024 Smart Watch For Men/Women, Waterproof Smartwatch Bluetooth iPhone /Android",$36.99 ,1.7 in,N/A,Unbranded,L21 Plus,N/A,N/A,1/27/2025 2:03
Smart Watches,"Military Smartwatch for Men, LED Flashlight, 1.7"" Waterproof Fitness Watch, 600m",$36.57 ,58mm,N/A,Unbranded,Military Smartwatch,N/A,N/A,1/27/2025 2:05
Smart Watches,"1.85"" Ultra HD Smartwatch GPS Bluetooth Call Fitness Tracker Heart Rate Monitor",$29.90/ea,40 mm,N/A,BOALZETD,Alcatel OneTouch Watch,Android Wear,256MB RAM and 256MB ROM,1/27/2025 2:04
Smart Watches,Women's Smartwatch Gift - Touchscreen Heart Rate Fitness Tracker Waterproof,$37.04 ,40 mm,N/A,Unbranded,Women's Smartwatch Gift,N/A,N/A,1/27/2025 2:04
Smart Watches,Smart Watch Women with Phone Function Sport Modes Waterproof Sleep Pedometer,$104.87 ,N/A,N/A,N/A,N/A,N/A,N/A,1/27/2025 2:04
Smart Watches,"Amazfit Neo smart watch orange, retro design fitness braclet",$57.12 ,N/A,N/A,Amazfit,neo retro,N/A,N/A,1/27/2025 2:04
Smart Watches,Multifunctional Touchscreen Smart Watch With Call Function Included,$18.10 ,40 mm,N/A,Unbranded,G20,N/A,N/A,1/27/2025 2:04
Smart Watches,"Njord Gear Indestructible Smartwatch, Rugged Tactical Smartwatch with HeartRate",$9.84 ,5.4 * 4.3 * 1.29cm,N/A,Unbranded,does not apply,N/A,N/A,1/27/2025 2:03
Smart Watches,Smart Watch For iPhone Samsung Blood Oxygen Heart Rate Sleep Monitor Waterproof,$13.29/ea,24 mm,N/A,uten,SVUltra Smart Watch,N/A,N/A,1/27/2025 2:04
Smart Watches,"Brand New Z66 Ultra Smartwatch - BIG 1.93"" Infinite Display",$29.95 ,49 mm,N/A,Unbranded,Z66,Android Wear,N/A,1/27/2025 2:05
Smart Watches,Google Pixel Watch 41mm GPS + WiFi + Bluetooth Silver  Watch - New,$54.99 ,41 mm,N/A,Google,Google Pixel Watch,Wear OS,32 GB,1/27/2025 2:05
Smart Watches,Smart Watch Women Men with Phone Function Wristwatch for iPhone Samsung Huawei-,EUR 89.90,N/A,N/A,N/A,N/A,N/A,N/A,1/27/2025 2:05
Smart Watches,Kids Smartwatch with Phone Function Wristwatch Smart Watch SOS Sim Card Watch,$94.37 ,N/A,N/A,N/A,N/A,N/A,N/A,1/27/2025 2:05
Smart Watches,Smart Watch Women Men with Phone Function Wristwatch for iPhone Samsung Huawei,$104.87 ,N/A,N/A,N/A,N/A,N/A,N/A,1/27/2025 2:05
Smart Watches,Smart Watch Men Women with Phone Function Wristwatch for iPhone Samsung Huawei,$188.84 ,N/A,N/A,N/A,N/A,N/A,N/A,1/27/2025 2:04
Smart Watches,ET490 ECG Health Monitoring Women Smart Watch IP68 Waterproof Bluetooth Call SOS,$41.79 ,40 mm,200mAh,Unbranded,ET490,No,128MB,1/27/2025 2:04
Smart Watches,For huawei GT4 PRO Amoled  Screen Android Os Smart Watch,$59.83 ,48 mm,N/A,Huawei,Gt 4 pro,Android Wear,1 GB,1/27/2025 2:03
Smart Watches,2024 New Outdoor Military GPS Smart Watch Men 466*466 HD AMOLED Screen Heart,US $42.73,N/A,N/A,N/A,N/A,N/A,N/A,1/27/2025 2:05
Smart Watches,Smart Watch Women Men with Phone Function Wristwatch for iPhone Samsung Huawei-,EUR 79.90,N/A,N/A,N/A,N/A,N/A,N/A,1/27/2025 2:04
Smart Watches,ECG+PPG Bluetooth Call Smart Watch Laser Health Blood Pressure Fitnes Sports,$24.90/ea,47 mm,N/A,ChiBear,Smart Bracelet,"Apple Watch, OS Android Wear",32 GB,1/27/2025 2:04
Smart Watches,Elderly Seniors Health Smart Watch Fall Detection Blood pressure Heart Rate New,$82.88 ,39 mm,N/A,HappyGolden,F800,N/A,N/A,1/27/2025 2:05
Smart Watches,"2024 Smart Watch For Men/Women, Waterproof Smartwatch Bluetooth iPhone Samsung",$13.99/ea,44 mm,N/A,Unbranded,Smart Bracelet,Wear OS,1 GB,1/27/2025 2:05
Smart Watches,"Smart Watch 2.64"" Screen Android 11 Dual 5MP Camera 1200mAh Battery Smartwatch",$99.98/ea,2.64 in,N/A,Unbranded,S998,Android 11,3+32GB,1/27/2025 2:05
Smart Watches,"NEW Huawei Watch GT 5 46mm BLACK 1.43"" AMOLED Bluetooth iOS Android Smartwatch",$224.99 ,46 mm,N/A,Huawei,Huawei Watch GT 5,N/A,N/A,1/27/2025 2:05
Smart Watches,"2024 Smart Watch For Men/Women, Waterproof Smartwatch Bluetooth iPhone Samsung",$35.99/ea,40 mm,N/A,Willful,N29,Compatible with IOS& Android,128Mb,1/27/2025 2:04
Smart Watches,"HUAWEI WATCH Ultimate GREEN 1.5"" AMOLED Bluetooth iOS Android Smartwatch NEW",$915.00 ,38 mm,N/A,Huawei,Huawei Watch Ultimate,Watch AppGallery,N/A,1/27/2025 2:03
Smart Watches,Smart Watch Y68 Real Step Count Sports Watch Fashion Fitness Tracker,$20.98 ,N/A,N/A,N/A,N/A,N/A,N/A,1/27/2025 2:04
Smart Watches,"TOZO S5 Smart Watch (Answer/Make Calls), 1.43â€™â€™ AMOLED 100+ Sport  Fitness Watch",$30.00 ,46 mm,N/A,TOZO,TOZO S5,Apple Watch OS,N/A,1/27/2025 2:04
Smart Watches,Samsung Galaxy Watch SM-R800 AMOLED Smartwatch 46mm Stainless Steel - Black SR,$64.95 ,46 mm,N/A,Samsung,Samsung Galaxy Gear,Tizen,4 GB,1/27/2025 2:06
Smart Watches,Samsung Galaxy Gear S SM-R750A Curved Super AMOLED Smart Watch  - Black,$99.95 ,44 mm,N/A,Samsung,Samsung Galaxy Gear,Tizen,N/A,1/27/2025 2:05
Smart Watches,Smart Watch Fitness Tracker Blood Pressure Sport Watches UK Christmas Gift,$18.09 ,44 mm,200mAh,Unbranded,Smart Bracelet,Android Wear,1 GB,1/27/2025 2:05
Smart Watches,Suunto 7 GPS Sports Smart Watch Matte Black Titanium,$79.99 ,50 mm,N/A,Suunto,Suunto 7,Wear OS,N/A,1/27/2025 2:04
Smart Watches,Smartwatch kids with phone function wristwatch SOS for iPhone Samsung Huawei,$136.36 ,N/A,N/A,N/A,N/A,N/A,N/A,1/27/2025 2:05
Smart Watches,Bluetooth Smartwatch Fitness Wristband Fitness Tracker Watch Sports Watch,$10.49 ,N/A,N/A,N/A,N/A,N/A,N/A,1/27/2025 2:05
Smart Watches,Smart Watch Women with Phone Function Wristwatch Waterproof for Android IOS,$136.36 ,N/A,N/A,N/A,N/A,N/A,N/A,1/27/2025 2:03
Smart Watches,Smartwatch Men Women Phone Function Wristwatch Watch for iPhone Samsung Tab,$62.97 ,N/A,N/A,N/A,N/A,N/A,N/A,1/27/2025 2:05
Smart Watches,Smart Watch Heart Rate Blood Oxygen Bluetooth Call Information Push Flashligh,$29.27 ,28 mm,N/A,Unbranded,MING9,N/A,N/A,1/27/2025 2:04
Smart Watches,New Compatible with Samsung Galaxy Watch 6 Classic Smartwatch-AMOLED-NFC-Blue to,$44.94 ,44 mm,N/A,ChiBear,Smart Watches,N/A,N/A,1/27/2025 2:05
Smart Watches,Smart Watch Men Women Smartwatch Blood Pressure Waterproof Digital Watches Sport,$8.68 ,N/A,N/A,N/A,N/A,N/A,N/A,1/27/2025 2:05
Smart Watches,"1.96"" ECG+PPG Heart Rate Blood Pressure Monitor Smartwatch TK12 Bluetooth Call",$64.59 ,39 mm,280mAh,Unbranded,TK12,No,128MB,1/27/2025 2:05
Smart Watches,Motorola Moto Watch 70 - Health And Fitness Smartwatch For Every Day Wear,$52.99 ,22 mm,N/A,Motorola,moto watch 70,N/A,N/A,1/27/2025 2:03
Smart Watches,Google Pixel Watch 41mm GPS + WiFi + Bluetooth Gold Black Silver Watch Very Good,US $54.99/ea,N/A,N/A,N/A,N/A,N/A,N/A,1/27/2025 2:03
Smart Watches,"Amazfit Bip 3 A2172 Black 1.69"" Large Color Display Bluetooth Smartwatch",US $37.77,N/A,N/A,N/A,N/A,N/A,N/A,1/27/2025 2:04
Smart Watches,Smart Watch Round Bluetooth Call Men Women Fitness Tracker Bracelet Custom,$19.09 ,36 mm,N/A,watches,watches,N/A,N/A,1/27/2025 2:05
Smart Watches,Smartwatch kids phone function wristwatch sports watch for iPhone Samsung Huawei-,EUR 69.90,N/A,N/A,N/A,N/A,N/A,N/A,1/27/2025 2:04
Smart Watches,Apple Watch Series 10 GPS + Cellular 46mm Smartwatch Aluminium Case Sport Band,$329.99 ,46 mm,N/A,Apple,Apple Watch Series 10,Apple Watch OS,64GB,1/27/2025 2:04
Smart Watches,Samsung Galaxy Watch Active 2 SM-R830 40mm Aluminum Case with Sport Band,$29.99 ,44 mm,N/A,Samsung,Samsung Galaxy Watch Active 2,Tizen,4 GB,1/27/2025 2:05
Smart Watches,Samsung Galaxy Watch4 44mm R870 GPS - Good,$49.99 ,44mm,N/A,Samsung,Galaxy Watch4,Wear OS,16GB,1/27/2025 2:03
Smart Watches,Smart Watch Men Women with Phone Function Wristwatch Sports Watch for Android IOS,$83.87 ,N/A,N/A,N/A,N/A,N/A,N/A,1/27/2025 2:05
Smart Watches,Smartwatch Men Women with Phone Function Wristwatch Sports Watch iPhone Samsung-,EUR 99.90,N/A,N/A,N/A,N/A,N/A,N/A,1/27/2025 2:04
Smart Watches,Military Smart Watch for Men (Call Receive/Dial) Rugged Tactical Fitness Tracker,$49.99 ,"1.43"" screen",N/A,SGNics,KC86-AP-B,N/A,N/A,1/27/2025 2:05
Smart Watches,Garmin Vivoactive 4 Smartwatch GPS  - Good,US $79.99,N/A,N/A,N/A,N/A,N/A,N/A,1/27/2025 2:04
Smart Watches,Samsung Galaxy Watch4 Classic 46mm R895 GPS + Cellular - Good,$54.99 ,46mm,N/A,Samsung,Galaxy Watch4 Classic,Wear OS,16GB,1/27/2025 2:04
Smart Watches,Smartwatch women with phone function wristwatch watch for iPhone Samsung Huawei,$104.87 ,N/A,N/A,N/A,N/A,N/A,N/A,1/27/2025 2:03
Smart Watches,Smart Watch Men Women with Phone Function Sports Watch Wristwatch for Android IOS,$136.36 ,N/A,N/A,N/A,N/A,N/A,N/A,1/27/2025 2:05
Smart Watches,"Manike E400 Smartwatch - ECG + PPG, Blood Oxygen, IP68, 10 Day Battery, Fitness",$99.09 ,N/A,N/A,N/A,N/A,N/A,N/A,1/27/2025 2:05
Smart Watches,2024 New Blood Pressure Smart Watch Men Military Fitness Tracker Wristwatch,$21.69/ea,52 mm,N/A,Unbranded,Watch,Android Wear,N/A,1/27/2025 2:03
Smart Watches,Fitness Tracker Waterproof Wearable Watch for Support Android 4.4/IOS8.0 and UP,$12.19 ,Other,N/A,Unbranded,Other,N/A,N/A,1/27/2025 2:04
Smart Watches,Apple Watch Series 6 40mm 44mm GPS + WiFi + Bluetooth - All Colors- Good,US $126.99/ea,N/A,N/A,N/A,N/A,N/A,N/A,1/27/2025 2:05
Smart Watches,Apple Watch Series 9 - GPS + GSM Cellular 41mm Smart Watch - Excellent,$264.99 ,41 mm,N/A,Apple,Apple Watch Series 9,Apple Watch OS,64GB,1/27/2025 2:05
Smart Watches,Rizla Cards Silver Short Grey Silver Type B 100 Booklets,$48.29 ,N/A,N/A,N/A,N/A,N/A,N/A,1/27/2025 2:03
Smart Watches,2023 ECG PPG Smart Watches TK22 Bluetooth Blood Pressure Heart Rate Monitor New,$50.34 ,46 mm,N/A,Unbranded,TK22,Android Wear,64MB,1/27/2025 2:05
Smart Watches,"Manike C21 AMOLED Smartwatch - Heart Rate, ECG Analysis, Blood Pressure Measurement",$62.97 ,N/A,N/A,N/A,N/A,N/A,N/A,1/27/2025 2:06
Smart Watches,Smart Watch for Women Men for Android iOS Fitness Tracker w Sleep Tracker,$27.99 ,Does not apply,N/A,POIUZET,Does not apply,Android 4.4or iOS 8.0 and above,N/A,1/27/2025 2:04
Smart Watches,Smart Watch 9 ULTRA SmartWatch 9 Ultra Gen 2 Ultra GREY Watch,$26.23 ,N/A,N/A,N/A,N/A,N/A,N/A,1/27/2025 2:05
Smart Watches,Smart Watch Kids with Phone Function GPS Tracker SOS Wristwatch Waterproof-,EUR 69.90,N/A,N/A,N/A,N/A,N/A,N/A,1/27/2025 2:04
Smart Watches,"Smart Watch Women, 1.39"" HD Touchscreen Ladies Watch Round with Phone Function Menstru",$124.91 ,N/A,N/A,N/A,N/A,N/A,N/A,1/27/2025 2:04
Smart Watches,huawei watch gt 46 mm,$125.96 ,N/A,N/A,N/A,N/A,N/A,N/A,1/27/2025 2:04
Smart Watches,YAMAY Smart Watch for iPhone Android Women Men Heart Rate Montor Fitness Tracker,$13.99 ,44 mm,N/A,Yamay,SW021,SW021,1 GB,1/27/2025 2:05
Smart Watches,2024 Military Smart Watch GPS Sports Fitness Tracker Bluetooth Call Waterproof,$30.89/ea,46.3mm,N/A,Unbranded,Smart Watch,"Android,iOS - Apple",N/A,1/27/2025 2:03
Smart Watches,PineTime Smart Watch,$43.95 ,N/A,N/A,Pine64,N/A,N/A,N/A,1/27/2025 2:04
Smart Watches,"2.04""SMARTWATCH HD SCREEN 4G-64GB Android 8.1 HD Video Call,NFC, Apps,850mAm,USA",$85.00 ,51.8 MM,N/A,Unbranded,31B,Android Wear,64GB,1/27/2025 2:03
Smart Watches,Bluetooth Smartwatch Fitness Wristband Fitness Tracker Watch Sports Watch,$10.49 ,N/A,N/A,N/A,N/A,N/A,N/A,1/27/2025 2:05
Smart Watches,EIGIIS KE3 Smart Watch 3ATM Waterproof Original Design For Men Bluetooth Call,$34.50 ,36 mm,N/A,watches,watches,N/A,N/A,1/27/2025 2:05
Smart Watches,2023 Ladies Heart Rate Blood Pressure Monitor SmartWatch Woman Waterproof H8Plus,$45.59 ,27 mm,140mAh,Unbranded,H8 Plus,Android Wear,64MB,1/27/2025 2:03
Smart Watches,Smart Watch Women with Phone Function Wristwatch Watch for iPhone Samsung Huawei,$94.37 ,N/A,N/A,N/A,N/A,N/A,N/A,1/27/2025 2:04
Smart Watches,Smart Watch with TWS Earbuds Men Smartwatch 2 in1 Wireless Headset for Mobile Phone,$51.41 ,N/A,N/A,N/A,N/A,N/A,N/A,1/27/2025 2:05
Smart Watches,Used Samsung Galaxy Fit3 R390 Fitness Tracker TrackSleep+over100exercises,$30.00 ,42.9 x 28.8 x 9.9 mm,N/A,Samsung,Galaxy Fit3,Android Wear,256MB,1/27/2025 2:05
Smart Watches,Apple Watch Series 5 40mm Gold Aluminum Case A2094 w/ Pink Sleeve in Box,US $0.99,N/A,N/A,N/A,N/A,N/A,N/A,1/27/2025 2:05
Smart Watches,Samsung Galaxy Watch4 40mm R860 GPS - Good,$49.99 ,40mm,N/A,Samsung,Galaxy Watch4,Wear OS,16GB,1/27/2025 2:05
Smart Watches,"Smartwatch, iOS & Android,Waterproof, Multifunctional Silicone & Stainless Steel",$25.00/ea,40 mm,N/A,Unbranded,Smart Bracelet,N/A,N/A,1/27/2025 2:05
Smart Watches,Smartwatch Women Men with Phone Function Waterproof Sports Watch Fitness Watch,$104.87 ,N/A,N/A,N/A,N/A,N/A,N/A,1/27/2025 2:05
Smart Watches,Smart Watch Men Women with Phone Function Wristwatch Sports Watch for Android IOS,$125.86 ,N/A,N/A,N/A,N/A,N/A,N/A,1/27/2025 2:03
Smart Watches,Samsung Galaxy Watch Sm-r810 42mm Gps 4GB - Very Good,$39.00 ,42 mm,N/A,Samsung,Samsung Galaxy Watch,Android Wear,4 GB,1/27/2025 2:04
Smart Watches,Smart Bracelet Heart Rate Blood Pressure Monitor Pedometer Sport Fitness Tracker,$40.99/ea,Does not apply,N/A,Unbranded,Does not apply,N/A,N/A,1/27/2025 2:03
Smart Watches,made to look new Amazfit GTS 2 mini Smartwatch Women Multiple Sports Health Moni,$29.99 ,1.96 inch,N/A,BOALZETD,Amazfit GTS 2,N/A,N/A,1/27/2025 2:05
Smart Watches,Smartwatch women with phone function wristwatch watch for iPhone Samsung Huawei,$104.87 ,N/A,N/A,N/A,N/A,N/A,N/A,1/27/2025 2:05
Smart Watches,2023 Bluetooth Call Smart Watch Blood Oxygen Heart Rate Blood Pressure Monitor,$43.69 ,49.53 mm,N/A,Unbranded,G102,Android Wear,128 MB,1/27/2025 2:05
Smart Watches,Samsung Galaxy Watch4 Classic 46mm R890 GPS - Very Good,US $59.99,N/A,N/A,N/A,N/A,N/A,N/A,1/27/2025 2:03
Smart Watches,Smart Watch Laser Health Temperature Monitoring Heart Rate Oxygen Blood Pressure,$46.18 ,/,N/A,F100,smart watch,N/A,N/A,1/27/2025 2:05
Smart Watches,Michael Kors Gen 4 Genuine Smart Watch Custom Band MKT5046 NP448,$29.99 ,Dont Know,N/A,Michael Kors,Michael Kors Gen 4,N/A,N/A,1/27/2025 2:05
Smart Watches,"PGD 5G Smart Watch 2.03"" Large AMOLED Screen GPS NFC Wifi SIM HD Dual Camera",$103.00 ,45 mm,N/A,Android,PGD 5G,Android v8.1 OS,16 GB,1/27/2025 2:03
Smart Watches,Elderly Medical Health Smart watch FALL DETECTION SOS Blood pressure/Heart Rate,$83.16/ea,39 mm,N/A,Kawtco,KF800-Pro,N/A,N/A,1/27/2025 2:05
Smart Watches,HT22 Smart Watch IP68 Waterproof LED Flashlight GPS Fitness Track Bluetooth Call,$32.75 ,48.6 mm,450mAh,Unbranded,HT22,No,128MB,1/27/2025 2:04
Smart Watches,Samsung Galaxy Watch Active2 Aluminum 44mm & 40mm Bluetooth R820 & R830,$59.95 ,N/A,N/A,Samsung,Samsung Galaxy Watch Active 2,Android Wear,N/A,1/27/2025 2:03
Smart Watches,Google Pixel Watch 41mm GPS + WiFi + Bluetooth Gold Black Silver Watch -Grade B+,$47.49/ea,41 mm,N/A,Google,Google Pixel Watch,Wear OS,32 GB,1/27/2025 2:05
Smart Watches,"SAMSUNG Galaxy Watch 7 40mm AI Smartwatch , Bluetooth, WiFi *Latin America*",US $169.99,N/A,N/A,N/A,N/A,N/A,N/A,1/27/2025 2:04
Smart Watches,HT22 Smart Watch IP68 Waterproof LED Flashlight GPS Fitness Track Bluetooth Call,$28.49 ,48.6 mm,450mAh,Unbranded,HT22,No,128MB,1/27/2025 2:05
Smart Watches,"Watch, Connected, Smart, 19 Pro Max, 9 Series, Phone, Fitness.",$47.24 ,N/A,N/A,N/A,N/A,N/A,N/A,1/27/2025 2:04
Smart Watches,Smart Watches for Women Compatible with iPhone and Android Phones,$13.99/ea,40 mm,N/A,Unbranded,L2,Compatible with iOS & Android,N/A,1/27/2025 2:05
Smart Watches,Smartwatch women's phone function wristwatch watch for iPhone Samsung Huawei Tab,$62.93 ,N/A,N/A,N/A,N/A,N/A,N/A,1/27/2025 2:05
Smart Watches,Fitbit Versa 3 Smartwatch / Heart Rate / Fitness Watch with 3 Bands,$1.05 ,N/A,N/A,N/A,N/A,N/A,N/A,1/27/2025 2:04
Smart Watches,Smart Watch Bluetooth Call Smartwatch yellow orange black,US $19.99/ea,N/A,N/A,N/A,N/A,N/A,N/A,1/27/2025 2:06
Smart Watches,Smartwatch kids with phone function wristwatch for iPhone Samsung Huawei,$125.86 ,N/A,N/A,N/A,N/A,N/A,N/A,1/27/2025 2:05
Smart Watches,Smartwatch Men's Phone Function Wristwatch Watch for iPhone Samsung Huawei Tab,$73.37 ,N/A,N/A,N/A,N/A,N/A,N/A,1/27/2025 2:05
Smart Watches,Military Smart Watch for Men(Answer/Make Call) Rugged Heart Rate Fitness Tracker,$32.99/ea,Length 54 * width 43 * thickness 12.9mm,380mAh,Unbranded,Smart Watch,Android Wear,RAM 64KB + ROM 128M,1/27/2025 2:03
Smart Watches,Smart Watch Ladies Women with Phone Function Wristwatch for iPhone Samsung Huawei,$83.87 ,N/A,N/A,N/A,N/A,N/A,N/A,1/27/2025 2:05
Smart Watches,Samsung Galaxy Watch 5 44mm GPS + WiFi + Bluetooth R910 Smart Watch - Excellent,$87.99/ea,44 mm,N/A,Samsung,Samsung Galaxy Watch5,Wear OS,16 GB,1/27/2025 2:04
Smart Watches,Smart Watch,AU $30.00,N/A,N/A,N/A,N/A,N/A,N/A,1/27/2025 2:03
Smart Watches,Kids Smart Watch 4G with Phone Function Waterproof 360Â° GPS Tracker Call SOS-,EUR 99.90,N/A,N/A,N/A,N/A,N/A,N/A,1/27/2025 2:05
Smart Watches,Smartwatch Men's Fitness Tracker: Outdoor Sport Waterproof Fitness Watch Orange,$236.16 ,N/A,N/A,N/A,N/A,N/A,N/A,1/27/2025 2:05
Smart Watches,"Smart Watches Men,Military Smartwatch Answer/Make Call, 100+ Sport Fitness Watch",$32.99/ea,1.39 Inches,370mAh,IOWODO,Tactical Smart Watch,Android Wear,Flash 128MB,1/27/2025 2:05
Smart Watches,Smart Watch Band Heart Rate Oxygen Blood Pressure Fitness Tracker Activity Sport,US $19.99/ea,N/A,N/A,N/A,N/A,N/A,N/A,1/27/2025 2:04
Smart Watches,"Military HT17 Smart Watch ,Ip68 Waterproof Smartwatch,HT17 Sport LED Smartwatch",$35.99 ,/,N/A,Unbranded,/,N/A,N/A,1/27/2025 2:04
Smart Watches,Smart Watch Activity Tracker Fitness Watches Heart Rate Sports Men Women Fit-Bit,$17.47 ,12mm,N/A,Unbranded,Smart Bracelet,N/A,N/A,1/27/2025 2:03
Smart Watches,Smart Watch Heart Rate Blood Pressure Sleep Monitoring Waterproof Sports Watch,$38.27 ,44 mm,N/A,Unbranded,MING1,N/A,N/A,1/27/2025 2:05
Smart Watches,Samsung Galaxy Watch 5 40mm GPS + WiFi + Bluetooth R900 Smart Watch - Very Good,$82.99/ea,40 mm,N/A,Samsung,Samsung Galaxy Watch5,Wear OS,16 GB,1/27/2025 2:03
Smart Watches,"Smart Watch Men with Leather Strap, 1.39 inch Military Smart Watch with",$183.68 ,N/A,N/A,N/A,N/A,N/A,N/A,1/27/2025 2:04
Smart Watches,"Mibro Watch A1 Smart Watch 1.28"" HD Screen Health Tracker 5ATM Waterproof Black",US $54.99,N/A,N/A,N/A,N/A,N/A,N/A,1/27/2025 2:04
Smart Watches,Smart Watch Men Women with Phone Function Wristwatch Sports Watch for Android IOS,$125.86 ,N/A,N/A,N/A,N/A,N/A,N/A,1/27/2025 2:03
Smart Watches,Smart Watch Full Touch Screen AMOLED Fitness Watch Bluetooth Call-NEW,AU $69.99,N/A,N/A,N/A,N/A,N/A,N/A,1/27/2025 2:03
Smart Watches,"Smart Watch For Men/Women, Waterproof Smartwatch Bluetooth For iPhone Samsung",$24.99/ea,22 mm,N/A,Unbranded,P5,Android Wear,N/A,1/27/2025 2:06
Smart Watches,"Manike G96 Smart Watch - 1.85"" Display, Fitness Tracking, IP68 Waterproof-",EUR 69.99,N/A,N/A,N/A,N/A,N/A,N/A,1/27/2025 2:04
Smart Watches,Timex iQ+ Move Metro 42mm Leather Strap Activity Tracker Smart Watch,US $59.95,42 mm,N/A,Timex,"TW2P92400, Metropolitan",N/A,N/A,1/27/2025 2:04
Smart Watches,Samsung Galaxy Watch6 Classic 47mm R965N GPS + Cellular - Excellent,$129.99 ,47mm,N/A,Samsung,Galaxy Watch6,Wear OS,16GB,1/27/2025 2:05
Smart Watches,Samsung Galaxy Watch 6 Classic 47mm R960 Bluetooth - Flawless Condition,US $129.99,N/A,N/A,N/A,N/A,N/A,N/A,1/27/2025 2:04
Smart Watches,Smartwatch,$23.08 ,N/A,N/A,N/A,I8,N/A,N/A,1/27/2025 2:04
Smart Watches,Military Smart Watch for Men(Answer/Make Calls) Rugged Tactical Fitness Tracker,$29.99/ea,length 54*width 43*thickness 12.9mm,380mAh,Unbranded,C20 Pro Smart Bracelet,Android Wear,RAM 64KB + ROM 128M,1/27/2025 2:05
Smart Watches,Samsung Galaxy Watch4 40mm R860 GPS - Excellent,$69.99 ,40mm,N/A,Samsung,Galaxy Watch4,Wear OS,16GB,1/27/2025 2:04
Smart Watches,Samsung Galaxy Watch4 44mm R875 GPS + Cellular - Good,$54.99 ,44mm,N/A,Samsung,Galaxy Watch4,Wear OS,16GB,1/27/2025 2:05
Smart Watches,Smartwatch women's men with phone function wristwatch for iPhone Samsung Huawei,$94.37 ,N/A,N/A,N/A,N/A,N/A,N/A,1/27/2025 2:06
Smart Watches,HR73E Smartwatch,US $65.00,N/A,N/A,N/A,N/A,N/A,N/A,1/27/2025 2:05
Smart Watches,"Motorola Moto Watch 70 Health & Fitness Tracker Smartwatch, 43mm - Black",$59.99 ,43mm,N/A,Motorola,MOSWZ70-PB,N/A,N/A,1/27/2025 2:05
Smart Watches,Citizen CZ Smart Touchscreen Blue Silicone Smart Watch 44MM MX1018-06X,$129.99 ,44 mm,N/A,Citizen,MX1018-06X,N/A,N/A,1/27/2025 2:05
Smart Watches,"Smart Watch for Android and iOS, Blood Pressure Monitor, Heart Rate Monitor, Sle",$17.95 ,0,N/A,Unbranded,Smart Watch,N/A,N/A,1/27/2025 2:04
Smart Watches,NEW HUAWEI WATCH 4 Pro AMOLED 5 ATM Bluetooth iOS Android Smartwatch,$488.99 ,38 mm,N/A,Huawei,HUAWEI WATCH 4 Pro,AppGallery,Does Not Apply,1/27/2025 2:03
Smart Watches,For Apple Watch Series 8 45 mm GPS- Read description,$76.77 ,45 mm,N/A,Apple,Apple Watch Series 8,N/A,N/A,1/27/2025 2:06
Smart Watches,MT3 Music Smart Watch 8GB Memory Bletooth Call IP67 Waterproof Fitness Tracker,$52.24 ,47,260mAh,Unbranded,MT3,Android Wear,8 GB,1/27/2025 2:05
Smart Watches,Smart Watch Men Women with Phone Function Always On Display for Android IOS,$115.36 ,N/A,N/A,N/A,N/A,N/A,N/A,1/27/2025 2:03
Smart Watches,Unlimited Coverage Nemo Watch â€“ IoT Pentesting Watch | Portable Pentesting & IoT,US $54.99,N/A,N/A,N/A,N/A,N/A,N/A,1/27/2025 2:06
Smart Watches,"Carbinox Vesta Smart Watch (answer/make Calls), Rugged Fitness Tracker",US $53.99,N/A,N/A,N/A,N/A,N/A,N/A,1/27/2025 2:05
Smart Watches,New Smart Watch For Men Women Gift Full Touch Screen Sports Fitness,$28.00 ,NA,N/A,Unbranded,Smart Watches,N/A,N/A,1/27/2025 2:04
Smart Watches,"Smartwatch Fitness Watch Wristwatch Phone Function Waterproof - 1.39"" Round Touch",$193.95 ,N/A,N/A,N/A,N/A,N/A,N/A,1/27/2025 2:05
Smart Watches,C-20 PRO MILITARY INDESTRUCTIBLE SMARTWATCH 3 IN 1,US $52.99/ea,N/A,N/A,N/A,N/A,N/A,N/A,1/27/2025 2:03
Smart Watches,Withings Steel HR Hybrid Smart Watch/Activity Tracker,US $133.99,N/A,N/A,N/A,N/A,N/A,N/A,1/27/2025 2:05
Smart Watches,Smartwatch (Chinese brand),$20.99 ,N/A,N/A,N/A,N/A,N/A,N/A,1/27/2025 2:04
Smart Watches,Smart Watch Men Women with Phone Function Wristwatch for iPhone Samsung Huawei,$136.36 ,N/A,N/A,N/A,N/A,N/A,N/A,1/27/2025 2:03
Smart Watches,GPS Adventure Smart Watch with Fitness Tracker & Health Monitor,$33.08 ,2.01in,N/A,Unbranded,N/A,N/A,N/A,1/27/2025 2:04
Smart Watches,Samsung Galaxy Watch6 44mm Aluminum Case With Sport Band - Graphite - SEALED!,$149.99 ,44 mm,N/A,Samsung,Samsung Galaxy Watch6,Wear OS,N/A,1/27/2025 2:04
Smart Watches,Samsung Galaxy Watch4 40mm R860 GPS - Very Good,$59.99 ,40mm,N/A,Samsung,Galaxy Watch4,Wear OS,16GB,1/27/2025 2:05
Smart Watches,Samsung Gear Fit2 Pro R365 Fitness Smartwatch Large - Black & Blue NEW,$35.00 ,51 mm,N/A,Samsung,Samsung Gear Fit2 Pro,Tizen,4 GB,1/27/2025 2:04
Smart Watches,TOZO S7 Smart Watch 1.85â€ Touch Screen Dynamic Dials Fitness Watch Sports 100+,$38.99 ,47 mm,N/A,TOZO,S7,N/A,N/A,1/27/2025 2:06
Smart Watches,M7 Smart Watch Sport Heart Rate Blood Pressure Monitor Tracker Bracelet,$7.50 ,/,N/A,Unbranded,/,N/A,N/A,1/27/2025 2:03
Smart Watches,"Waterproof Smartwatch 1.91'' Full Touch, Call, Fitness Tracker, iPhone/Android",$39.00 ,20-15 cm,N/A,Unbranded,Smart Watch,Android Wear,N/A,1/27/2025 2:05
Smart Watches,Samsung titanium watch 3,$40.00 ,45 mm,N/A,Samsung,Samsung Galaxy Watch,N/A,N/A,1/27/2025 2:04
Smart Watches,2024 Smart Watch For Men/Women Waterproof Smartwatch Bluetooth iPhone Samsung,$21.99/ea,43 mm,N/A,Unbranded,HW20,N/A,N/A,1/27/2025 2:05
Smart Watches,"2024 Smart Watch Men/Women, Waterproof Smartwatch Bluetooth for iPhone Samsung",US $29.99/ea,N/A,N/A,N/A,N/A,N/A,N/A,1/27/2025 2:04
Smart Watches,New D18 Smart Watch Men Women Smartwatch Heart Rate Blood Pressure Monitor,US $9.27,N/A,N/A,N/A,N/A,N/A,N/A,1/27/2025 2:03
Smart Watches,2025 Smart Watch For Men/Women Waterproof Smartwatch Bluetooth iPhone Samsung,$29.99/ea,22 mm,N/A,IOWODO,Smart Bracelet,Android /iOS - Apple,64MB,1/27/2025 2:04
Smart Watches,Withings Steel HR Hybrid Smart Watch/Activity Tracker,$133.99 ,40 mm,N/A,Withings,Steel HR,N/A,N/A,1/27/2025 2:05
Smart Watches,1.83'' Sports Smart Watch Fitness Clock Health Monitor Waterproof Smartwatch,$21.49 ,46 mm,N/A,CRTORRS,Smart Bracelet,N/A,N/A,1/27/2025 2:03
Smart Watches,Smart Watch Men Women with Phone Function Wristwatch Sports Watch for Android IOS,$73.43 ,N/A,N/A,N/A,N/A,N/A,N/A,1/27/2025 2:03
Smart Watches,Smart Watch Men Women with Phone Function Wristwatch for iPhone Samsung Huawei-,EUR 129.90,N/A,N/A,N/A,N/A,N/A,N/A,1/27/2025 2:05
Smart Watches,OCB PREMIUM BLACK LONG BLACK KING SIZE CARDS AND PAPER FILTERS 16 BOOKLETS,$28.34 ,N/A,N/A,N/A,N/A,N/A,N/A,1/27/2025 2:06
Smart Watches,smartwatch,$62.98 ,N/A,N/A,N/A,N/A,N/A,N/A,1/27/2025 2:06
Smart Watches,Microwear Series 9 Original W29 Pro Smartwatch,US $35.00,N/A,N/A,N/A,N/A,N/A,N/A,1/27/2025 2:04
Smart Watches,Smartwatch Men's Phone Function Wristwatch Watch for iPhone Samsung Android,$125.86 ,N/A,N/A,N/A,N/A,N/A,N/A,1/27/2025 2:05
Smart Watches,GPS Adventure Smart Watch with Fitness Tracker & Health Monitor,$33.08 ,2.01in,N/A,Unbranded,N/A,N/A,N/A,1/27/2025 2:04
Smart Watches,"Smart Watch for Android and iOS, Blood Pressure Monitor, Heart Rate Monitor, Sle",$17.95 ,0,N/A,Unbranded,Smart Watch,N/A,N/A,1/27/2025 2:05
Smart Watches,M7 Smart Watch Sport Heart Rate Blood Pressure Monitor Tracker Bracelet,$7.50 ,/,N/A,Unbranded,/,N/A,N/A,1/27/2025 2:06
Smart Watches,Smartwatch Display 2.1'' Men Women Pressure Monitor â¤ Health Sport Watch ++,$30.43 ,N/A,N/A,N/A,N/A,N/A,N/A,1/27/2025 2:04
Smart Watches,2024 Smart Watch Android iOS Bluetooth For Men/Women Fitness Watch Waterproof US,$45.99 ,44 mm,N/A,Unbranded,G50,None,N/A,1/27/2025 2:04
Smart Watches,"Motorola Moto Watch 100 GPS Smartwatch for Men & Women, 42mm - Phantom Black-",$77.34 ,42 mm,N/A,Motorola,Motorola Moto Watch 100,Moto Watch OS,N/A,1/27/2025 2:03
Smart Watches,"Brand new Pebble Time Smartwatch 501-00027 Kick Starter Backer series, working!",$79.95 ,40 mm,N/A,Pebble,Pebble Time,Pebble OS,N/A,1/27/2025 2:04
Smart Watches,NEW I1S Smart Watch 4G SIM Card 1.9inch HD Screen with GPS WIFI Dual Camera,US $68.59,N/A,N/A,N/A,N/A,N/A,N/A,1/27/2025 2:04
Smart Watches,Samsung Galaxy Gear S SM-R750A Curved Super AMOLED Smart Watch â€“ Black,$23.00 ,44 mm,N/A,Samsung,Samsung Galaxy Gear,Tizen,N/A,1/27/2025 2:05
Smart Watches,3 x Rizla Silver Short Silver Regular Cards 3x 100 Booklets = 15000 Sheets,$101.82 ,N/A,N/A,N/A,N/A,N/A,N/A,1/27/2025 2:05
Smart Watches,Smartwatch Men's Phone Function Wristwatch Watch for iPhone Samsung Huawei Tab,$115.36 ,N/A,N/A,N/A,N/A,N/A,N/A,1/27/2025 2:05
Smart Watches,Unlimited Coverage Nemo Watch â€“ IoT Pentesting Watch | Portable Pentesting & IoT,$54.99 ,44 mm,N/A,Unlimited Coverage,MultiTester Watch,nemo,2 GB,1/27/2025 2:05
Smart Watches,Apple Watch SE 40mm 44mm GPS + WiFi + Cellular Pink Gold Gray Silver Smart Watch,$104.99/ea,"40mm,44 mm",N/A,Apple,Apple Watch SE,Apple Watch OS,32 GB,1/27/2025 2:05
Smart Watches,NEW CARBINOX Titan Smartwatch,$35.49/ea,45 mm,N/A,Carbinox,Titan,N/A,N/A,1/27/2025 2:04
Smart Watches,Samsung Galaxy Watch 42mm  Bluetooth  Watch Only For Parts,$17.43 ,42 mm,N/A,Samsung,Samsung Galaxy Watch,Galaxy Wearable,N/A,1/27/2025 2:05
Smart Watches,Smart Watch Women with Phone Function AMOLED Sport Modes Waterproof Sleep Tracker,$104.87 ,N/A,N/A,N/A,N/A,N/A,N/A,1/27/2025 2:04
Smart Watches,Smart Watch Men Women with Phone Function Wristwatch Sports Watch for Android IOS,$104.92 ,N/A,N/A,N/A,N/A,N/A,N/A,1/27/2025 2:03
Smart Watches,Smartwatch 2024 HD Fitness Watch Men's with Always-On HD Tracker Watch Sports Watch,$115.36 ,N/A,N/A,N/A,N/A,N/A,N/A,1/27/2025 2:04
Smart Watches,Xiaomi ECG+PPG Bluetooth Call Smart Watch Men,$15.25 ,36 mm,N/A,watches,watches,N/A,N/A,1/27/2025 2:04
Smart Watches,Google Pixel Watch 41mm GPS + WiFi + LTE Unlocked Gold Black Silver Watch - Good,$52.99/ea,41 mm,N/A,Google,Google Pixel Watch,Wear OS,32 GB,1/27/2025 2:03
Smart Watches,iTech Fusion 2 Fashion Smart Watch With Wireless earbuds And Charging System,$45.00 ,20 mm,N/A,iTech,iTech Fusion 2,android & ios compatible,N/A,1/27/2025 2:04
Smart Watches,CUBOT C21 Waterproof Smart Watch Men 1.32 Inch Fitness Tracker Sport Wrist Smart,AU $57.77,N/A,N/A,N/A,N/A,N/A,N/A,1/27/2025 2:06
Smart Watches,Smartwatch Men's Women Phone Function Alexa Fitness Watch for iPhone Samsung Tab,$157.35 ,N/A,N/A,N/A,N/A,N/A,N/A,1/27/2025 2:04
Smart Watches,Smartwatch Smart Wrist Watch Waterproof Pedometer Fitness Tracker SH-,EUR 6.99,N/A,N/A,N/A,N/A,N/A,N/A,1/27/2025 2:05
Smart Watches,Smart Watch Outdoor Men's Bluetooth Call,$52.40 ,44 mm,N/A,Unbranded,you1,N/A,N/A,1/27/2025 2:05
Smart Watches,Samsung Galaxy Watch4 44mm R875 GPS + Cellular - Very Good,$59.99 ,44mm,N/A,Samsung,Galaxy Watch4,Wear OS,16GB,1/27/2025 2:04
Smart Watches,Apple Sport Watch 1st Generation,US $34.99,N/A,N/A,N/A,N/A,N/A,N/A,1/27/2025 2:04
Smart Watches,Smartwatch with Bluetooth Calling  Fitness Tracker  Heart Rate Monitor,$35.00 ,N/A,N/A,Unbranded,N/A,N/A,N/A,1/27/2025 2:03
Smart Watches,L Smart Watch Model E Watch Color Black White,$9.00 ,42 mm,N/A,Unbranded,E,N/A,N/A,1/27/2025 2:04
Smart Watches,New D18 Smart Watch Men Women Smartwatch Heart Rate Blood Pressure Monitor,US $9.27,N/A,N/A,N/A,N/A,N/A,N/A,1/27/2025 2:06
Smart Watches,"Huawei Watch GT 5 Pro 46mm BLACK 1.43"" iOS Android Smartwatch [FREE Earbuds X5]",$349.55 ,46 mm,N/A,Huawei,Huawei Watch GT 5 Pro,N/A,N/A,1/27/2025 2:03
Smart Watches,Zeblaze Health Monitoring Smart Watch & Fitness Tracker,$31.21 ,2.03,N/A,ZEBLAZE,N/A,N/A,N/A,1/27/2025 2:03
Smart Watches,Smart Watch Bluetooth Call Large Screen Heart Rate Pedometer Weather Forecast,C $55.98,N/A,N/A,N/A,N/A,N/A,N/A,1/27/2025 2:04
Smart Watches,Samsung Galaxy Watch 6 Classic 47mm R960 Bluetooth - Excellent,$122.99 ,47 mm,N/A,Samsung,Samsung Galaxy Watch6 Classic,Wear OS,N/A,1/27/2025 2:05
Smart Watches,"CMF by Nothing Watch 2 Pro 1.32"" AMOLED GPS Smartwatch New",$79.95 ,1.3 inch AMOLED display with auto-brightness.,N/A,NOTHING,CMF by Nothing Watch 2 Pro,N/A,N/A,1/27/2025 2:04
Smart Watches,"DM55 Pulse AMOLED touchscreen Smart Watch for Men Women, 1.43""  IP68 Waterproof",US $38.99,N/A,N/A,N/A,N/A,N/A,N/A,1/27/2025 2:05
Smart Watches,KT71 Waterproof Heart Rate Blood Oxygen Sport Message Smart Watch Wristwatch NEW,US $24.99/ea,N/A,N/A,N/A,N/A,N/A,N/A,1/27/2025 2:04
Smart Watches,Samsung Galaxy Watch 6 40mm GPS + WiFi + Bluetooth R930 Smart Watch - Good,US $97.99/ea,N/A,N/A,N/A,N/A,N/A,N/A,1/27/2025 2:04
Smart Watches,Samsung Galaxy Watch 7 40mm WiFi/Bluetooth Aluminum Smartwatch BRAND NEW IN BOX,$215.00/ea,40 mm,N/A,Samsung,Samsung Galaxy Watch 7,Wear OS,32 GB,1/27/2025 2:04
Smart Watches,Bluetooth ID116 Plus Smart Heart Rate Watch Bracelet Fitness Tracker-,EUR 7.99,N/A,N/A,N/A,N/A,N/A,N/A,1/27/2025 2:04
Smart Watches,Samsung Galaxy Gear S SM-R750 Curved Super AMOLED Smart Watch - White,$139.95 ,51 mm,N/A,Samsung,Samsung Gear S,N/A,N/A,1/27/2025 2:05
Smart Watches,Smart Watch Women Men with Phone Function Wristwatch for iPhone Samsung Huawei,$125.86 ,N/A,N/A,N/A,N/A,N/A,N/A,1/27/2025 2:03
Smart Watches,Men Women Smart Watch Fitness Tracker Ladies Watches for Android iPhone Samsung,$13.10 ,44 mm,220mAh,Unbranded,Smart Bracelet,Android Wear,N/A,1/27/2025 2:04
Smart Watches,"GPS Smart Watch 1.45"" HD Display Built-in GPS & Compass Make/Receive Phone Calls",$84.79 ,other,N/A,Unbranded,Smart Watch,N/A,N/A,1/27/2025 2:04
Smart Watches,Samsung Galaxy Watch 4 44mm Aluminum Smartwatch SM-R870 Black - Grade B,$44.99 ,44 mm,N/A,Samsung,Samsung Galaxy Watch4,Wear OS,16 GB,1/27/2025 2:05
Smart Watches,Smartwatch With Accessories New!,$20.99 ,N/A,N/A,N/A,N/A,N/A,N/A,1/27/2025 2:03
Smart Watches,Smartwatch Women Men Phone Function Fitness Watch Wristwatch for Android IOS S6,$125.86 ,N/A,N/A,N/A,N/A,N/A,N/A,1/27/2025 2:04
Smart Watches,Smart Watch Men Women with Phone Function Wristwatch Sports Watch for Android IOS,$99.62 ,N/A,N/A,N/A,N/A,N/A,N/A,1/27/2025 2:04
Smart Watches,Kids GPS Smart Watch Smart Watch Phone With GPS Tracker SOS Mobile Emergency,$83.87 ,N/A,N/A,Does not apply,N/A,N/A,N/A,1/27/2025 2:05
Smart Watches,2021 Bluetooth Smart Watch Phone Mate-GSM SIM for Phone,$13.74 ,N/A,N/A,N/A,N/A,N/A,N/A,1/27/2025 2:04
Smart Watches,HT22 Smart Watch IP68 Waterproof LED Flashlight GPS Fitness Track Bluetooth New,$33.24 ,48.6 mm,450mAh,Unbranded,HT22,No,128MB,1/27/2025 2:05
Smart Watches,"Motorola Moto 360 3rd Gen 8GB 1.19"" TouchScreen Smartwatch - Rose Gold",$99.99 ,43 mm,N/A,Motorola,Motorola Moto 360 (3rd Generation),Wear OS,8 GB,1/27/2025 2:04
Smart Watches,"Smart Watch Men's Metal Band, 1.43'' AMOLED Military Smart Watch Phone Function",$117.13 ,N/A,N/A,N/A,N/A,N/A,N/A,1/27/2025 2:04
Smart Watches,Apple Watch S1 Series 1 38mm Sil Al White Sp - With Original Box - See Details,$0.99 ,38 mm,N/A,Apple,Apple Watch S1 Series 1,N/A,N/A,1/27/2025 2:06
Smart Watches,Kids Tracker Smart Watch Phone Alarm Camera GPS SOS Call Girls Boys Gift,$16.22 ,35 mm,N/A,Unbranded,Q19,N/A,N/A,1/27/2025 2:05
Smart Watches,M6 Smart Band Bracelet Smart watch Intelligent reminder Long battery life,AU $28.06,N/A,N/A,N/A,N/A,N/A,N/A,1/27/2025 2:04
Smart Watches,Xiaomi GPS Locator AirTag Mi Tracker New Original Packaging Bluetooth IfindU App Mobile Phone,$6.08 ,N/A,N/A,N/A,N/A,N/A,N/A,1/27/2025 2:05
Smart Watches,Samsung Galaxy Watch4 Classic SM-R890 46mm Stainless Steel Case - Black,US $47.99,46 mm,N/A,Samsung,Samsung Galaxy Watch4 Classic,Wear OS,16 GB,1/27/2025 2:03
Smart Watches,Smart Watches for Men Women Bluetooth Heart Rate Monitor Activity Tracker Watch,$25.99/ea,44.7*37.8*12.7mm,N/A,Unbranded,Smart Bracelet,Android Wear,N/A,1/27/2025 2:03
Smart Watches,Smart Watch Women Men Bluetooth Call Voice Assistant Message Push Blood,US $30.76,N/A,N/A,N/A,N/A,N/A,N/A,1/27/2025 2:03
Smart Watches,Smartwatch Men's with Phone Function Wristwatch Sports Watch Gym For iOS Android,$104.87 ,N/A,N/A,N/A,N/A,N/A,N/A,1/27/2025 2:06
Smart Watches,Smart Watch Men Women with Phone Function Wristwatch Sports Watch for Android IOS,$78.68 ,N/A,N/A,N/A,N/A,N/A,N/A,1/27/2025 2:05
Smart Watches,2024 New Blood Pressure Smart Watch Men Military Fitness Tracker Wristwatch,$49.99 ,"1.43"" screen",N/A,SGNics,KC86-AP-B,N/A,N/A,1/27/2025 2:04
Smart Watches,Bluetooth Call Smart Watch IP67 Waterproof Phone Mate For Android Samsung iPhone,$29.99 ,22 mm,300mAh,IOWODO,Smart Watches,Android Wear,1 GB,1/27/2025 2:03
Smart Watches,Samsung Galaxy Watch5 40mm R900N GPS - Good,US $69.99,N/A,N/A,N/A,N/A,N/A,N/A,1/27/2025 2:04
Smart Watches,Smart Watch Men Women with Phone Function Wristwatch Sports Watch for Android IOS,$110.11 ,N/A,N/A,N/A,N/A,N/A,N/A,1/27/2025 2:05
Smart Watches,Smartwatch Men's Phone Function Wristwatch Watch for iPhone Samsung Huawei Tab,$115.36 ,N/A,N/A,N/A,N/A,N/A,N/A,1/27/2025 2:06
Smart Watches,Fitness Smart Watch Activity Tracker Heart Rate For Women Men Oxygen BP Monitor,US $7.48,N/A,N/A,N/A,N/A,N/A,N/A,1/27/2025 2:05
Smart Watches,Smart Watch Kids Phone Function GPS Tracker SOS Wrist Watch For iPhone Samsung,$52.38 ,N/A,N/A,N/A,N/A,N/A,N/A,1/27/2025 2:04
Smart Watches,2 in 1 Smart Watch w/ TWS Earbuds Bluetooth Wireless Headset For iOS Android AUS,$36.49/ea,As shown,N/A,Unbranded,/,N/A,N/A,1/27/2025 2:04
Smart Watches,Bluetooth Calling Smart Watch Sports Watch Men Health Heart Rate Fitness Tracker,$16.34/ea,260*44*12MM (LWH),N/A,Universal,E400,N/A,N/A,1/27/2025 2:03
Smart Watches,Waterproof Smart Watch Blood Oxygen Heart Rate Monitor Sports Fitness Tracker,$24.99/ea,44.5(L)*38(W)*11(H)mm,N/A,Unbranded,Smart Bracelet,Android Wear,RAM 512KB+ROM 64KB+Flash 64Mb,1/27/2025 2:06
Smart Watches,Hero Band III Smartwatch Fitness Watch Wristwatch Tracker Touch Screen Bluetooth,$20.94 ,N/A,N/A,N/A,N/A,N/A,N/A,1/27/2025 2:03
Smart Watches,Smart Watch Men Women with Phone Function Wristwatch Sports Watch for Android IOS,$78.68 ,N/A,N/A,N/A,N/A,N/A,N/A,1/27/2025 2:05
Smart Watches,Smartwatch men with phone function wristwatch watch for iPhone Samsung Xiaomi-,EUR 129.90,N/A,N/A,N/A,N/A,N/A,N/A,1/27/2025 2:05
Smart Watches,Neo Active smartwatch,$5.25 ,N/A,N/A,N/A,N/A,N/A,N/A,1/27/2025 2:04
Smart Watches,Apple Watch Series 5 40mm/44mm GPS+ WIFI + LTE UNLOCKED Gold Gray Silver - Good,$118.99 ,"40mm,44mm",N/A,Apple,Apple Watch Series 5,Apple Watch OS,32 GB,1/27/2025 2:03
Smart Watches,"Noise Pulse 2 Max 4.69 cm (1.85 inch) Display, Bluetooth Calling Smart Watch",$51.01 ,4.69 cm,N/A,Noise,Pulse 2 Max,N/A,N/A,1/27/2025 2:04
Smart Watches,Fitness Smart Watch Activity Tracker Heart Rate For Women Men Oxygen Monitor lot,$7.85 ,N/A,N/A,Unbranded,N/A,N/A,N/A,1/27/2025 2:03
Smart Watches,X2800 Full Netcom 4G Android Smart Watch WIFI positioning GPS dual camera heart,$248.88/ea,52 mm,N/A,feimiaomilei,X2800,android,64,1/27/2025 2:04
Smart Watches,Smartwatch Women Men with Phone Function Wristwatch Sport Watch Elegant Sport,$73.37 ,N/A,N/A,N/A,N/A,N/A,N/A,1/27/2025 2:05
Smart Watches,Fitbit Charge 3 Fitness Activity Tracker Heart Rate Monitor Smartwatch more colo,$56.99 ,N/A,N/A,Fitbit,Fitbit Charge 3,N/A,N/A,1/27/2025 2:03
Smart Watches,"Samsung Galaxy Watch 4 Classic,  42mm / 46mm | LTE/WIFI | All colors 8/10",US $60.00/ea,N/A,N/A,N/A,N/A,N/A,N/A,1/27/2025 2:04
Smart Watches,"Smart Watch 1.85"" HD Smartwatch for Men Women (Answer/Make Calls) Fitness Watch",$16.49 ,Does not apply,N/A,Jacoosa,Does not apply,N/A,N/A,1/27/2025 2:03
Smart Watches,Military Smart Watch for Men(Answer /Make Calls) Rugged Tactical Fitness Tracker,$39.99/ea,1.39 Inches,400mAh,Unbranded,Smart Bracelet,Android Wear,Flash 128MB,1/27/2025 2:04
Smart Watches,Smart Bracelet Watch Step Counter,$3.25/ea,50 mm,N/A,Unbranded,Smart Bracelet,N/A,N/A,1/27/2025 2:03
Smart Watches,Samsung Galaxy Watch 4 40mm Aluminum Smartwatch SM-R860 Silver - Very Good,$64.99/ea,40 mm,N/A,Samsung,Samsung Galaxy Watch4,Wear OS,16 GB,1/27/2025 2:04
Smart Watches,Smartwatch women's men with phone function wristwatch for iPhone Samsung Huawei-,EUR 59.90,N/A,N/A,N/A,N/A,N/A,N/A,1/27/2025 2:04
Smart Watches,New 2-in-1 Health Monitoring Smartwatch with Ear Buds & Fitness Tracker,$39.95 ,2.0in,N/A,Unbranded,N/A,N/A,N/A,1/27/2025 2:04
Smart Watches,Smartwatch Men Women Bluetooth Waterproof Sports Watch Fitness Watch Pedometer,$136.41 ,N/A,N/A,N/A,N/A,N/A,N/A,1/27/2025 2:05
Smart Watches,Bluetooth Smartwatch Wrist Smart Phone with SIM SD Card  Sports Fitness Tracker,US $15.90,N/A,N/A,N/A,N/A,N/A,N/A,1/27/2025 2:05
Smart Watches,Smart Watch Fitness Tracker Waterproof Compatible with Samsung Galaxy Phones,$79.99/ea,1.69 inch,N/A,Unbranded,Q23,N/A,N/A,1/27/2025 2:03
Smart Watches,"Redmi Watch 3 Active (Global): 1.83"" LCD, 289mAh, Blood Oxygen, Bluetooth Calls",$49.99 ,Does not apply,N/A,Ossethtradingnservices,Does not apply,N/A,N/A,1/27/2025 2:06
Smart Watches,Smartwatch Women Men with Phone Function Sports Watch Wristwatch for Android IOS,$167.85 ,N/A,N/A,N/A,N/A,N/A,N/A,1/27/2025 2:04
Smart Watches,Samsung Galaxy Watch4 Classic 46mm R895 GPS + Cellular - Excellent,$69.99 ,46mm,N/A,Samsung,Galaxy Watch4 Classic,Wear OS,16GB,1/27/2025 2:04
Smart Watches,Smart Watch Heart Rate Blood Pressure Oxygen Sport Tracker Touch Screen Bracelet,$28.99/ea,45 mm,N/A,AICase,Smart Watch,Android Wear,64Mb,1/27/2025 2:05
Smart Watches,1.83'' Waterproof Smart Watch with Message Answer Call Sleep Monitoring Sports,$41.91 ,N/A,N/A,N/A,N/A,N/A,N/A,1/27/2025 2:06
Smart Watches,Apple Watch Series 4 44mm (GPS + Cellular) Silver Aluminum Case w/ Amband,$29.00 ,44 mm,N/A,Apple,Apple Watch Series 4,WatchOS,16GB,1/27/2025 2:04
Smart Watches,Smart Watch Women Men with Phone Function Wristwatch for iPhone Samsung Huawei,$83.87 ,N/A,N/A,N/A,N/A,N/A,N/A,1/27/2025 2:04
Smart Watches,Samsung Galaxy Watch4 44mm (LTE) *PLEASE READ* Aluminum Smartwatch 44mm Black,US $0.99,N/A,N/A,N/A,N/A,N/A,N/A,1/27/2025 2:05
Smart Watches,2024 Smartwatch Men's Fitness Watch Always-On Display Sports Watch HD Digital Display,$99.62 ,N/A,N/A,N/A,N/A,N/A,N/A,1/27/2025 2:05
