Title,Price,RAM,CPU,Model,Brand,GPU,Screen Size,Storage,Collection Date
Asus Chromebook C302C FlipM76y75,92.22,16.0,Core i7,Asus Chromebook C302C FlipM76y75,,Unknown Graphics,15.0,512.0,2025-02-02 16:59:43
.6Dell Latitude3190 Pentium NVMEComputer,94.99,8.0,Unknown CPU,Dell Latitude 3190,Dell,IntelÂ® UHD Graphics 605,11.6,256.0,2025-02-02 16:59:57
Lenovo 300e .62inCeleron dows 10,99.5,4.0,Unknown CPU,Lenovo 300e 2nd Gen,Lenovo,Intel UHD Graphics 600,11.6,64.0,2025-02-02 17:00:26
Dell Latitude 7490 14 8250U dows,99.99,16.0,Core i5,Latitude,Dell,Unknown Graphics,14.0,128.0,2025-02-02 17:00:12
Lenovo Slim 14Chromebook Mediatek ARMStorage82XJ002DUS,99.99,4.0,Unknown CPU,Lenovo IP Slim 3 Chrome 14M868,Lenovo,ARM Mali-G52,14.0,64.0,2025-02-02 17:00:03
HP Chromebook 13 G1M7,102.58,16.0,core i5,HP Chromebook 13 G1M7,,Unknown Graphics,15.0,512.0,2025-02-02 16:59:47
Dell Latitude 3310Computer dows 10 Celeron,103.33,8.0,Unknown CPU,Dell Latitude 3310,HP,Intel HD Graphics 520,13.3,128.0,2025-02-02 17:00:13
ASUS CX1500CKANanoEdgeN4500 Military Grade Chromebook,109.0,8.0,Unknown CPU,CX1500CKA-WB84F,ASUS,Intel UHD Graphics,15.6,64.0,2025-02-02 17:00:22
Lenovo Yoga e.6 Pentium dows 10,109.45,4.0,Unknown CPU,Lenovo ThinkPad Yoga 11e 5th Gen,Lenovo,Intel HD Graphics 620,11.6,256.0,2025-02-02 17:00:17
CHUWI14.1 Celeron 2.8GH Memory HDMI,114.99,6.0,Unknown CPU,HeroBook Pro,CHUWI,Intel UHD Graphics 600,14.1,128.0,2025-02-02 16:59:56
Dell Latitude Computer HDi3 dows,119.4,16.0,Core i3,Dell Latitude 3310,Dell,Intel HD Graphics 520,13.3,128.0,2025-02-02 17:00:20
HP Book X360G2 .6 dows 10,119.4,8.0,Core i5,HP ProBook X360 11 G2 EE,HP,Intel UHD Graphics,11.6,128.0,2025-02-02 17:00:09
Dell LATITUDE 54008365U 16128dowsHome,119.99,16.0,Core i5,Dell Latitude 5400,Dell,Unknown Graphics,14.0,128.0,2025-02-02 16:59:54
2025 Ultra R7 4700U/R5 4500U Backlitdows 36,120.0,16.0,Ryzen 7,2025 Ultra,AMD,Unknown Graphics,14.0,512.0,2025-02-02 16:59:56
Acer Chromebook Spin 511 | N4100 Touch+ Chrome OS #,123.31,16.0,Ryzen 7,Acer Chromebook Spin 511 | N4100 Touch+ Chrome OS #,,Unknown Graphics,15.0,512.0,2025-02-02 17:00:30
HP EliteBook 8470p3230M,123.94,8.0,core i5,HP EliteBook 8470P,Intel,Unknown Graphics,14.1,512.0,2025-02-02 17:00:03
Dell Latitude E5520,124.34,16.0,Unknown CPU,Dell Latitude E5520,,Unknown Graphics,15.0,512.0,2025-02-02 16:59:42
Dell Latitude 5480 7300u WiFi 14 10,129.99,8.0,Core i5,Dell Latitude 5480,Dell,Intel HD Graphics,14.0,256.0,2025-02-02 17:00:11
CHUWI 14.1''Celeron Memory Natural,129.99,16.0,Core i5,CHUWI 14.1''Celeron Memory Natural,,Unknown Graphics,15.0,512.0,2025-02-02 17:00:01
HP EliteBook Revolve 810 G3 .6TOUCH10,129.99,8.0,core i5,HP Revolve 810 G3,HP,Unknown Graphics,11.6,512.0,2025-02-02 16:59:57
Dell Inspiron 35931035G1 Pro Cord,130.0,16.0,Core i3,Dell Inspiron 35931035G1 Pro Cord,,Unknown Graphics,15.0,512.0,2025-02-02 17:00:04
Dell Latitude 3310 Computeri3 dows,133.09,8.0,Core i3,Dell Latitude 3310,Dell,Intel UHD Graphics,13.3,128.0,2025-02-02 17:00:01
CHUWI 14.1''ComputerdowsHome HD,134.99,8.0,Unknown CPU,CHUWI Herobook Pro,Chuwi,"Intel UHD Graphics 600, 650MHz",15.0,128.0,2025-02-02 16:59:51
Microsoft Surface12.3 10 w/Pen & Case,137.54,512.0,Unknown CPU,Microsoft Surface Pro,Microsoft,Unknown Graphics,12.3,512.0,2025-02-02 17:00:29
DelldowsLatitude 5470,139.0,8.0,Core i5,Dell Latitude E5470,Dell,Intel HD Graphics,14.1,256.0,2025-02-02 17:00:30
HP X360G5 Pentiumdows 10,139.66,8.0,Unknown CPU,HP ProBook X360 11 G5 EE,HP,Intel UHD Graphics 605,11.6,128.0,2025-02-02 16:59:46
Dell Latitude 13Computer dows 10,139.89,8.0,Core i5,Dell Latitude 3340,Dell,Intel HD Graphics 4400,13.3,512.0,2025-02-02 17:00:09
~CLEARANCE14Dell Latitude !,139.95,8.0,Core i5,Dell Latitude E6230,Dell,Intel HD Graphics,12.5,256.0,2025-02-02 17:00:21
Dell Latitude Memory 10,139.99,8.0,Core i5,Dell Latitude 5250,Dell,Intel HD Graphics 5500,12.5,256.0,2025-02-02 17:00:00
Dell Latitude 7480 14 7300U 10,139.99,8.0,Core i5,Dell Latitude 7480,Dell,Intel HD Graphics,14.0,256.0,2025-02-02 17:00:06
~OVERSTOCK SALE14HP EliteBook 10,144.95,8.0,Core i5,HP EliteBook 8460P,HP,Intel HD Graphics,14.0,512.0,2025-02-02 16:59:45
~CD/DVD Drive14Dell Latitude!,144.95,16.0,Core i5,Dell Latitude E6420,Dell,Intel HD Graphics,14.0,512.0,2025-02-02 17:00:18
Lenovo Ideapad Blue Broken Hinge Left + Screen Faulty,145.0,16.0,Core i7,Lenovo Ideapad Blue Broken Hinge Left + Screen Faulty,,Unknown Graphics,15.0,512.0,2025-02-02 17:00:28
DELL LATITUDE E7470 14DOWS 10,146.6,8.0,Core i7,Dell Latitude E7470,Dell,Intel HD Graphics 520,14.0,128.0,2025-02-02 17:00:17
HP Book X360G5 2in .6dows 10 Pentium,149.26,16.0,Ryzen 7,HP Book X360G5 2in .6dows 10 Pentium,,Unknown Graphics,15.0,512.0,2025-02-02 17:00:23
Dell Latitude dows 10 !,149.95,8.0,Core i7,Dell Latitude E6330,Dell,Intel HD Graphics,13.3,256.0,2025-02-02 16:59:54
Chromebook Lenovo IdeaPad 15'' 82N4002SUS,149.99,4.0,Unknown CPU,Lenovo IdeaPad 3 Chromebook,Lenovo,Intel UHD Graphics,15.6,128.0,2025-02-02 17:00:26
Chromebook Lenovo IdeaPad 15'' 82N4002SUS,149.99,16.0,Unknown CPU,Chromebook Lenovo IdeaPad 15'' 82N4002SUS,,Unknown Graphics,15.0,512.0,2025-02-02 16:59:53
Lenovo inkPad 14dows 10 HDMI,152.62,8.0,Core i5,Lenovo ThinkPad T470,Lenovo,Intel HD Graphics 620,14.0,256.0,2025-02-02 17:00:22
Panasonic CFXZ6 Let'Note 7300U2in1 64Bit From Japan,155.0,256.0,Core i5,Panasonic CFXZ6 Let'Note 7300U2in1 64Bit From Japan,Panasonic,Unknown Graphics,12.0,256.0,2025-02-02 17:00:13
Lenovo IdeaPad V33015IKBi38130U10,155.33,16.0,Core i7,Lenovo IdeaPad V33015IKBi38130U10,,Unknown Graphics,15.0,512.0,2025-02-02 16:59:58
HP Pavilion 15N274NFA10Disk,155.43,16.0,Unknown CPU,HP Pavilion 15N274NFA10Disk,,Unknown Graphics,15.0,512.0,2025-02-02 17:00:23
HP 14dq0734ds 14HD TouchPentiumN5030 S,157.0,4.0,Unknown CPU,14-dq0734ds,HP,Intel UHD Graphics,14.0,128.0,2025-02-02 17:00:02
Dell Latitude 7400 148th(SD),157.45,16.0,Core i5,Dell Latitude 7400 148th(SD),,Unknown Graphics,15.0,512.0,2025-02-02 17:00:29
Dell Latitude 7400 148th(SD),157.45,8.0,Core i5,Dell Latitude 7400,Dell,Intel UHD Graphics 620,14.0,256.0,2025-02-02 17:01:28
LinuxMacbook Air Manjaro Linux 13inch,158.0,4.0,Unknown CPU,Macbook Air MC965J/A,Apple,Intel HD Graphics 3000,13.0,128.0,2025-02-02 16:59:55
FujitsuU7498G14 TOUCH+ 2x BAT INCLD!,158.1,8.0,Core i5,Fujitsu Lifebook U749,Fujitsu,Intel UHD Graphics 620,14.0,256.0,2025-02-02 16:59:46
DellLatitude 73008thHDdowsHDMI,159.0,8.0,Core i7,Dell Latitude 7300,Dell,Intel UHD Graphics,13.3,256.0,2025-02-02 17:00:10
Dell Latitude 12.5HD dows 10,159.21,8.0,Core i5,Dell Latitude E7270,Dell,Intel HD Graphics 520,12.5,512.0,2025-02-02 17:00:08
HPComputer EliteBook 840 G3 14dows 10,159.21,16.0,Unknown CPU,HPComputer EliteBook 840 G3 14dows 10,,Unknown Graphics,15.0,512.0,2025-02-02 17:00:19
14Dell Latitude E5420Dual dows 10,159.95,16.0,Core i5,Dell Latitude E5420,Dell,Intel HD Graphics,14.0,512.0,2025-02-02 17:00:27
14Dell Latitude ~ dows 10!,159.95,16.0,Ryzen 5,14Dell Latitude ~ dows 10!,,Unknown Graphics,15.0,512.0,2025-02-02 16:59:56
~OVERSTOCK SALE14HP EliteBook 10,159.95,16.0,Core i5,~OVERSTOCK SALE14HP EliteBook 10,,Unknown Graphics,15.0,512.0,2025-02-02 17:00:03
~ClearanceDELL Latitude ~ dows 10,159.99,16.0,Core i7,~ClearanceDELL Latitude ~ dows 10,,Unknown Graphics,15.0,512.0,2025-02-02 17:00:14
Dell Latitude 5480 14s 7300U dowsNVidia,159.99,16.0,Core i5,Dell Latitude 5480,Dell,NVIDIA GeForce 930MX,14.0,256.0,2025-02-02 17:00:18
Dell Latitude 7400 148th (AB),161.95,16.0,Core i5,Dell Latitude 7400,Dell,Intel UHD Graphics 620,14.0,256.0,2025-02-02 16:59:44
Lenovo inkPadCD/DVD Drive !,164.95,8.0,Core i5,Lenovo Thinkpad E550,Lenovo,Intel HD Graphics,15.6,256.0,2025-02-02 17:00:28
Lenovo IdeaPad 1i 14HD N4020Blue,164.99,4.0,Unknown CPU,Lenovo Ideapad 1i,Lenovo,Intel UHD Graphics,14.0,128.0,2025-02-02 16:59:54
HP Book 650 G2i3 6100u,169.0,16.0,Core i3,HP ProBook,HP,Intel HD Graphics,15.6,512.0,2025-02-02 16:59:46
Lenovo inkPad L560 HD dows 10,169.16,8.0,Core i5,Lenovo ThinkPad L560,Lenovo,Intel HD Graphics 520,15.6,256.0,2025-02-02 17:00:13
Dell Latitude 7410 14 w 10310U@/ /,169.99,16.0,Unknown CPU,Dell Latitude 7410 14 w 10310U@/ /,Dell,Unknown Graphics,14.0,512.0,2025-02-02 16:59:52
Dell Latitude 5490 8250U14M.dows,169.99,16.0,Core i7,Dell Latitude 5490 8250U14M.dows,,Unknown Graphics,15.0,512.0,2025-02-02 17:00:29
Acer Aspire A11532C1DF Celeron N4500 dows,172.96,4.0,Unknown CPU,Acer Aspire 1 A115-32-C1DF,Acer,Integrated,15.6,64.0,2025-02-02 17:00:29
~CLEARANCE SALEHP Book!,174.95,8.0,Core i5,HP ProBook,HP,Intel HD Graphics,15.6,256.0,2025-02-02 17:00:23
14Lenovo inkPad~ dows 10CD/DVD!,174.95,16.0,Core i5,Lenovo Thinkpad L440,Lenovo,Intel HD Graphics,14.0,512.0,2025-02-02 16:59:46
~OVERSTOCK14Dell Latitude Backlit WiFi Ready,174.99,8.0,Core i5,Dell Latitude E7450,Dell,Intel HD Graphics,14.0,256.0,2025-02-02 17:00:04
HP EliteBookComputer 12.5dows 10,178.03,16.0,Core i5,HP EliteBook 820 G4,HP,Intel HD Graphics 4000,12.5,128.0,2025-02-02 17:00:12
Dell Latitude 14Computeri3 dowsHDMI,178.03,16.0,Core i3,Dell Latitude 3410,Dell,Intel UHD Graphics,14.0,256.0,2025-02-02 17:00:00
DelldowsLatitude 54908th,179.0,16.0,core i5,DelldowsLatitude 54908th,,Unknown Graphics,15.0,512.0,2025-02-02 16:59:57
Dell Latitude 3500 8th (AVA),179.95,8.0,Core i5,Dell Latitude 3500,Dell,Intel UHD Graphics 620,15.6,250.0,2025-02-02 17:00:05
Dell Latitude Dual dows 10!,179.99,16.0,Core i5,Dell Latitude E5520,Dell,Intel HD Graphics,15.6,512.0,2025-02-02 17:00:39
14Lenovo inkpadTouch 6thdows!,179.99,8.0,Core i7,Lenovo ThinkPad X1 Yoga,Lenovo,IntelÂ® HD Graphics 520,14.0,256.0,2025-02-02 16:59:51
CHUWI ''G Celeron QuadHD 1080P,179.99,8.0,Unknown CPU,CHUWI Herobook Plus,CHUWI,Intel UHD Graphics,15.6,8.0,2025-02-02 17:00:14
BrandHP 14dq0760dx 14 --Celeron N4120// eMMC/,179.99,4.0,Unknown CPU,14-dq0760dx,HP,Intel UHD Graphics,14.0,128.0,2025-02-02 17:00:08
Dell Latitude 12 Rugged 7212 Tablet-7300U.6Touch P,179.99,8.0,Core i5,Dell Rugged 7212,Dell,Intel UHD Graphics 620,11.6,128.0,2025-02-02 16:59:49
10'' Minidows +Celeron Quad with,181.99,16.0,Core i5,10'' Minidows +Celeron Quad with,,Unknown Graphics,15.0,512.0,2025-02-02 17:00:18
Dell Latitude E5550Dualdows 10,184.99,16.0,Core i5,Dell Latitude E5550,Dell,Intel HD Graphics,15.6,512.0,2025-02-02 17:00:05
Dell Latitude 53008265U,186.41,16.0,Core i3,Dell Latitude 53008265U,,Unknown Graphics,15.0,512.0,2025-02-02 16:59:49
HP 15FD0083WM HD Pentium N200 H,189.14,4.0,Unknown CPU,15-fd0083wm,HP,Unknown Graphics,15.6,512.0,2025-02-02 17:00:12
Dell Latitude 55918400H NVMe,189.99,8.0,Core i5,Dell Latitude 5591,Dell,Intel UHD Graphics 630,15.6,256.0,2025-02-02 16:59:52
Dell 14 Quaddows,189.99,16.0,Unknown CPU,Dell 14 Quaddows,,Unknown Graphics,15.0,512.0,2025-02-02 17:00:11
Dell Latitude 7400 14 Quad 8365U IeIR Cam 10 P,194.37,16.0,Core i5,Dell Latitude 7400 14 Quad 8365U IeIR Cam 10 P,,Unknown Graphics,15.0,512.0,2025-02-02 16:59:52
HP14HD i315G4 IeHD Cam,194.37,8.0,Core i3,HP 14,HP,Intel UHD Graphics,14.0,256.0,2025-02-02 17:00:01
HP 15HD Pentium Quad N200Home Red,194.37,8.0,Unknown CPU,HP LAPTOP 15-FD,HP,Unknown Graphics,15.6,128.0,2025-02-02 17:00:17
17.3Dell PrecisionNvidia Quadro K3000M!,194.99,16.0,Core i7,Dell Precision M6700,Dell,NVIDIA QUADRO K3000M,17.3,512.0,2025-02-02 16:59:42
Lenovo inkPad T490s 14 8th NVMeCam,194.99,16.0,Core i5,Lenovo inkPad T490s 14 8th NVMeCam,,Unknown Graphics,15.0,512.0,2025-02-02 17:00:25
HP 15DY2223ODHD LEDi315G4 H,195.0,8.0,Core i3,15-DY2223OD,HP,Intel UHD Graphics,15.6,256.0,2025-02-02 16:59:43
HP255 G7 6UM18EA (2500UM.2SCH...,195.84,16.0,Core i7,HP255 G7 6UM18EA (2500UM.2SCH...,HP,Unknown Graphics,15.0,512.0,2025-02-02 17:00:13
Dell Latitude 3310 2in dows,196.05,8.0,Core i5,Dell Latitude 3310 2-in-1,Dell,Intel HD Graphics 520,13.3,256.0,2025-02-02 16:59:59
~OVERSTOCK14Dell Latitude ~ dows 10!,196.9,16.0,Core i5,Dell Latitude E7450,Dell,Intel HD Graphics,14.0,512.0,2025-02-02 17:00:17
LENOVO Z7080 5200U 17.31920X1080IPS NVIDIA 840M,197.91,16.0,Core i5,LENOVO Z7080 5200U 17.31920X1080IPS NVIDIA 840M,,Unknown Graphics,15.0,512.0,2025-02-02 17:00:16
~CLEARANCE SALE14Dell Latitude Quad dows Cam!,197.95,8.0,Core i5,Dell Latitude 5490,Dell,Intel HD Graphics,14.0,256.0,2025-02-02 17:00:02
Microsoft Surface13.5Touch 8650UW10,199.0,8.0,Core i7,Microsoft Surface Laptop 2,Microsoft,Intel UHD Graphics,13.5,256.0,2025-02-02 16:59:48
Mini 10''dows+ ROMCeleron Quad,199.0,8.0,Unknown CPU,N4020,NBD,IntelÂ® UHD Graphics 600,10.0,512.0,2025-02-02 17:00:38
Dell Latitude 3390 2inTouch 13 8350U,199.49,8.0,Core i5,Dell Latitude 3390 2-in-1,Dell,Intel UHD Graphics 620,13.3,512.0,2025-02-02 17:00:19
HP14HD i315G4 Ie,199.95,8.0,Core i3,HP 14,HP,Intel UHD Graphics,14.0,128.0,2025-02-02 17:00:20
Dell Latitude~dows 10 !,199.95,16.0,Core i5,Dell Latitude E5570,Dell,Intel HD Graphics,15.6,480.0,2025-02-02 17:00:27
Lenovo inkPad~ dows 10 !,199.95,16.0,Ryzen 7,Lenovo inkPad~ dows 10 !,,Unknown Graphics,15.0,512.0,2025-02-02 17:00:20
HP 15dy0029ds inCeleron N4120 Teal,199.99,4.0,Unknown CPU,15-dy0029ds,HP,Unknown Graphics,15.6,128.0,2025-02-02 17:00:28
HP 15dy0027ds inCeleron N4020 R,199.99,16.0,Unknown CPU,HP 15dy0027ds inCeleron N4020 R,,Unknown Graphics,15.0,512.0,2025-02-02 16:59:48
CHUWI Book13 i3 8G+Gdows10Computer Netbook,199.99,16.0,Unknown CPU,CHUWI Corebook Pro,CHUWI,Iris Graphics 540,13.0,256.0,2025-02-02 16:59:53
HP 15dy0029ds inCeleron N4120 Teal,199.99,16.0,Unknown CPU,HP 15dy0029ds inCeleron N4120 Teal,,Unknown Graphics,15.0,512.0,2025-02-02 16:59:56
DELL LATITUDE 7480 7600U,202.72,16.0,Unknown CPU,DELL LATITUDE 7480 7600U,DELL,Unknown Graphics,13.9,512.0,2025-02-02 16:59:57
HP EliteBook 840 G6 1920x10808365U,203.99,16.0,Core i5,HP EliteBook 840 G6,HP,Unknown Graphics,14.0,256.0,2025-02-02 16:59:41
HP 17 N4120BTMic Pick Color,204.99,4.0,Unknown CPU,17-CN00,HP,HD Graphics,17.0,128.0,2025-02-02 17:00:04
Dell Latitude 5400 14Computer dows,205.76,8.0,Core i5,Dell Latitude 5400,Dell,Intel UHD Graphics 620,14.0,256.0,2025-02-02 16:59:57
Dell Latitude E7470 14HD6300U Backlit Key,209.78,16.0,Core i7,Dell Latitude E7470 14HD6300U Backlit Key,,Unknown Graphics,15.0,512.0,2025-02-02 17:00:06
~ FRIDAY SALEDell Latitude~ !,209.95,16.0,Core i5,Dell Latitude E5570,Dell,Intel HD Graphics,15.6,512.0,2025-02-02 16:59:41
Acer full HD Aspire N4020eMMC/,209.99,16.0,Unknown CPU,Acer Aspire 1,Acer,Unknown Graphics,15.6,128.0,2025-02-02 17:00:25
Dell Latitude 14.1 Computeri3HDMIDVD dows 10,212.64,8.0,Core i3,Dell Latitude E5420/E5430/E6420/E6430,Dell,Intel HD Graphics 4000,14.1,512.0,2025-02-02 16:59:57
Dell Latitude 5400 14 8665U underbolt,213.74,16.0,Core i5,Dell Latitude 5400 14 8665U underbolt,,Unknown Graphics,15.0,512.0,2025-02-02 16:59:51
Dell Latitude 5400 14.0 8665UNVMeUSB,218.49,16.0,Core i7,Dell Latitude 5400,Dell,Intel UHD Graphics 620,14.0,256.0,2025-02-02 17:00:10
Dell Latitude 5400 8265U,219.0,16.0,Core i5,Dell 5400,Dell,Intel UHD Graphics 620,14.0,512.0,2025-02-02 16:59:41
~CLEARANCEDell Latitude ~ dows 10!,219.79,16.0,Core i5,Dell Latitude E5550,Dell,Intel HD Graphics,15.6,1000.0,2025-02-02 16:59:51
14 Dell Latitude ~ dows 10!,219.95,16.0,Core i7,Dell Latitude 5480,Dell,Intel HD Graphics,14.0,512.0,2025-02-02 16:59:55
14HP Book 8350Udows !,219.95,8.0,Core i5,HP ProBook 640 G4,HP,Intel HD Graphics,14.0,256.0,2025-02-02 16:59:43
HP i315G4 Spruce Blue dows,224.95,8.0,Core i3,15-dy2792wm,HP,Intel UHD Graphics,15.6,256.0,2025-02-02 17:00:07
CHUWI Book 14. i310110U,224.99,8.0,Core i3,CoreBook X,CHUWI,Intel Iris Plus Graphics 655,14.1,1000.0,2025-02-02 17:01:12
HP EliteBook 2in dows 10 !,224.99,16.0,Core i5,HP Elitebook  X360 1030 G2,HP,Intel HD Graphics,13.3,256.0,2025-02-02 17:00:31
HP EliteBook 2in dows 10 !,224.99,16.0,Ryzen 3,HP EliteBook 2in dows 10 !,,Unknown Graphics,15.0,512.0,2025-02-02 17:00:28
Dell Latitude 5310 Full HD dows,225.47,8.0,Core i5,Dell Latitude 5310,Dell,Intel UHD Graphics,13.3,512.0,2025-02-02 17:00:01
Dell Latitude 349014HD Quad dows,228.86,16.0,Core i5,Dell Latitude 3490,Dell,Intel HD Graphics,14.0,256.0,2025-02-02 16:59:58
HP Book dows 10 !,228.95,16.0,Core i5,HP Probook 650 G1,HP,Intel HD Graphics,15.6,1000.0,2025-02-02 17:00:14
Dell LatitudeQuad ~ !,229.95,16.0,Core i5,Dell LatitudeQuad ~ !,,Unknown Graphics,15.0,512.0,2025-02-02 17:00:15
Dell Inspiron 15 3525 5NVMe( ),229.97,8.0,Ryzen 5,Dell Inspiron 15 3525,Dell,AMD Radeon,15.6,512.0,2025-02-02 17:00:20
Lenovo X270 12.5Light,229.99,16.0,core i7,X270,Lenovo,Intel HD Graphics 620,12.5,512.0,2025-02-02 16:59:58
HP1417.3Computer i3 Upto,229.99,16.0,Core i5,HP1417.3Computer i3 Upto,HP,Unknown Graphics,15.0,512.0,2025-02-02 16:59:50
HP EliteBook ~ dows 10 !,229.99,16.0,Core i5,HP Elitebook 850 G4,HP,Intel HD Graphics,15.6,512.0,2025-02-02 17:00:12
"ACEMAGICComputer dows"" IPS 108",229.99,16.0,Core i5,"ACEMAGICComputer dows"" IPS 108",Undisclosed,Unknown Graphics,15.0,512.0,2025-02-02 17:00:30
HP14HD i315G4 dows,231.57,16.0,Core i3,HP 14,HP,Intel UHD Graphics,14.0,512.0,2025-02-02 17:00:14
Lenovo inkPad E1410210Udows,232.75,16.0,Core i5,Lenovo Thinkpad E14,Lenovo,Intel UHD Graphics,14.0,256.0,2025-02-02 17:00:00
HP Certified HD1366 768( NSeries N10,234.13,16.0,Core i7,HP Certified HD1366 768( NSeries N10,,Unknown Graphics,15.0,512.0,2025-02-02 17:00:16
Dell Latitude 5490 148650Um.ðŸ’»,237.49,16.0,Core i7,Dell Latitude 5490,Dell,NVIDIA GeForce MX130,14.0,500.0,2025-02-02 17:00:30
Dell Latitude 5500 dows,238.81,8.0,Core i5,Dell Latitude 5500,Dell,Intel UHD Graphics,15.6,256.0,2025-02-02 17:00:03
~OVERSTOCK SALEHP Book~ dows 10!,239.95,16.0,Core i5,HP ProBook,HP,Intel HD Graphics,15.6,512.0,2025-02-02 16:59:47
HP 14HD Stream Celeron N4120eMMC+ SD Card,239.99,16.0,Unknown CPU,HP Stream,HP,INTEL,14.0,128.0,2025-02-02 17:00:10
Lenovo inkPaddows 10DVDRW!,239.99,16.0,Core i7,Lenovo ThinkPad E560,Lenovo,Intel HD Graphics,15.6,512.0,2025-02-02 17:00:09
Dell Latitude 7300 8650Udows,239.99,16.0,Core i7,dell latidude 7300,Dell,Unknown Graphics,13.3,512.0,2025-02-02 17:00:26
Dell Latitude5400 14 8665U,239.99,16.0,Unknown CPU,Dell Latitude5400 14 8665U,,Unknown Graphics,15.0,512.0,2025-02-02 17:00:31
ACER IN & LIGHT FullHDBT BACKLIT,244.4,4.0,Ryzen 3,I PUS,Acer,Unknown Graphics,15.6,128.0,2025-02-02 17:00:15
HP EliteBook 745 G6 14v.WCA,244.99,16.0,Ryzen 7,HP EliteBook 745 G6 14v.WCA,HP,Unknown Graphics,14.0,512.0,2025-02-02 16:59:43
~CLEARANCE SALE HP EliteBook !,244.99,16.0,Core i5,~CLEARANCE SALE HP EliteBook !,,Unknown Graphics,15.0,512.0,2025-02-02 16:59:58
Dell Latitude 5410 14Businessdows,248.23,16.0,Core i5,Dell Latitude 5410,Dell,Intel UHD Graphics,14.0,256.0,2025-02-02 17:00:15
2024 HPComputer 14HD QuadPentium Upto &,249.0,16.0,Unknown CPU,HP 14 Essential,HP,Intel UHD Graphics,14.0,512.0,2025-02-02 16:59:53
Lenovo inkPad~ dows 10 !,249.95,16.0,Core i5,Lenovo ThinkPad T560,Lenovo,Intel HD Graphics,15.6,1000.0,2025-02-02 16:59:48
Lenovo IdeaPad 3i I3 Storage82RK00BDUS,249.99,8.0,Core i3,Lenovo IdeaPad 3i,Lenovo,Intel UHD Graphics,15.6,512.0,2025-02-02 17:00:06
14 inch dows pro N50958/16/ //,253.77,16.0,Core i3,14 inch dows pro N50958/16/ //,,Unknown Graphics,15.0,512.0,2025-02-02 17:00:04
LenovoTouch i315G4,254.99,8.0,Core i3,IdeaPad 3i,Lenovo,Intel UHD Graphics,15.6,256.0,2025-02-02 16:59:49
Dell 14 74908th,254.99,16.0,Core i7,Dell Latitude 7490,Dell,Intel HD Graphics 620,14.0,512.0,2025-02-02 17:00:24
HP EliteBook 840 G710310U,256.49,8.0,Core i5,HP EliteBook 840 G7 Notebook PC,HP,Unknown Graphics,14.0,256.0,2025-02-02 16:59:50
2024 HPComputer 14 4cessor Office 365 AICopilot,258.8,16.0,Unknown CPU,HP Flagship,HP,Intel UHD Graphics,14.0,512.0,2025-02-02 17:00:18
HP 17cn0273st 17.3Full HDi325G4,259.0,8.0,Unknown CPU,17-cn0273st,HP,Intel UHD Graphics,17.3,512.0,2025-02-02 17:00:05
alienware 17 2014,259.05,16.0,Core i5,alienware 17 2014,,Unknown Graphics,15.0,512.0,2025-02-02 16:59:54
Lenovo inkPad T480 148350u NVMECAM,259.99,16.0,core i5,Lenovo ThinkPad T480,Lenovo,Unknown Graphics,14.0,512.0,2025-02-02 17:00:22
Lenovo FullHD Drive HDMI Bluetooth,266.63,8.0,Ryzen 3,15AMN7,Lenovo,Unknown Graphics,15.6,256.0,2025-02-02 16:59:42
HP Book 650 G2 6820HQ,269.0,16.0,Core i7,HP ProBook,HP,Intel HD Graphics,15.6,1000.0,2025-02-02 16:59:53
Dell Latitude E7470 Touch Screen QHDCAM,269.99,16.0,Core i7,E7470,Dell,Unknown Graphics,14.0,512.0,2025-02-02 17:00:16
HP EliteBook 840 G710NVMe,276.24,16.0,Core i5,HP EliteBook 840 G7 Notebook PC,HP,Unknown Graphics,14.0,512.0,2025-02-02 17:00:12
HP EliteBook 850 G7 Quaddows,278.62,16.0,Core i5,HP EliteBook 850 G7,HP,Intel HD Graphics,15.6,256.0,2025-02-02 17:00:14
Microsoft Surface Go 10Tablet Pentium4415Y,279.99,8.0,Unknown CPU,Microsoft Surface Go,Microsoft,Intel UHD Graphics,10.0,256.0,2025-02-02 17:00:13
Lenovo 14( i3Storage(82QC006KUS!,284.99,8.0,Core i3,82QC006KUS,Lenovo,Intel UHD Graphics,14.0,256.0,2025-02-02 17:00:24
HP17.HDN4120 QuadCoredows,287.66,4.0,Unknown CPU,17,HP,Intel UHD Graphics,17.3,128.0,2025-02-02 17:00:37
HP EliteBook 840 G7 1410310UW10P,289.99,16.0,Core i5,Elitebook 840 G7,HP,Unknown Graphics,14.0,512.0,2025-02-02 16:59:50
~CLEARANCEHP EliteBookBacklit dows !,289.99,16.0,Core i5,HP EliteBook 850 G5,HP,Intel HD Graphics,15.6,1000.0,2025-02-02 16:59:58
Dell Latitude 7310 1310th,289.99,16.0,Core i7,Dell Latitude 7310,Dell,Intel UHD Graphics,13.0,512.0,2025-02-02 17:00:11
Dell Latitude 7320dows,292.54,16.0,Ryzen 7,Dell Latitude 7320dows,,Unknown Graphics,15.0,512.0,2025-02-02 16:59:48
Dell Latitudedows,293.55,16.0,Core i5,Dell Latitude 5500 Touchscreen,Dell,Intel UHD Graphics,15.6,256.0,2025-02-02 17:00:29
Dell Inspiron 14 7435 in7503U NVMe,295.1,8.0,Ryzen 5,Dell Inspiron 14 7435,Dell,AMD Radeon,14.0,512.0,2025-02-02 17:00:11
14Dell LatitudeQuad~ dows !,297.95,32.0,Core i5,Dell Latitude 5400,Dell,Intel HD Graphics,14.0,1000.0,2025-02-02 17:00:09
Dell LatitudeLight dows,298.52,16.0,Core i7,Dell Latitude 5400,Dell,Intel UHD Graphics,14.0,512.0,2025-02-02 16:59:52
DELL Latitude~NVME dows!,298.95,16.0,Core i7,Dell Latitude 7300,Dell,Intel UHD Graphics 620,13.3,512.0,2025-02-02 17:00:03
Lenovo Ideapad 14 5700U 82KT00VAUS,299.0,16.0,Core i7,Lenovo Ideapad 14 5700U 82KT00VAUS,,Unknown Graphics,15.0,512.0,2025-02-02 17:00:25
Lenovo IdeaPad 1i Storage82QD003VUS,299.99,8.0,Core i5,Lenovo IdeaPad 1 15IAU7,Lenovo,Intel Iris Xe Graphics,15.6,256.0,2025-02-02 17:00:11
Dell Latitude5400 14 8665U NVME,299.99,16.0,Unknown CPU,Dell Latitude5400 14 8665U NVME,,Unknown Graphics,15.0,512.0,2025-02-02 17:00:03
Dell Light dows,299.99,16.0,Core i5,Dell Latitude 7490 5590,Dell,Intel UHD Graphics 620,15.0,512.0,2025-02-02 17:00:19
Lenovo Legion 10300H Nvidia GTX 1650 2020,300.0,16.0,Core i5,Lenovo Legion 5,Lenovo,NVIDIA GeForce GTX 1650 Ti,15.6,512.0,2025-02-02 16:59:52
Dell Latitude 7400 14Touch8665U,304.99,32.0,Core i7,Dell Latitude 7400,Dell,Intel UHD Graphics 620,14.0,512.0,2025-02-02 16:59:44
HP i31215U 15fd0023dx,309.0,8.0,Core i3,15-fd0023dx,HP,Intel UHD Graphics,15.6,256.0,2025-02-02 16:59:51
BrandLenovo Ideapad 3i Touchi315G4// /,313.75,8.0,Core i3,IdeaPad 3,Lenovo,Intel UHD Graphics,15.6,256.0,2025-02-02 17:00:28
ASUS ROG Ally 7TouchZ1 H,316.0,16.0,Unknown CPU,ROG Ally-1,ASUS,AMD Radeon Graphics,7.0,512.0,2025-02-02 16:59:45
Dell 5500 Touch Light,319.99,16.0,Unknown CPU,Dell 5500 Touch Light,,Unknown Graphics,15.0,512.0,2025-02-02 16:59:55
Dell Latitude 72908250U M.Nvme 12.5â˜†+MSO,325.0,16.0,Unknown CPU,Dell Latitude 72908250U M.Nvme 12.5â˜†+MSO,,Unknown Graphics,15.0,512.0,2025-02-02 16:59:54
Dell Inspiron16,326.67,16.0,Ryzen 5,Dell Inspiron 15 3525,Dell,AMD Radeon Graphics,15.6,512.0,2025-02-02 17:00:07
2024 Lenovo IdeaPadComputerCeleron MS 365,329.0,20.0,Unknown CPU,Lenovo IdeaPad 1i,Lenovo,Intel UHD Graphics,15.6,1000.0,2025-02-02 16:59:44
2024 HPComputer8i3 Upto Pro,329.0,16.0,Core i3,HP 15 Laptop,HP,Intel UHD Graphics,15.6,512.0,2025-02-02 17:00:18
Dell Latitude Lightdows,329.99,16.0,Core i5,Dell Latitude 7490,Dell,Intel UHD Graphics 620,14.0,512.0,2025-02-02 17:00:26
Hp EliteBook 1050 G1 158850H,330.99,32.0,Unknown CPU,EliteBook 1050 G1,HP,Unknown Graphics,15.0,1000.0,2025-02-02 17:00:09
HP Pavilion 1565G7,333.99,12.0,Core i7,Hp Pavilion 15,HP,Intel Iris Xe Graphics,15.0,512.0,2025-02-02 17:00:14
Lenovo Slim 1414IMH9 Touch ULTRA H,335.0,32.0,Unknown CPU,Lenovo Slim 7 14IMH9,Lenovo,Intel Iris Xe Graphics,14.0,1000.0,2025-02-02 16:59:53
Dell Latitude 3420 14 thdows,337.68,16.0,Core i7,Dell Latitude 3420,Dell,Intel Iris Xe Graphics,14.0,512.0,2025-02-02 17:00:21
Dell Inspiron 7730Ui3535A813BLK,339.0,16.0,Ryzen 7,Dell Inspiron 7730Ui3535A813BLK,Dell,Unknown Graphics,15.6,512.0,2025-02-02 17:00:06
2023 Dell Latitude 3401335U Iris Xe Pro,339.0,8.0,Core i5,Dell Latitude 3340,Dell,Intel Iris Xe Graphics,13.3,256.0,2025-02-02 17:01:17
~DOWS14Lenovo inkPad QC ~ !,339.95,16.0,Core i7,Lenovo ThinkPad T14,Lenovo,Intel HD Graphics,14.0,512.0,2025-02-02 16:59:48
HP EliteBook 850 G5Quad,339.95,16.0,Core i7,HP EliteBook 850 G5,HP,Intel UHD Graphics 620,15.6,512.0,2025-02-02 16:59:42
HP 15fd0095wm 1235U,339.99,16.0,Core i5,HP 15fd0095wm 1235U,,Unknown Graphics,15.0,512.0,2025-02-02 17:00:21
HP1235U Iedows,343.17,8.0,Core i5,HP 15,HP,Intel Iris Xe Graphics,15.6,256.0,2025-02-02 16:59:53
HP EliteBook 850 G4 HD dows 10,347.62,32.0,Core i5,HP Elitebook 850 G4,HP,Intel HD Graphics 620,15.6,1000.0,2025-02-02 17:00:30
Lenovo 2024i315G4 Up to &,349.0,16.0,Core i5,Lenovo 2024i315G4 Up to &,,Unknown Graphics,15.0,512.0,2025-02-02 17:00:02
HP 17cn2083dx 17.3 i31215UH,349.0,16.0,Unknown CPU,Laptop 17,HP,Intel UHD Graphics,17.3,1000.0,2025-02-02 17:00:13
Dell Quaddows !,349.95,16.0,Core i5,Dell Precision 3541,Dell,Intel UHD Graphics 630,15.6,1000.0,2025-02-02 16:59:51
Lenovo IdeaPad 16Touch 120U,350.1,16.0,Ryzen 5,Lenovo IdeaPad 16Touch 120U,,Unknown Graphics,15.0,512.0,2025-02-02 16:59:52
HP dows'' (N5030 15DY0700TG Brand,351.49,16.0,Unknown CPU,HP dows'' (N5030 15DY0700TG Brand,,Unknown Graphics,15.0,512.0,2025-02-02 16:59:56
Lenovo ideapad 3iTouchi315G4Cam,352.47,24.0,Core i3,Lenovo IdeaPad 3,Lenovo,Intel UHD Graphics,15.6,256.0,2025-02-02 17:00:22
Lenovo ideapad 3iTouchi315G4Cam,352.47,16.0,Core i5,Lenovo ideapad 3iTouchi315G4Cam,,Unknown Graphics,15.0,512.0,2025-02-02 17:00:09
Dell Inspiron 157730UTouch,359.0,16.0,core i5,Dell Inspiron 157730UTouch,,Unknown Graphics,15.0,512.0,2025-02-02 16:59:59
BrandDell I3535A766BKPUS -- 5,359.99,8.0,Ryzen 5,I3535-A766BK-PUS,Dell,Unknown Graphics,15.6,512.0,2025-02-02 17:00:15
Open Box Dell Latitude 5320 85G7,360.0,16.0,Core i7,Dell 5320,Dell,Unknown Graphics,13.3,256.0,2025-02-02 16:59:46
Dell Latitude 5320 2in Touch 85G7FPReader P,361.77,32.0,Core i7,Dell Latitude 5320 2-in-1,Dell,Unknown Graphics,13.3,256.0,2025-02-02 17:00:17
HP15sfq1xxx,362.67,16.0,Core i5,HP15sfq1xxx,,Intel UHD Graphics,15.0,512.0,2025-02-02 17:00:10
HP 255 G95625U dows,364.99,16.0,Ryzen 5,HP 255 G9,HP,Integrated,15.6,512.0,2025-02-02 17:00:27
Lenovo IdeaPad 1i82QD00HMUS,369.0,8.0,Core i5,Lenovo IdeaPad 1i,Lenovo,Intel Iris Xe Graphics,15.6,512.0,2025-02-02 16:59:46
Lenovo Touchi31215U Up to &,369.0,16.0,Unknown CPU,Lenovo Touchi31215U Up to &,,Unknown Graphics,15.0,512.0,2025-02-02 17:00:20
ACER Aspire5700URadeon,369.0,16.0,Ryzen 7,Acer Aspire 3,Acer,AMD Radeon Graphics,15.6,512.0,2025-02-02 17:00:27
2024 HPComputerTouch 6i3 Upto Pro,369.0,16.0,Core i3,Hp Pavilion 15,HP,Intel UHD Graphics,15.6,512.0,2025-02-02 17:00:05
10th eration Lenovo QuadSSD!,369.5,16.0,Core i7,Lenovo T15,Lenovo,Intel HD Graphics,15.6,512.0,2025-02-02 16:59:55
Lenovo inkPad 14 Quad dows,369.95,32.0,Core i5,Lenovo ThinkPad T490,Lenovo,Intel HD Graphics,14.0,1000.0,2025-02-02 17:00:10
Sealed HP,369.95,8.0,Core i5,15-FD0005DX,HP,Intel Iris Xe Graphics,15.6,512.0,2025-02-02 16:59:59
Lenovo inkpad T570,369.99,16.0,Core i7,T560,Lenovo,Unknown Graphics,15.6,512.0,2025-02-02 16:59:45
Lenovo inkPad X1 Carbon 6th14TOUCH8650U p,369.99,16.0,Core i7,thinkpad X1 carbon 6th,Lenovo,Intel UHD Graphics 620,14.0,512.0,2025-02-02 17:00:00
Dell Latitude 5320 2in Touch 85G7FPReader P,371.07,32.0,Core i7,Dell Latitude 5320 2-in-1,Dell,Unknown Graphics,13.3,512.0,2025-02-02 16:59:49
HP Book Light 1920x1080 4dows,378.13,32.0,Core i7,HP ProBook 450 G7,HP,Intel UHD Graphics,15.6,512.0,2025-02-02 16:59:44
2023 ASUS Zenbook UM3402YA 142.8K OLED Touch5 7530U,379.0,16.0,Core i5,2023 ASUS Zenbook UM3402YA 142.8K OLED Touch5 7530U,,Unknown Graphics,15.0,512.0,2025-02-02 17:00:27
Dell Inspiron 15 35201235USealed,379.0,8.0,Core i5,Dell Inspiron 15 3520,Dell,Intel UHD Graphics,15.6,512.0,2025-02-02 17:00:24
HP 17cn1005cy 17in Touch 55G7,379.99,12.0,Core i5,17-cn1005cy,HP,Unknown Graphics,17.3,512.0,2025-02-02 17:00:25
Dell Light,379.99,16.0,Core i7,Dell Latitude 5590,Dell,Intel UHD Graphics 620,15.6,512.0,2025-02-02 17:00:16
LenovoIdeaPad 3i 82RK00YDUS,379.99,8.0,Unknown CPU,Ideapad 3 15Iau7,Lenovo,Intel UHD Graphics,15.6,512.0,2025-02-02 17:00:22
HP EliteBook 850 G8 dows,384.99,16.0,Unknown CPU,HP EliteBook 850 G8 dows,,Unknown Graphics,15.0,512.0,2025-02-02 16:59:50
HP EliteBook 850 G5 8550U,385.0,32.0,Core i7,HP EliteBook 850,HP,Intel UHD Graphics 620,15.6,1000.0,2025-02-02 16:59:50
Panasonic Toughbook CF337300U| No,385.11,8.0,Core i5,CF-33,Panasonic,Intel HD Graphics 620,12.0,256.0,2025-02-02 17:00:26
Dell Latitude 7420 14 LT65G7P,387.99,16.0,Core i7,latitude 7420,Dell,Unknown Graphics,14.0,512.0,2025-02-02 17:00:24
HP ZBook Firefly 15 G7 1920x108010510U,389.99,16.0,Core i7,HP ZBook Firefly 15 G7 Mobile Workstation,HP,Unknown Graphics,15.6,256.0,2025-02-02 17:00:06
HP 17.3 Pentium 7505BacklitBT,396.55,16.0,Core i7,HP 17.3 Pentium 7505BacklitBT,,Unknown Graphics,15.0,512.0,2025-02-02 17:00:01
Dell Latitude 5420 1485G7,399.0,32.0,Core i7,Dell Latitude 5420,Dell,Intel Iris Xe Graphics,14.0,1000.0,2025-02-02 17:00:27
14Dell Latitude Quad~ dows,399.95,16.0,Core i7,Dell Latitude 7400,Dell,Intel UHD Graphics,14.0,1000.0,2025-02-02 16:59:54
Lenovo inkPad T580 8TH NVME,399.99,32.0,core i7,Lenovo Thinkpad T580,Lenovo,Intel UHD Graphics 620,15.6,1000.0,2025-02-02 16:59:55
ASUS Vivobook 17.3 IPS i31215U P,399.99,16.0,Unknown CPU,Vivobook 17-1,ASUS,Intel UHD Graphics,17.3,512.0,2025-02-02 16:59:51
Dell Latitude 7210 2in12.3 Touch 10310UCam,408.27,8.0,Core i5,Dell Latitude 7210 2-in-1,Dell,Unknown Graphics,12.3,512.0,2025-02-02 17:00:17
Ultra Slim N3700 1920x1080 display dows11,409.02,16.0,Unknown CPU,Ultra Slim N3700 1920x1080 display dows11,notebook,Unknown Graphics,15.6,2000.0,2025-02-02 16:59:43
HP Pavilion X360 Touch 14ek0000 14 13.5Backlit Kb,409.55,16.0,Core i3,HP Pavilion X360 Touch 14ek0000 14 13.5Backlit Kb,,Unknown Graphics,15.0,512.0,2025-02-02 17:00:12
Dell Precision 6dowsNVIDIA,412.96,32.0,Core i7,Dell Precision 3551,Dell,NVIDIA Quadro T2000,15.6,512.0,2025-02-02 16:59:46
Dell Latitude14 th dows,412.96,16.0,Core i3,Dell Latitude14 th dows,,Unknown Graphics,15.0,512.0,2025-02-02 17:00:24
2024 Lenovo IdeaPad 101235U To,419.0,16.0,Core i5,Lenovo Ideapad,Lenovo,Intel Iris Xe Graphics,15.6,512.0,2025-02-02 17:00:19
FAST Lenovo inkpad X1 Carbon 8th8665USSD (1),432.59,16.0,Core i7,Lenovo ThinkPad X1 Carbon 7th Gen Body type,Lenovo,Intel UHD Graphics 620,14.0,256.0,2025-02-02 16:59:49
Acer Swift SF31451165G7 14 IPS,434.05,16.0,Unknown CPU,Acer Swift SF31451165G7 14 IPS,,Unknown Graphics,15.0,512.0,2025-02-02 17:00:15
2023 DellTouch Screen35G7Upto&,439.0,16.0,Core i5,2023 Dell Inspriion 15,Dell,Intel UHD Graphics,15.6,512.0,2025-02-02 16:59:52
2024 ASUS VivobookTouch35G7Upto,439.0,16.0,Core i5,2024 ASUS VivobookTouch35G7Upto,,Unknown Graphics,15.0,512.0,2025-02-02 17:00:07
DELL LatitudeEights~NVME !,439.95,32.0,Core i7,Dell Latitude 5521,Dell,Intel UHD Graphics 620,15.6,1000.0,2025-02-02 16:59:47
ASUS Vivobook 15 7730U,439.99,16.0,Ryzen 7,90NB0X21-M00PB0,Asus,AMD Radeon Graphics,15.6,512.0,2025-02-02 17:00:19
Microsoft Surface15in Touch 4980UH,449.0,16.0,Unknown CPU,Microsoft Surface15in Touch 4980UH,Microsoft,Unknown Graphics,15.0,256.0,2025-02-02 16:59:56
Microsoft 12.in Surface Plus 35G7,449.99,8.0,Core i5,Microsoft Surface Pro,Microsoft,Intel Iris Xe Graphics,12.3,256.0,2025-02-02 17:00:20
Dell Precision 7540 dows,449.99,16.0,Core i3,Dell Precision 7540 dows,,Unknown Graphics,15.0,512.0,2025-02-02 16:59:56
DELL LATITUDE 551010810U up toM. P,449.99,32.0,Core i7,LATITUDE 5510,Dell,Intel UHD Graphics,15.6,1000.0,2025-02-02 17:00:21
HPHD1235U AIPowered,455.99,16.0,Core i5,15-FD0005DX,HP,Intel UHD Graphics,15.6,512.0,2025-02-02 17:00:11
2024 Dell Inspiron15 Touch 10 Upto PRO,459.0,16.0,Ryzen 7,2024 Dell Inspiron15 Touch 10 Upto PRO,,Unknown Graphics,15.0,512.0,2025-02-02 17:00:26
2024 Acer Aspire Up to,459.0,16.0,Core i7,Acer Aspire 3,Acer,Intel Iris Xe Graphics,15.6,512.0,2025-02-02 16:59:55
Dell Precision 3560 dows,462.71,16.0,Core i7,Dell Precision 3560,Dell,Intel Iris Xe Graphics,15.6,512.0,2025-02-02 17:00:09
Dell Inspiron 15 35357730U 16,469.0,16.0,Unknown CPU,Dell Inspiron 15 3535,Dell,Unknown Graphics,15.6,1000.0,2025-02-02 17:00:27
Dell 7490 14Lightdows,469.99,32.0,Core i7,Dell Latitude 7490,Dell,Intel UHD Graphics 620,14.0,1000.0,2025-02-02 17:00:00
2024 Lenovo IdeaPad 10 MS Office,479.0,24.0,Core i5,Lenovo Ideapad,Lenovo,Intel Iris Xe Graphics,15.6,1000.0,2025-02-02 17:00:22
HP EliteBook 850 G845G7,479.99,16.0,Core i5,HP EliteBook 850 G845G7,,Unknown Graphics,15.0,512.0,2025-02-02 17:00:16
HP 15fd0182wm 1355U Natural,479.99,16.0,Core i7,15-fd0182wm,HP,Unknown Graphics,15.6,1000.0,2025-02-02 16:59:54
2024 HP Pavilion15 Touch 12th i3 &,489.0,32.0,Core i3,Hp Pavilion 15,HP,Intel UHD Graphics,15.6,1000.0,2025-02-02 17:00:19
Lenovo IdeaPad 5i 2in 7150U16TouchHome,489.0,16.0,Unknown CPU,Lenovo IdeaPad 5i 16,Lenovo,Integrated Intel Graphics,16.0,1000.0,2025-02-02 16:59:43
Lenovo LOQ 144Hz 12450HX2050,489.99,16.0,Core i5,83LK0001US,Lenovo,Unknown Graphics,15.6,512.0,2025-02-02 17:00:00
DELL A6DVDRW DOWSHOME,498.0,8.0,Unknown CPU,DELL A6DVDRW DOWSHOME,Dell,Unknown Graphics,15.6,256.0,2025-02-02 16:59:47
Dell Inspiron 3530Touch1355Ui35307837BLK,499.0,16.0,Core i7,Dell I3530-7837BLK-PUS,Dell,Unknown Graphics,15.6,1024.0,2025-02-02 17:00:03
Microsoft Surface-2K13.5 /,499.0,16.0,Ryzen 7,Microsoft Surface Laptop 4,Microsoft,AMD Radeon Graphics,13.5,512.0,2025-02-02 16:59:50
Dell Inspiron 3530Touch1355Ui35307837BLK,499.0,16.0,Ryzen 7,Dell Inspiron 3530Touch1355Ui35307837BLK,,Unknown Graphics,15.0,512.0,2025-02-02 16:59:42
Lenovo Ideapad 142inTouch 8845HS83DR000GUS,499.0,16.0,Ryzen 7,Lenovo IdeaPad 5,Lenovo,Unknown Graphics,14.0,1000.0,2025-02-02 16:59:45
inkPad Yoga 2InX13 G2 TOUCH 85G7 NVMe,499.95,16.0,Core i7,Lenovo ThinkPad X13 Yoga 2nd Generation,Lenovo,Intel Iris Xe Graphics,13.3,256.0,2025-02-02 16:59:48
Dell Inspiron 15 3520 12th1255U16,499.99,16.0,Unknown CPU,Dell Inspiron 15 3520,Dell,Unknown Graphics,15.6,512.0,2025-02-02 17:00:04
Lenovo LOQ144Hz 12450HX 2050,499.99,16.0,Core i5,83GS001BUS,Lenovo,Unknown Graphics,15.6,512.0,2025-02-02 16:59:53
Microsoft R1V00013SD 13.5Surface Sandstone Certified,499.99,16.0,Core i5,R1V-00013-SD,Microsoft,Unknown Graphics,13.5,512.0,2025-02-02 16:59:50
Microsoft Surface15inch /PlatinumRC800001,506.99,8.0,Core i7,Microsoft RC8-00001,Microsoft,Intel Iris Xe Graphics,15.0,256.0,2025-02-02 16:59:45
Samsung Galaxy Book 12th,509.99,8.0,Core i5,Samsung Galaxy Book2 Pro,Samsung,Intel Iris Xe Graphics,15.6,512.0,2025-02-02 17:00:02
Dell Inspiron 14 5430 14 16 1024,511.8,16.0,Core i7,Dell  I5430-7381SLV-PUS,Dell,Unknown Graphics,14.0,1000.0,2025-02-02 16:59:44
DELL PRECISION 5560 15 * *,524.99,32.0,Core i7,Dell Precision 5560,Dell,NVIDIA RTX A2000,15.6,1000.0,2025-02-02 16:59:45
Dell Inspiron ''i35207896BLKPUS,525.0,16.0,Core i7,Dell Inspiron 15 3520,Dell,Intel Iris Xe Graphics,15.6,1000.0,2025-02-02 17:00:13
HP EssentialComputer 17.3 16memory,529.99,16.0,Core i7,HP EssentialComputer 17.3 16memory,,Unknown Graphics,15.0,512.0,2025-02-02 17:00:06
HP Victus144Hz 12450HGeForce3050,538.47,16.0,Core i5,Victus Gaming,HP,NVIDIA GeForce RTX 3050,15.6,512.0,2025-02-02 17:00:15
HP Victus144Hz 12450HGeForce3050,538.47,16.0,Unknown CPU,HP Victus144Hz 12450HGeForce3050,,Unknown Graphics,15.0,512.0,2025-02-02 16:59:59
Lenovo Yoga 2in16WUXGA Touch Ultra 125UIR CAM FPReader,538.47,16.0,Unknown CPU,Lenovo Yoga 7,Lenovo,Intel Graphics,16.0,1000.0,2025-02-02 17:00:16
2024 HP17.3 6 Up to,539.0,16.0,Ryzen 5,HP 17 Flagship,HP,AMD Radeon Graphics,17.3,512.0,2025-02-02 16:59:44
HP EliteBook 850 G865G7,549.99,16.0,Unknown CPU,HP EliteBook 850 G865G7,HP,Unknown Graphics,15.6,512.0,2025-02-02 17:00:07
ASUS Vivobook 16WUXGA1355U Indie Blac,549.99,16.0,Unknown CPU,F1605VA-AB74-,Asus,Unknown Graphics,16.0,512.0,2025-02-02 17:00:18
Samsung Galaxy Book 14 1250P dows,559.0,16.0,Unknown CPU,Samsung Galaxy Book 14 1250P dows,Samsung,Unknown Graphics,14.1,256.0,2025-02-02 16:59:44
Lenovo 16Touch WQXGA 13th1355U,565.51,16.0,Core i7,Lenovo 16Touch WQXGA 13th1355U,Lenovo,Intel Iris Xe Graphics,16.0,512.0,2025-02-02 17:00:04
2024 HP VictusRadeon RX 6550M Upto,589.0,16.0,Ryzen 5,HP Victus,HP,AMD Radeon RX 6550M Graphics,15.6,512.0,2025-02-02 16:59:47
Dell Latitude 55401345UYear,589.95,16.0,Core i5,Dell Latitude 5540,Dell,Intel Iris Xe Graphics,15.6,256.0,2025-02-02 17:00:01
LG Gram 15Z90STouch Ultra cessor 155HH Ob A,595.0,16.0,Unknown CPU,15Z90S-H.AAB6U1,LG,Unknown Graphics,15.6,1000.0,2025-02-02 16:59:57
* OPEN BOXLenovo inkPad P1510850H T1000,599.98,32.0,Core i7,THINKPAD P15 (Gen 1),Lenovo,NVIDIA Quadro T1000,15.6,512.0,2025-02-02 17:00:28
HP EssentialComputer 17.3 16memory,599.99,16.0,Unknown CPU,HP 17.3 inch Laptop PC 17-c4000 (919B9AV),HP,Unknown Graphics,17.3,512.0,2025-02-02 17:00:24
Lenovo Ideapad 5x 2in14OLED Copilot Snapdragon Plus,599.99,16.0,Snapdragon X,83GH0009US,Lenovo,Qualcomm Adreno,14.0,1000.0,2025-02-02 16:59:49
Lenovo inkPad P53 4K NVIDIA (RSH),611.95,16.0,Core i7,Lenovo inkPad P53 4K NVIDIA (RSH),,Unknown Graphics,15.0,512.0,2025-02-02 17:00:24
HP ENVY x360 13ay0xxx ( 4700U Series2in1,618.51,16.0,Ryzen 7,HP ENVY x360,HP,AMD Radeon Graphics,13.3,512.0,2025-02-02 16:59:42
Dell Inspiron Plus 16 WVA TouchUltra 155HLight Blue,639.0,16.0,Unknown CPU,Dell Inspiron Plus 16 WVA TouchUltra 155HLight Blue,Dell,Unknown Graphics,15.0,512.0,2025-02-02 17:00:23
HP Spectre x360 16t 16 Touch 16Backlitw/Pen,639.53,16.0,Core i7,HP Spectre X360,HP,Intel Iris Xe Graphics,16.0,512.0,2025-02-02 17:01:00
Lenovo inkPad Z1616Grey,649.99,16.0,Ryzen 7,21D4S02A00,Lenovo,AMD Radeon Graphics,16.0,1000.0,2025-02-02 16:59:43
2024 Dell Latitude 5450 14 Ultra 135U Nvme,650.0,16.0,Unknown CPU,Latitude 5450,Dell,Intel,14.0,256.0,2025-02-02 17:00:05
2024 ASUS Vivobook 16 101355U,659.0,24.0,Core i7,ASUS VivoBook,ASUS,Intel Iris Xe Graphics,16.0,1000.0,2025-02-02 17:00:30
HP Book 465 G11 16WUXGA7735UCam FPR Pro,659.37,16.0,Ryzen 7,HP ProBook 465 G11,HP,AMD Radeon 680M,16.0,512.0,2025-02-02 16:59:42
HP Book 460 G11 16/WUXGA/16/ PikeA1LD7UT#ABA,664.05,16.0,Unknown CPU,HP ProBook,HP,Unknown Graphics,16.0,512.0,2025-02-02 17:00:05
Lenovo LOQ144Hz R77435HS4050,679.99,16.0,Ryzen 7,83JC007KUS,Lenovo,Unknown Graphics,15.6,512.0,2025-02-02 17:00:29
HP Elitebook 860 G10 161345UYR,699.95,32.0,Core i5,Elitebook 860 G10,HP,Intel Iris Xe Graphics,16.0,512.0,2025-02-02 17:00:07
Dell Inspiron 14 7440 14Touch 150U16DDR5,699.99,16.0,Unknown CPU,Dell Inspiron 14 7440,Dell,Unknown Graphics,14.0,512.0,2025-02-02 17:00:06
DELL PRECISION 5570 12800H,699.99,32.0,Core i7,DELL PRECISION 5570,Dell,Unknown Graphics,15.0,1000.0,2025-02-02 17:00:13
HP Book 460 G11 16WUXGAUltra 155UCam FPR P,715.17,16.0,Unknown CPU,HP ProBook 460 G11,HP,Integrated Intel Graphics,16.0,512.0,2025-02-02 16:59:59
2024 HP10 Backlit KB,719.0,32.0,Core i7,HP Flagship,HP,Intel Iris Xe Graphics,15.6,1000.0,2025-02-02 17:00:28
HP DragonflyChromebook 14WQXGA 1235U White,719.94,16.0,Core i5,HP Chromebook Dragonfly Pro,HP,Unknown Graphics,14.0,256.0,2025-02-02 17:00:30
Dell Inspiron 15 3530 13th1355U 16,729.99,16.0,Unknown CPU,Dell Inspiron 15 3530,Dell,Unknown Graphics,15.6,1000.0,2025-02-02 16:59:47
ASUS TUF A15 77435HS3050,731.02,16.0,Ryzen 7,Asus TUF,ASUS,NVIDIA GeForce RTX 3050,15.6,512.0,2025-02-02 17:00:25
2024 HP Victus13420H4050,789.0,32.0,Core i5,HP Victus,HP,NVIDIA GeForce RTX 4050 Laptop GPU,15.6,1000.0,2025-02-02 17:00:02
Lenovo inkPad P15v12700H T1200 P,799.99,32.0,Unknown CPU,ThinkPad P15v Gen 3,Lenovo,NVIDIA,15.6,1000.0,2025-02-02 17:00:31
MSI Cyborg13620H4050 144HZ 1080p,805.99,16.0,Core i7,MSI Cyborg,MSI,NVIDIA GeForce RTX 4050,15.6,512.0,2025-02-02 17:00:03
Lenovo inkPad E16 161355U dows,829.0,16.0,Core i7,Lenovo inkPad E16 161355U dows,Lenovo,Unknown Graphics,16.1,512.0,2025-02-02 16:59:50
HP PavilionComputerdowsHome,849.99,16.0,Unknown CPU,HP Pavilion 15 Laptop PC 15-eh3000 (794P4AV),HP,Unknown Graphics,15.6,512.0,2025-02-02 16:59:47
Lenovo LOQ144HzR78845HSDDR5 4060,849.99,16.0,Ryzen 7,83DX00AVUS-,Lenovo,Unknown Graphics,15.6,512.0,2025-02-02 17:00:16
Lenovo IdeaPad 16'' 120HZ OLED 2K Ultra 185H4050,869.0,32.0,Unknown CPU,Lenovo IdeaPad 5,Lenovo,NVIDIA GeForce RTX 4050,16.0,1000.0,2025-02-02 17:00:23
HP Book 460 G11 16WUXGAUltra 155UCam FPR Pro,873.27,64.0,Unknown CPU,HP ProBook 460 G11,HP,Integrated Intel Graphics,16.0,2000.0,2025-02-02 17:00:29
Lenovo LOQ144Hz R77435HS4070,879.99,16.0,Ryzen 7,83JC009CUS,Lenovo,NVIDIA GeForce RTX 4070,15.6,512.0,2025-02-02 17:00:21
Lenovo inkPad X1 Carbon 14 1355US,899.99,16.0,Core i7,Lenovo-TP-14-X1-G11-i7-16-1,Lenovo,Unknown Graphics,14.0,512.0,2025-02-02 17:00:22
HP EliteBook 840 G11 14UltraPlus Warrenty,900.0,32.0,Unknown CPU,B6ME8US#ABA,HP,Unknown Graphics,14.0,1000.0,2025-02-02 17:00:08
HP Victus16.1144Hz 8845HSGeForce4070,975.57,16.0,Ryzen 7,Victus Gaming,HP,NVIDIA GeForce RTX 4070,16.1,512.0,2025-02-02 17:00:07
