Category,Title,Price,Screen Size,Refresh Rate,Response Time,Brand,Model,Collection Date,Condition
Gaming Monitors,"LG 40"" 40WP95C-W 5120x2160 NANO IPS 72Hz 5ms FreeSync Curved Widescreen Gaming",1249.0,40.0,151.0,5.0,LG,PS4087,2025-01-27 00:26:04,New
Gaming Monitors,"34"" Ultra-Wide Curved Gaming Monitor - UWQHD 3440x1440, 120Hz, 1ms, AMD FreeSync",241.42,34.0,163.0,4.0,Unbranded,PS4087,2025-01-27 00:26:25,New
Gaming Monitors,Xiaomi Curved Gaming Monitor 34-inch 180Hz High Reshed Rate 1ms Fast FreeSync,259.99,34.0,180.0,1.0,Xiaomi,PS4087,2025-01-27 00:25:59,New
Gaming Monitors,12.3inch LCD Monitor 1920x720 IPS LCD screen HDMI VGA USB Input Metal Case,148.88,12.3,75.0,4.0,VSDISPLAY,PS4087,2025-01-27 00:24:29,New
Gaming Monitors,Gaming Monitor 185Hz 1ms response time 27 inches,85.0,27.0,185.0,1.0,Sceptre,PS4087,2025-01-27 00:24:11,New
Gaming Monitors,"Acer SA241Y 23.8"" Full HD IPS LED Gaming Monitor",40.0,23.8,75.0,10.0,Acer,SA241Y,2025-01-27 00:26:14,New
Gaming Monitors,7'' 5 Point Capacitive LCD Touch Screen Panel HD HDMI Gaming Monitor PC Display,80.19,7.0,60.0,12.0,Unbranded,PS4087,2025-01-27 00:26:25,New
Gaming Monitors,"30"" Curved Gaming Monitor 21:9 UltraWide 2560x1080 200Hz HDMI DP, Speakers Black",205.03,22.8,112.0,4.0,Does not apply,PS4087,2025-01-27 00:26:11,New
Gaming Monitors,"24"" Full HD Gaming Monitor, 180Hz, 1ms, HDR Ready, Adaptive-Sync, Frameless",154.12,22.8,112.0,4.0,Does not apply,PS4087,2025-01-27 00:26:29,New
Gaming Monitors,"ASUS VG245 24"" Gaming Monitor - Full HD, 1ms Response, Used Working",69.12,22.8,112.0,4.0,LG,PS4087,2025-01-27 00:24:11,New
Gaming Monitors,27 Inch Monitor Can Run Any Type Of Games On Had Good Graphics Etc.,70.0,22.8,112.0,4.0,LG,PS4087,2025-01-27 00:26:02,New
Gaming Monitors,KOORUI 27 Inch Gaming Monitor,99.98,27.0,144.0,1.0,Koorui,PS4087,2025-01-27 00:26:04,New
Gaming Monitors,EYOYO 14 In 4:3 TFT Gaming Monitor 1024x768 BNC/HDMI/VGA/AV Input 300cd/m²,149.0,14.0,100.0,1.0,Eyoyo,PS4087,2025-01-27 00:24:31,New
Gaming Monitors,LG 23.8” UltraGear™ 24GN60R-B 1920x1080 144Hz IPS Gaming Monitor,94.71,23.8,144.0,1.0,LG,24GN60R-B,2025-01-27 00:26:06,New
Gaming Monitors,"Dell, E2221HN, 21.5 inch, 16:9, 1920 X 1080 pixels",77.31,21.5,65.0,5.0,Dell,E2221HN,2025-01-27 00:24:10,New
Gaming Monitors,LG StanbyMe GO 27″ Portable Wireless Touch Screen 27LX5QKNA -Express tracking,747.6,27.0,60.0,3.0,LG,27LX5QKNA,2025-01-27 00:26:17,New
Gaming Monitors,"Used ASUS VZ1R Series 27"" Gaming Monitor - Full HD, Working, Missing HDMI, Read!",53.74,27.0,75.0,1.0,ASUS,VZ1R,2025-01-27 00:28:27,New
Gaming Monitors,32-inch 4K display aluminum alloy body MAC external expansion screen Typec,667.2,22.8,112.0,4.0,LG,PS4087,2025-01-27 00:24:11,New
Gaming Monitors,"24 Inch 144hz/180hz Curved Gaming Monitor, FHD 1080P Frameless Computer Monit...",154.2,22.8,112.0,4.0,CRUA,PS4087,2025-01-27 00:24:19,New
Gaming Monitors,SONY Licensed HORI PS4-087 Portable Gaming Monitor PlayStation4 PS4 from Japan,121.24,15.6,60.0,8.0,Sony,PS4-087,2025-01-27 00:26:11,New
Gaming Monitors,"24 Inch 144hz/180hz Curved Gaming Monitor, FHD 1080P Frameless Computer Monit...",154.2,22.8,112.0,4.0,CRUA,PS4087,2025-01-27 00:24:10,New
Gaming Monitors,Acer Nitro Vg271U M3 27 Inch IPS Wqhd 2560X1440 Pixels Gaming Backlight,212.62,22.8,112.0,4.0,Does not apply,Does not apply,2025-01-27 00:26:41,New
Gaming Monitors,"SAMSUNG CJ890 Series 49"" QHD Computer Ultrawide Gaming Monitor 144Hz 5ms Curved",500.0,49.0,144.0,5.0,Samsung,LC49J890DKNXZA,2025-01-27 00:29:00,New
Gaming Monitors,"10.1""Touch Screen HDMI Monitor IPS Computer Display Screen for Raspberry Pi",126.27,10.1,60.0,3.0,UPERFECT,UPi B7,2025-01-27 00:24:10,New
Gaming Monitors,"Acer EI242QR Mbiipx 23.6"" 1920 x 1080 VA 1200R Curved Gaming Monitor | AMD NEW",299.99,23.6,95.0,3.0,Acer,PS4087,2025-01-27 00:24:54,New
Gaming Monitors,Alienware aw2524hf 500hz gaming monitor - 25 Inch Original Box + Cables,300.0,24.5,500.0,1.0,Alienware,PS4087,2025-01-27 00:24:09,New
Gaming Monitors,"15.6"" Portable Monitor 300 cd/m² Screen USB C Display HDMI 1920*1080 1200:1 New",52.99,15.6,60.0,3.0,grebear,PS16SJ,2025-01-27 00:26:10,New
Gaming Monitors,Cooler Master Tempest GP2711 27 2K 165Hz Mini LED PC Gaming Monitor,163.99,22.8,112.0,4.0,LG,PS4087,2025-01-27 00:26:05,New
Gaming Monitors,Xiaomi Gaming Monitor 27in 165Hz 1ms 1920*1080 Fast IPS HDR10 FreeSync,129.99,22.8,112.0,4.0,LG,PS4087,2025-01-27 00:26:14,New
Gaming Monitors,"Acer 27"" Class WQHD Curved Gaming Monitor XZ272U Vbiiphx NEW",294.99,27.0,165.0,1.0,Acer,XZ272U Vbiiphx,2025-01-27 00:26:21,New
Gaming Monitors,"ASUS 24"" FHD IPS 120Hz Monitor VA259HGA NEW",199.99,24.0,120.0,4.0,ASUS,PS4087,2025-01-27 00:28:14,New
Gaming Monitors,10 inch 1024*600 Display IPS Touch Screen with Brackets for Raspberry Pi/ PC,79.99,10.1,60.0,5.0,52pi,PS4087,2025-01-27 00:24:15,New
Gaming Monitors,7'' inch Touch Screen For Raspberry Pi 5 4 3 1024x600 HDMI LCD Display Monitor,47.5,7.0,60.0,3.0,Unbranded,Raspberry Pi Touch Screen 7,2025-01-27 00:26:21,New
Gaming Monitors,"LG 34GK950F-B 34"" 21:9 UltraGear™ QHD Curved IPS Gaming Monitor",40.0,34.0,163.0,4.0,LG,PS4087,2025-01-27 00:26:42,New
Gaming Monitors,"Onn. 24"" FHD 1080p 165hz 1ms Gaming Monitor, includes 6ft DP & HDMI Cable",79.87,24.0,165.0,1.0,ONN,ONN 100027813,2025-01-27 00:24:21,New
Gaming Monitors,"ASUS TUF VG32VQ1B 31.5"" WQHD 16:9 165Hz VA LCD Gaming Monitor - SKU#1697164",24.0,31.5,165.0,2.0,ASUS,ASUS TUF Gaming VG32VQ1B,2025-01-27 00:28:17,New
Gaming Monitors,"Crossover 27GQ7 IPS QHD Crossgear 27"" Monitor 2560 x 1440 75Hz sRGB 125%",269.99,27.0,75.0,5.0,Crossover,27GQ7 IPS QHD Crossgear,2025-01-27 00:28:50,New
Gaming Monitors,"SAMSUNG 25"" Odyssey G4 Series FHD Gaming Monitor, 240Hz, LS25BG402ENXGO - BLACK",210.0,25.0,240.0,1.0,Samsung,dyssey G4 Series,2025-01-27 00:26:15,New
Gaming Monitors,ASUS VA27EHF Eye Protection FHD 27 Inch 100Hz 1ms Gaming Monitor,210.88,27.0,100.0,1.0,ASUS,PS4087,2025-01-27 00:28:11,New
Gaming Monitors,Acer Nitro XFA243Y Sbiipr 23.8” Full HD (1920 x 1080) VA Gaming Monitor NEW,229.0,23.8,105.0,2.0,Acer,PS4087,2025-01-27 00:28:46,New
Gaming Monitors,AOC C27G2Z 27'' Curved Frameless Ultra-Fast Gaming Monitor Black,55.0,27.0,240.0,0.0,AOC,C27G2Z,2025-01-27 00:24:32,New
Gaming Monitors,"New HP V27i G5 27"" LCD FHD Monitor AMD FreeSync Tilt 75Hz HDMI VGA DisplayPort",79.99,27.0,75.0,5.0,HP,V27i G5,2025-01-27 00:26:19,New
Gaming Monitors,G27C4X 27 Curved Gaming Monitor 1920 x 1080 FHD 1ms 250Hz FreeSync HDMI DisplayP,247.04,22.8,112.0,4.0,MSI,PS4087,2025-01-27 00:24:32,New
Gaming Monitors,"BenQ MOBIUZ EX2510S 24.5"" Full HD 16:9 165Hz IPS LED Gaming Monitor with Eye-Car",104.0,24.5,165.0,2.0,BenQ,BenQ MOBIUZ EX2510S,2025-01-27 00:26:26,New
Gaming Monitors,24 inch LED/LCD Ultra-thin Compute Curved Screen Monitor PC 75Hz HD Gaming HDMI,334.3788,24.0,75.0,5.0,Xintai Touch,XT-CM2401W,2025-01-27 00:26:23,New
Gaming Monitors,HORI Portable Gaming Monitor for PlayStation 4 PS4 PS4-087 from Japan,129.99,15.6,60.0,8.0,Hori,PS4087,2025-01-27 00:24:21,New
Gaming Monitors,"ASUS TUF Gaming VG259 24.5"" Monitor - Full HD 144Hz IPS Adaptive-Sync",64.49,24.5,144.0,1.0,ASUS,VG259,2025-01-27 00:26:23,New
Gaming Monitors,"Amazon Basics 27 Inch Gaming Monitor, FHD 1080P, 165Hz, VESA Compatible 1ms",99.95,27.0,165.0,1.0,Amazon Basics,GNV27CB,2025-01-27 00:26:08,New
Gaming Monitors,"Samsung G50A Gaming Monitor 27"" QHD IPS 165Hz HDR10 G-Sync LS27AG500PNXZA",269.99,27.0,165.0,1.0,Samsung,Samsung Odyssey G50A,2025-01-27 00:26:00,New
Gaming Monitors,"Samsung LS24F350FHNXZA 23.5"" Widescreen Lcd Monitor - Black",45.0,23.5,60.0,4.0,Samsung,LS24F350FHNXZA,2025-01-27 00:28:15,New
Gaming Monitors,"BenQ ZOWIE XL2411P Eyecare 144Hz 1ms Gaming 24"" Monitor FHD",399.99,24.0,144.0,1.0,BenQ,XL2411P,2025-01-27 00:26:23,New
Gaming Monitors,"22 inch curved gaming moniter, 75hz FHD 1080p",40.0,22.0,75.0,5.0,crua monitor,PS4087,2025-01-27 00:28:10,New
Gaming Monitors,"Dell SE2719H 27"" Full HD LED Monitor - SKU#1899808",89.0,27.0,60.0,3.0,Dell,SE2719H,2025-01-27 00:26:03,New
Gaming Monitors,"GTMEDIA 14"" Portable Monitor IPS USB C HDMI 1920x1080 for Laptop Gaming Screen",127.99,14.0,60.0,5.0,GTMEDIA,140F,2025-01-27 00:24:45,New
Gaming Monitors,Eyoyo 10'' Portable Monitor 1024x600 Display HD TFT LED Screen AV VGA BNC HDMI,75.99,8.0,60.0,12.0,Eyoyo,PS4087,2025-01-27 00:26:24,New
Gaming Monitors,KTC 24” QHD IPS 100Hz,114.99,24.0,100.0,7.0,KTC,PS4087,2025-01-27 00:26:17,New
Gaming Monitors,7'' Inch 1024x600 Monitor Raspberry Pi Touch Screen HDMI IPS Display for Pi 4/3B,57.21,7.0,60.0,3.0,APROTII,PS4087,2025-01-27 00:24:48,New
Gaming Monitors,"BenQ GW2485TC 23.8"" 16:9 Full HD IPS Monitor - Black SKU#1865652",98.09,22.8,112.0,4.0,LG,PS4087,2025-01-27 00:26:07,New
Gaming Monitors,"KTC 4K UHD GAMING MONITOR 27”INCH, HDMI 2.1, G-SYNC(VRR)",250.0,27.0,165.0,1.0,KTC,PS4087,2025-01-27 00:28:43,New
Gaming Monitors,MSI OPTIX G27C2 27 INCH 144HZ TRUE COLORS CURVED GAMING MONITOR W/ STAND,299.99,27.0,144.0,1.0,MSI,Optix G27C2,2025-01-27 00:24:58,New
Gaming Monitors,"NEW Acer Nitro 23.8"" Full HD KG241Y Ebmiix",199.99,23.8,105.0,2.0,Acer,PS4087,2025-01-27 00:24:26,New
Gaming Monitors,"10"" Mini TV PC CCTV Monitor Screen AV/VGA/HDMI W/Speaker for DSLR Raspberry Pi",50.87,22.8,112.0,4.0,LG,PS4087,2025-01-27 00:29:01,New
Gaming Monitors,"10.1"" IPS LED HD Monitor HDMI VGA USB AV for PS4 box Switch Gaming PC Truck Bus",69.0,10.1,65.0,3.0,iPoster,IP-1010PCM,2025-01-27 00:26:28,New
Gaming Monitors,"10.1"" Portable HDMI LCD Monitor w/Speaker for PC/TV/Security System VGA USB BNC",67.99,10.1,75.0,8.0,Unbranded,MT-A01,2025-01-27 00:28:12,New
Gaming Monitors,"MSI G24C6P E2, 24inch, LED Anti-Glare Monitor, 180Hz, 1ms, Black",283.43,24.0,180.0,1.0,MSI,G24C6P E2,2025-01-27 00:24:26,New
Gaming Monitors,"Deco  Gear 30"" 21:9 UWFHD 2560x1080P 200Hz 1ms Curved Gaming Monitor, HDMI, DP",150.0,30.0,200.0,1.0,Z-EDGE,UG30,2025-01-27 00:24:24,New
Gaming Monitors,"8"" IPS LCD CCTV Monitor Screen USB/BNC/AV/VGA/HDMI for Car/Security/PC/Laptop",65.79,8.0,75.0,8.0,Unbranded,YWD408S,2025-01-27 00:24:31,New
Gaming Monitors,"4K Portable Monitor, UPERFECT 17.3"" Gaming Monitor 3840x2160 HDMI USB C UHD Used",149.25,17.3,60.0,25.0,UPERFECT,UP173A03,2025-01-27 00:26:13,New
Gaming Monitors,"GTMEDIA 165Hz Gaming Monitor 17.3"" Portable Monitor 2.5K Monitor Laptops Screen",228.99,17.3,100.0,10.0,GTMEDIA,PS4087,2025-01-27 00:28:51,New
Gaming Monitors,GeChic 1303i 13.3 inch 1080p Touchscreen Portable Monitor HDMI VGA MiniDisplay,39.75,13.3,60.0,3.0,Gechic,ON-LAP 1303,2025-01-27 00:28:30,New
Gaming Monitors,"ASUS VZ27E 27"" IPS Monitor - Ultra-Slim Design Dark Screen Issue For Repair",25.19,27.0,100.0,1.0,ASUS,VZ27E,2025-01-27 00:24:30,New
Gaming Monitors,"ASUS VP327Q 31.5"" 16:9 4K Ultra HD VA LED HDR Monitor - SKU#1788036",50.0,22.8,112.0,4.0,ASUS,PS4087,2025-01-27 00:28:50,New
Gaming Monitors,Monitor,50.0,24.0,60.0,5.0,HP,PS4087,2025-01-27 00:26:08,New
Gaming Monitors,"LG  Gaming Monitor-LED VA UltraGear 27GS50F-B, 27"", Full HD, 180Hz, AMD FreeSync",219.1,27.0,144.0,1.0,LG,LED VA LG UltraGear 27GS50F-B,2025-01-27 00:26:08,New
Gaming Monitors,"Dell 1908FPt 19"" LCD Monitor, VGA, DVI, w/ Stand - USED",14.99,19.0,100.0,10.0,Dell,PS4087,2025-01-27 00:26:13,New
Gaming Monitors,"11.6"" Portable Monitor – HDMI-Compatible Second Screen for Laptop, Gaming & More",59.95,12.6,60.0,7.0,Does not apply,PS4087,2025-01-27 00:26:40,New
Gaming Monitors,"ASUS VG249Q1RY TUF Gaming 23.8"" FHD (1920x1080) Gaming Monitor, IPS, 165Hz ,",184.99,22.8,112.0,4.0,ASUS,PS4087,2025-01-27 00:24:09,New
Gaming Monitors,Curved 24-inch Gaming Monitor 1080p R1500 98% sRGB HDMI x2 VGA Build-in Speak...,115.49,24.0,75.0,10.0,Sceptre,C248W-1920RN,2025-01-27 00:26:04,New
Gaming Monitors,"Acer Nitro 27"" Full HD 1920 x 1080 PC Gaming Monitor | AMD FreeSync KG271 Ebmiix",234.99,27.0,168.0,2.0,Acer,PS4087,2025-01-27 00:26:14,New
Gaming Monitors,"Acer ConceptD CP5 CP5271U 27"" 16:9 WQHD 144Hz IPS LED LCD Monitor with Built-In",348.01,27.0,93.0,1.0,Acer,Acer ConceptD CP5 CP5271U,2025-01-27 00:26:22,New
Gaming Monitors,"New LG UltraGear 27"" Class QHD IPS Gaming Monitor,  27GR75Q-B.AUS",299.95,27.0,165.0,1.0,LG,PS4087,2025-01-27 00:26:20,New
Gaming Monitors,10.5'' 2.5k 2560x1600 OLED IPS Touch Display Gaming Raspberry Pi Screen DIY KIT,194.32,10.5,65.0,3.0,Wisecoco,PS4087,2025-01-27 00:24:32,New
Gaming Monitors,Lot of 4 Monitors - Dell 1908FPc 1708FPt 1703FPc w Power VGA Cords and Stands,99.99,17.0,76.0,5.0,Dell,1708FPT,2025-01-27 00:24:25,New
Gaming Monitors,HP W2371b 23inch LCD Display 1080p HD Tiltable Monitor VGA Integrated Speakers,34.0,23.0,60.0,5.0,HP,PS4087,2025-01-27 00:28:14,New
Gaming Monitors,"Acer Predator XB273 PBMIPRZX 27"" IPS LED Monitor - Black NEW",524.99,27.0,144.0,4.0,Acer,XB273 PBMIPRZX,2025-01-27 00:26:15,New
Gaming Monitors,"ASRock CL25FF, 24.5 inch, LED Anti-Glare Monitor, 18 W, 100 Hz, 1 ms, Black",227.43,24.5,100.0,1.0,Samsung,CL25FF,2025-01-27 00:24:52,New
Gaming Monitors,"AOC AGON PRO PD32M 31.5"" 16:9 4K Ultra HD 144Hz IPS LED HDR Gaming Monitor",506.0,22.8,112.0,4.0,AOC,PS4087,2025-01-27 00:28:21,New
Gaming Monitors,14.9 in VS149ZJ01 1280X390 WLED Backlight LCD Monitor Suitable for Game monitor,159.0,14.9,60.0,8.0,Unbranded/Generic,VS149,2025-01-27 00:26:00,New
Gaming Monitors,"Z-Edge 30-Inch Curved Gaming Monitor, 200Hz Refresh Rate, 21:9 2560X1080 Ultra",271.98,22.8,112.0,4.0,Does not apply,PS4087,2025-01-27 00:26:27,New
Gaming Monitors,24 Inch Gaming Monitor 180Hz 1Ms FreeSync HDR 110%sRGB FHD 1080P Computer Mon...,178.3,22.8,112.0,4.0,SANSUI,PS4087,2025-01-27 00:24:58,New
Gaming Monitors,"LG 32GK650G-B 32"" Class QHD LCD Gaming Monitor - SKU#1388314",38.01,32.0,144.0,5.0,LG,PS4087,2025-01-27 00:28:13,New
Gaming Monitors,"24G15N 24"" Gaming Monitor, Full HD 1920x1080, 180Hz 1ms, 1x HDMI 2.0, 1x Disp...",135.57,22.8,112.0,4.0,AOC,PS4087,2025-01-27 00:26:19,New
Gaming Monitors,"LG 24GN60K UltraGear 24"" Gaming Monitor 144Hz FHD IPS 1ms HDR10 FreeSync™",262.56,24.0,144.0,1.0,LG,24GN60K,2025-01-27 00:26:10,New
Gaming Monitors,"Crossover 27GFA9 FAST IPS180 White Gaming 27"" Monitor",299.99,27.0,144.0,1.0,Crossover,27GFA9 FAST IPS180 White Gaming,2025-01-27 00:24:09,New
Gaming Monitors,"New LG 32GN600-B.AUS 32"" QHD 165hz HDR Gaming Monitor With FreeSync - Black",229.99,32.0,165.0,2.0,LG,32GN600-B.AUS,2025-01-27 00:24:55,New
Gaming Monitors,Portable Monitor 15: 10 2160*1440 IPS HDMI TYPEC Laptop Computer Extension Offic,145.15,14.0,60.0,3.0,Unbranded,PS4087,2025-01-27 00:24:29,New
Gaming Monitors,24 Inch Gaming Monitor 180Hz 1Ms FreeSync HDR 110%sRGB FHD 1080P Computer Mon...,173.78,22.8,112.0,4.0,SANSUI,PS4087,2025-01-27 00:26:26,New
Gaming Monitors,"LG UltraGear 32"" QHD G-Sync NVIDA HDR10 165HZ Gaming Monitor 32GN63T NEW SEALED",240.0,32.0,165.0,5.0,LG,UltraGear,2025-01-27 00:24:12,New
Gaming Monitors,"Lenovo ThinkVision 63EDMAT2EU, 24inch, LED Anti-Glare Monitor, 100Hz, 4ms, Black",247.03,24.0,100.0,4.0,ASUS,63EDMAT2EU,2025-01-27 00:28:13,New
Gaming Monitors,10.1inch Capacitive Touchscreen Monitor 1920*1200 IPS Display for Raspberry Pi,126.27,10.1,60.0,3.0,UPERFECT,UPi 101B07,2025-01-27 00:26:19,New
Gaming Monitors,"LG 27GQ50F-B.AEUQ, 27inch, LED Anti-Glare Monitor, 165Hz, 1ms, Black",348.53,27.0,165.0,1.0,LG,27GQ50F-B.AEUQ,2025-01-27 00:26:27,New
Gaming Monitors,Expansion screen for computer and phone 2025 high quality mobile monitor,85.4,11.6,75.0,2.0,screen,116-bxp-hd,2025-01-27 00:26:13,New
Gaming Monitors,Hori PS4-087 Portable Gaming Monitor for PlayStation4 PS4 compatible Japan USED,129.98,15.6,60.0,8.0,Hori,PS4087,2025-01-27 00:25:58,New
Gaming Monitors,EIZO FORIS FS2434-R 24-inch Wide TFT Gaming Monitor 1920 x 1080 Black,356.36,24.0,75.0,5.0,EIZO,FS2434,2025-01-27 00:26:09,New
Gaming Monitors,"LG UltraGear 24GN650-B 24"" FHD IPS LED Gaming Monitor - Black",90.5,24.0,144.0,1.0,LG,LG UltraGear 24GN650-B,2025-01-27 00:26:16,New
Gaming Monitors,"Acer Nitro 24.5"" Full HD 1920 x 1080 PC Gaming Monitor XFA253Q Zbiipr NEW",289.99,24.5,248.0,1.0,Acer,PS4087,2025-01-27 00:26:10,New
Gaming Monitors,"5"" Raspberry Pi Touchscreen Monitor  800×400 IPS Touch Screen Small Mini Monitor",42.36,5.0,60.0,5.0,Unbranded,PS4087,2025-01-27 00:26:12,New
Gaming Monitors,TITAN ARMY C49SHC 49-inch 4K fish screen 144Hz curved gaming monitor,851.2,49.0,144.0,3.0,TITAN ARMY,PS4087,2025-01-27 00:28:19,New
Gaming Monitors,NEW ASUS TUF Gaming 27” 1440P Monitor VG27AQL3A QHD 180Hz,399.99,27.0,168.0,2.0,ASUS,PS4087,2025-01-27 00:26:22,New
Gaming Monitors,SONY Licensed Products Portable Gaming Monitor for PlayStation4 PS4,183.63,15.6,60.0,8.0,Hori,PS4087,2025-01-27 00:24:57,New
Gaming Monitors,14.5'' 2K 2560x720 Bar LCD Touch Monitor HDMI Type-C PC Laptop Gaming Monitoring,188.35,22.8,112.0,4.0,LG,PS4087,2025-01-27 00:24:57,New
Gaming Monitors,Gaming Monitor 24 Inch FHD 1080P Computer Monitor 165Hz VA 1ms Built-in Speak...,141.97,22.8,112.0,4.0,INFIEVO,PS4087,2025-01-27 00:26:03,New
Gaming Monitors,"Crossover 27GSA9 Fast-Ips 200 Ai Gaming 27"" Monitor Fast IPS",299.99,27.0,200.0,1.0,Crossover,27GSA9 Fast-Ips 200 Ai Gaming,2025-01-27 00:28:14,New
Gaming Monitors,Sceptre New 24-inch Gaming Monitor 100Hz E248W-FW100T NEW,179.99,24.0,100.0,4.0,Sceptre,PS4087,2025-01-27 00:26:17,New
Gaming Monitors,"Lenovo ThinkVision L1711pC 17"" Monitor",29.99,22.8,112.0,4.0,LG,PS4087,2025-01-27 00:24:09,New
Gaming Monitors,"HP E24mv G4 23.8"" Full HD IPS Conferencing Monitor 60Hz with Webcam Speakers Mic",233.59,23.8,60.0,5.0,HP,E24mv,2025-01-27 00:26:24,New
Gaming Monitors,"Dell SE2719H 27"" Full HD LED Monitor - SKU#1899808",89.0,27.0,60.0,3.0,Dell,SE2719H,2025-01-27 00:25:59,New
Gaming Monitors,"UPERFECT 15.6"" 1920x1080 HDR USB C HDMI Portable Laptop Monitor Gaming Screen",69.0,15.6,60.0,3.0,UPERFECT,156J03,2025-01-27 00:26:20,New
Gaming Monitors,"Samsung SyncMaster 2333SW 23"" Monitor Widescreen  20000:1 Free Shipping",79.99,22.8,112.0,4.0,LG,PS4087,2025-01-27 00:26:24,New
Gaming Monitors,"Acer 23.8"" 100Hz FHD IPS gaming monitor 1ms FreeSync (AMD Adaptive Sync) 1080p",79.99,22.8,112.0,4.0,LG,PS4087,2025-01-27 00:28:51,New
Gaming Monitors,"KTC 4K UHD GAMING MONITOR 27”INCH, HDMI 2.1, G-SYNC(VRR)",250.0,27.0,165.0,1.0,KTC,PS4087,2025-01-27 00:24:20,New
Gaming Monitors,"7""/9""/10.1"" LCD CCTV Monitor PC Screen AV/RCA/VGA/HDMI 1080P for Raspberry",34.99,7.0,60.0,8.0,CaiRute,701H,2025-01-27 00:26:12,New
Gaming Monitors,Portable Monitor 17.3 Inch 1080P FHD IPS HDR Type C FreeSync Gaming Monitor,77.62,22.8,112.0,4.0,LG,PS4087,2025-01-27 00:26:04,New
Gaming Monitors,"16"" 2.5k 144hz Portable Monitor 2560*1600 Travel Gaming Display Laptop Switch",265.99,16.0,144.0,3.0,Unbranded,PS4087,2025-01-27 00:26:05,New
Gaming Monitors,Curved 24-inch Gaming Monitor 1500R DisplayPort HDMI X2 Eye Care 100% sRGB Bu...,117.46,22.8,112.0,4.0,Sceptre,PS4087,2025-01-27 00:24:21,New
Gaming Monitors,"HP V24 24"" 16:9 Full HD TN LCD Monitor - SKU#1557563",55.02,24.0,75.0,5.0,HP,HP V24,2025-01-27 00:26:16,New
Gaming Monitors,HP W2371b 23inch LCD Display 1080p HD Tiltable Monitor VGA Integrated Speakers,34.99,23.0,60.0,5.0,HP,PS4087,2025-01-27 00:26:15,New
Gaming Monitors,Monitor 34'' 144Hz Screen Curved 1500R Gaming Bezel-less Slim 4,299.99,34.0,144.0,4.0,Suevery,PS4087,2025-01-27 00:26:07,New
Gaming Monitors,"2.5K Dual Screen Folding Monitor 15.6"" Dual Portable Display Laptop Monitor",269.55,15.6,60.0,3.0,Unbranded,E1505M156HWL,2025-01-27 00:24:58,New
Gaming Monitors,10.1'' LCD Portable Monitor Display Screen VGA HDMI for Pc Raspberry Pi Xbox PS4,57.23,10.1,60.0,3.0,Wisecoco,PS4087,2025-01-27 00:26:01,New
Gaming Monitors,"Dell P2421DC 24"" Widescreen 2560x1440 16:9 LED Backlit IPS QHD Monitor - Grade B",164.99,23.8,60.0,5.0,Dell,P2421DC,2025-01-27 00:24:23,New
Gaming Monitors,"Gawfolk 32 Inch IPS PC Screen, 2K 165 Gaming Monitor, 1800R 1ms, 1 FreeSync, 100",220.68,22.8,112.0,4.0,ContexZero,PS4087,2025-01-27 00:28:10,New
Gaming Monitors,"Monochrome VGA Monitor 9'' XORO VM-9AF NEW! In open box, tested",129.0,9.0,70.0,9.0,XORO,VM-9AF,2025-01-27 00:24:18,New
Gaming Monitors,"MSI G244F-E2 23.8"" Professional Gaming Flat Panel Monitor 1ms 180 Hz 3Y ips",222.9,23.8,180.0,1.0,MSI,PS4087,2025-01-27 00:26:09,New
Gaming Monitors,"9"" LCD CCTV Monitor PC Screen AV/RCA/VGA/HDMI Video w/Speake+Adapter for DSLR",65.99,9.0,75.0,8.0,Unbranded,901CH,2025-01-27 00:28:32,New
Gaming Monitors,Titan Army 100hz Gaming Monitor,66.0,24.0,100.0,1.0,Titan Army,TITAN ARMY P24H2P,2025-01-27 00:24:56,New
Gaming Monitors,"Philips 271V8LA/00, 27inch, LED Anti-Glare Monitor, 75Hz, 4ms, White",233.03,27.0,75.0,4.0,Philips,271V8LA/00,2025-01-27 00:26:26,New
Gaming Monitors,"10 inch 1024x600 60Hz IPS Capacitive Touch Screen with Speakers, Mount Hole RPI",99.98,22.8,112.0,4.0,LG,PS4087,2025-01-27 00:24:12,New
Gaming Monitors,"LG 32GQ750-B UltraGear 31.5"" 16:9 4K Ultra HD 144Hz VA LCD HDR Gaming Monitor, B",461.0,31.5,144.0,1.0,LG,LG 32GQ750B,2025-01-27 00:26:01,New
Gaming Monitors,"SB240Y G0bi 23.8"" IPS Full HD Ultra-Slim Edge-to-Edge Gaming Office Monitor |...",119.72,22.8,112.0,4.0,acer,PS4087,2025-01-27 00:25:58,New
Gaming Monitors,Alienware AW2524HF Gaming Monitor - 24.5-inch (1920x1080) 500Hz (Overclock) NEW,784.99,22.8,112.0,4.0,LG,PS4087,2025-01-27 00:25:06,New
Gaming Monitors,"BenQ GW2485TC 23.8"" 16:9 Full HD IPS Monitor - SKU#1820304",70.0,22.8,112.0,4.0,BenQ,PS4087,2025-01-27 00:26:06,New
Gaming Monitors,11.6''/13.3''/15.6'' Portable IPS Gaming Monitor Type-C Second External Monitor,140.39,24.9,75.0,20.0,Unbranded/Generic,A22,2025-01-27 00:26:18,New
Gaming Monitors,"Acer Nitro 27"" UHD  4K KG272K Lbmiipx Monitor Gaming NEW",319.99,27.0,168.0,2.0,Acer,PS4087,2025-01-27 00:28:15,New
Gaming Monitors,Samsung LCD 24 inch SyncMaster 2443BW MY24WS 1920 x 1200 Monitor DVI VGA Display,63.14,24.0,60.0,5.0,Samsung,2443BW,2025-01-27 00:26:02,New
Gaming Monitors,EIZO FORIS FS2434 24-inch Wide TFT Gaming Monitor 1920×1080 Full HD Black,356.36,24.0,75.0,5.0,EIZO,FS2434,2025-01-27 00:24:56,New
Gaming Monitors,DELL SE2717HR IPS LED 27 INCH FULL HD 75HZ VGA HDMI WIDESCREEN BACKLIT FREESYNC,199.99,27.0,75.0,6.0,Dell,SE2717HR,2025-01-27 00:24:11,New
Gaming Monitors,"ASUS VY249HGR Eye Care Gaming Monitor ‚Äì 23.8 inch FHD (1920 x 1080), IPS, 120H",125.65,22.8,112.0,4.0,AOC,PS4087,2025-01-27 00:26:22,New
Gaming Monitors,"Asus VA24EQSB-W, 24inch, LED Anti-Glare Monitor, 75Hz, 5ms, White",262.43,24.0,75.0,5.0,ASUS,VA24EQSB-W,2025-01-27 00:25:04,New
Gaming Monitors,GTMEDIA 17.3 inch 165Hz Portable Monitor 2.5K 2560x1440 Laptop Gaming Screen USA,228.99,17.3,165.0,1.0,GTMEDIA,Game mate 173,2025-01-27 00:26:12,New
Gaming Monitors,"SAMSUNG 27"" Essential S3 (S36GD) Series FHD 1800R Curved Monitor",114.0,27.0,100.0,1.0,Samsung,‎LS27D366GANXZA,2025-01-27 00:26:02,New
Gaming Monitors,"OMEN by HP 23.8 inch FHD 165Hz Gaming Monitor - OMEN 24 23.8"" FHD (1920 x 1080)",149.99,23.8,165.0,1.0,HP,OMEN by HP 23.8 inch FHD 165Hz Gaming Monitor - OMEN 24,2025-01-27 00:26:20,New
Gaming Monitors,"Z-Edge 24-inch Curved Gaming Monitor 180Hz Refresh Rate, 1ms MPRT, FHD 1080 G...",159.35,22.8,112.0,4.0,Z Z-EDGE,PS4087,2025-01-27 00:24:55,New
Gaming Monitors,"MSI Optix G271 27"" IPS LED Computer Monitor - OPTIXG271",75.0,27.0,144.0,1.0,MSI,MSI Optix G271,2025-01-27 00:26:07,New
Gaming Monitors,Detachable Multi-screen Portable Double Three screen Foldable triple Monitor,280.7,13.3,60.0,5.0,JWEIBK,PS4087,2025-01-27 00:24:20,New
Gaming Monitors,"Dell E228WFPc 22"" Landscape Black LCD Monitor- Tested, Working",34.99,22.0,60.0,5.0,Dell,"E228WFPC, E228WFP",2025-01-27 00:28:28,New
Gaming Monitors,"Portable Monitor 7""/9.7""/10.1"" Game Touchscreen Display for PC XBOX Raspberry",41.99,19.4,60.0,8.0,Unbranded/Generic,PS4087,2025-01-27 00:24:15,New
Gaming Monitors,"Retro Gaming ViewSonic G773 VCDT21380-1M 16"" CRT VGA Computer Monitor Case Issue",174.99,16.0,88.0,6.0,ViewSonic,PS4087,2025-01-27 00:26:28,New
Gaming Monitors,"Acer UM.QV7EE.E02, 23.8 inch, LED Anti-Glare Monitor, 30 W, 100 Hz, 4 ms, Black",186.13,23.8,100.0,4.0,Acer,UM.QV7EE.E02,2025-01-27 00:26:18,New
Gaming Monitors,AOPEN 32HC5QR Sbiipx 31.5” Full HD (1920 x 1080) 1500R Curved Gaming Monitor NEW,264.99,31.5,158.0,4.0,AOPEN,PS4087,2025-01-27 00:28:10,New
Gaming Monitors,"Asus VY279HF, 27inch, LED Anti-Glare Monitor, 100Hz, 1ms, Black",294.63,22.8,112.0,4.0,LG,PS4087,2025-01-27 00:28:09,New
Gaming Monitors,10.1'' Small HDMI Monitor 1280x800 Resolution 1080P IPS Monitor 16:9 HD Display,105.0,10.1,65.0,3.0,SeeSii,PS4087,2025-01-27 00:26:01,New
Gaming Monitors,"LG 24GN65R Ultra Gear 24"" Gaming Monitor IPS sRGB 99% 1ms 144 Hz AMD FreeSync",314.17,60.4,144.0,1.0,LG,24GN65R,2025-01-27 00:26:06,New
Gaming Monitors,Hori Portable Gaming Monitor for PS4 PS5 JP,272.29,15.6,60.0,8.0,Hori,PS4087,2025-01-27 00:24:57,New
Gaming Monitors,"Philips 242S9JML/00, 23.8inch, LED Anti-Glare Monitor, 75Hz, 4ms, Black",293.93,23.8,75.0,4.0,Philips,242S9JML/00,2025-01-27 00:28:16,New
Gaming Monitors,"Acer AOPEN 25MH1Q Pbipx 25"" MH1 Gaming Monitor - Black",50.0,25.0,144.0,1.0,Acer,Acer 25MH1Q Pbipx,2025-01-27 00:28:12,New
Gaming Monitors,"ONN 24"" FHD 1080p 165hz 1ms FreeSync Gaming Monitor (1920 x 1080P) (100027813",84.95,24.0,165.0,1.0,ONN,PS4087,2025-01-27 00:24:25,New
Gaming Monitors,Dell 27 Monitor P2725H,134.99,27.0,168.0,2.0,Dell,P2725HSAP,2025-01-27 00:26:27,New
Gaming Monitors,"AOC AGON PRO PD32M 31.5"" 16:9 4K Ultra HD 144Hz IPS LED HDR Gaming Monitor",506.0,22.8,112.0,4.0,LG,PS4087,2025-01-27 00:25:00,New
Gaming Monitors,"Samsung Odyssey G3 S32DG304 Gaming Monitor 24"" 180Hz 16:9 1920 x 1080",429.99,32.0,180.0,1.0,Samsung,16:9,2025-01-27 00:28:11,New
Gaming Monitors,"E275W-19203R 27 inch1080P LED Monitor 99% sRGB 2X HDMI VGA Build-In Speakers,...",64.98,27.0,75.0,5.0,Sceptre,E275W-19203R,2025-01-27 00:24:10,New
Gaming Monitors,"Gaming Monitor AOC C24B1H 23.6"" Full HD Curved VA LED Gaming Monitor, Black 60HZ",75.0,23.6,60.0,5.0,AOC,PS4087,2025-01-27 00:24:19,New
