Category,Title,Price,Screen_Size_in,Aspect_Ratio,Refresh_Rate_Hz,Response_Time_ms,Brand,Model,Collection Date
Gaming Monitors,ASUS VA24E 23.8 Full Monitor - Working Cracked Screen For Repair,10.74,23.8,16:9,100.0,1.0,ASUS,VA24E,2025-01-28 17:19:33
Gaming Monitors,I2C 1602 LCD Display Module 16X2 Blue Backlight LCD Screen for Raspberry Pi,10.99,0.9,,,1.0,52Pi,Raspberry Pi,2025-01-28 17:19:04
Gaming Monitors,BenQ MOBIUZ EX2510-T 24.5 169 LED,12.0,24.5,16:9,144.0,2.0,BenQ,BenQ MOBIUZ EX2510,2025-01-28 17:19:28
Gaming Monitors,Dell E178FPb 17 Monitor VGA - Great For Gaming- Tested Monitor Only,15.0,17.0,,,1.0,Dell,Dell U3421WE,2025-01-28 17:19:50
Gaming Monitors,ASUS VA27E 27 Full Monitor - Functional Broken Screen For Repair Or Parts,15.1,27.0,16:9,100.0,1.0,ASUS,VA27E,2025-01-28 17:19:43
Gaming Monitors,ASUS VA27D 27 Full Monitor - Broken Screen For Parts or Repair,16.12,27.0,16:9,75.0,5.0,ASUS,VA27D,2025-01-28 17:22:15
Gaming Monitors,ASUS VY249 24 Full Monitor - Functional Affordable Option,16.5,24.0,16:9,75.0,1.0,ASUS,ASUS VY279,2025-01-28 17:20:38
Gaming Monitors,3.5 USB Type-c Display Monitor - Secondary Screen for Cpu Gpu Ram Hdd,22.99,24.0,5:4,,1.0,EEEKit,,2025-01-28 17:22:12
Gaming Monitors,ASUS TUF VG32VQ1B 31.5 169 LCD - SKU1697164,24.0,31.5,16:9,165.0,1.0,ASUS,ASUS TUF Gaming VG32VQ1B,2025-01-28 17:20:55
Gaming Monitors,LG 24ML44B-B Widescreen LED FreeSync Monitor,24.99,24.0,16:9,60.0,5.0,LG,24ML44B-B,2025-01-28 17:19:53
Gaming Monitors,ASUS VZ27E 27 Monitor - Ultra-Slim Design Dark Screen Issue For Repair,25.18,27.0,16:9,100.0,1.0,ASUS,VZ27E,2025-01-28 17:19:27
Gaming Monitors,ASUS VY279 27 LCD Monitor - Broken Screen For Parts or Repair,25.18,27.0,16:9,75.0,1.0,ASUS,ASUS VY279,2025-01-28 17:20:19
Gaming Monitors,ASUS VG278 27 - Dark Screen Issue For Parts Or Repair,26.86,27.0,16:9,144.0,1.0,ASUS,VG278,2025-01-28 17:21:45
Gaming Monitors,ASUS VP248 24 LED Monitor - White Screen Issue Fully Functional,26.86,24.0,16:9,75.0,1.0,ASUS,VP248,2025-01-28 17:22:17
Gaming Monitors,Acer G226HQL Screen LED Tiltable Monitor 1080p DVI VGA No AC Adapter,29.99,21.5,16:9,60.0,5.0,Acer,,2025-01-28 17:22:16
Gaming Monitors,Lenovo ThinkVision L1711pC 17 Monitor,29.99,17.0,5:4,75.0,5.0,Lenovo,5047-HB2,2025-01-28 17:20:55
Gaming Monitors,3.5 TYPE-C Secondary Monitor for CPU GPU RAM HDD USB Display AIDA64,31.43,3.5,4:3,60.0,20.0,HLFEC,3.5-inch IPS TYPE-C Secondary Monitor,2025-01-28 17:18:58
Gaming Monitors,ASUS VZ229 21.5 LCD Monitor - Full Ultra-Slim Design Used,32.23,21.5,16:9,75.0,1.0,ASUS,VZ229,2025-01-28 17:21:38
Gaming Monitors,7910 PC Screen LCD CCTV DSLR Monitor AVRCAVGAHDMI 1080p for Raspberry Pi,34.29,7.0,16:9,75.0,7.0,Unbranded/Generic,701H,2025-01-28 17:20:58
Gaming Monitors,ASUS VP28U 28 Ultra - Green Line on Screen Functional,34.38,28.0,16:9,75.0,1.0,ASUS,VP28U,2025-01-28 17:22:29
Gaming Monitors,PEAQ 24 Slim Monitor PMO S244 Black Used Working,34.38,24.0,,100.0,1.0,PEAQ,PMO S244,2025-01-28 17:20:09
Gaming Monitors,Samsung LS24E360HLZA 24 LED Monitor 1080 HDMI VGA,34.99,24.0,16:9,60.0,5.0,Samsung,S24B300EL,2025-01-28 17:21:48
Gaming Monitors,Used ASUS VA24E 23.8 LCD Monitor - Working Has Scratches And Marks,38.67,23.8,16:9,75.0,1.0,ASUS,VA24E,2025-01-28 17:19:52
Gaming Monitors,GeChic 1303i 1080p Touchscreen Portable Monitor HDMI VGA MiniDisplay,39.75,13.3,,,1.0,Gechic,ON-LAP 1303,2025-01-28 17:21:39
Gaming Monitors,15.6 Portable Monitor 300 cdm² Screen USB C Display HDMI 19201080 12001.,39.99,15.6,16:9,60.0,30.0,EVICIV,EV156J03/EV156B05/EV156A08/EV156A18,2025-01-28 17:21:36
Gaming Monitors,ASUS TUF Gaming VG24V 23.6 Monitor - Full AMD FreeSync Used,41.25,23.6,16:9,144.0,1.0,ASUS,VG24V,2025-01-28 17:18:58
Gaming Monitors,ASUS TUF Gaming VG259 24.5 Monitor - Full Adaptive-Sync,41.25,24.5,16:9,144.0,1.0,ASUS,VG259,2025-01-28 17:22:24
Gaming Monitors,7 9 10.1 Display Portable Monitor LCD Screen AV VGA HDMI Built-in Speakers,41.99,7.0,16:9,75.0,7.0,Unbranded/Generic,CR-MT,2025-01-28 17:19:38
Gaming Monitors,ASUS TUF Gaming VG32V 31.5 Monitor Fully Working Broken Screen,42.98,31.5,16:9,144.0,1.0,ASUS,VG32VQ1B,2025-01-28 17:19:44
Gaming Monitors,ASUS VZ249Q 23.8 Full Monitor - Fully Functional Great Condition Used,42.98,23.8,16:9,60.0,1.0,ASUS,VZ249Q,2025-01-28 17:21:29
Gaming Monitors,ASUS TUF Gaming VG27V 27 - Working Cracked Corner Repair,42.98,27.0,16:9,165.0,1.0,ASUS,VG27V,2025-01-28 17:22:05
Gaming Monitors,ASUS VP249HE 23.8 Full Monitor - Used Working Complete Accessories,42.98,23.8,16:9,75.0,1.0,ASUS,ASUS VP,2025-01-28 17:21:06
Gaming Monitors,PC DISPLAY MONITOR LG FLATRON W2353V-PF 23 WIDESCREEN LCD GLOSS BLACK 1080P,45.49,23.0,16:9,75.0,2.0,LG,w2353vp-pf,2025-01-28 17:21:51
Gaming Monitors,Sceptre C248W-1920R Widescreen LED Backlight Monitor with Built in...,45.99,24.0,16:9,75.0,5.0,Sceptre,C248W-1920R,2025-01-28 17:21:10
Gaming Monitors,LG 34UC89G-B 34 G-Sync Full LED 1232421,46.02,34.0,21:9,144.0,1.0,LG,34UC89G-B,2025-01-28 17:22:27
Gaming Monitors,7 inch Touch Screen For Raspberry Pi 5 4 3 HDMI LCD Display Monitor,47.5,7.0,16:9,60.0,3.0,Unbranded,Raspberry Pi Touch Screen 7,2025-01-28 17:21:10
Gaming Monitors,LG UltraGear 34GK950F-B 34 LED - SKU1402504,48.0,34.0,21:9,120.0,5.0,LG,334GK950F,2025-01-28 17:22:28
Gaming Monitors,7 PC Display Screen LCD CCTV Security Monitor VGA HDMI 1080P for DSLR DVR,48.99,7.0,16:9,75.0,8.0,Unbranded,MT-304,2025-01-28 17:22:30
Gaming Monitors,Touch Screen Display 7 USB Screen HDMI VGA For Raspberry Pi 3B 4 Xbox PS,48.99,7.0,16:9,60.0,8.0,Unbranded/Generic,Does Not Apply,2025-01-28 17:21:40
Gaming Monitors,9 LCD Monitor Built-in HDMI AGV AV Speaker for PC PS4 TV DVD DVR CCTV Car DSLR,49.59,9.0,16:9,75.0,7.0,CAIRUTE,MT-306,2025-01-28 17:21:55
Gaming Monitors,10.1 LCD Portable Monitor Display Screen VGA HDMI for Pc Raspberry Pi Xbox PS4,53.19,10.1,,60.0,3.0,Wisecoco,,2025-01-28 17:21:35
Gaming Monitors,AOC C27G2Z 27 Frameless Ultra-Fast Black,55.0,27.0,16:9,240.0,0.5,AOC,C27G2Z,2025-01-28 17:20:37
Gaming Monitors,Samsung Odyssey G32A 24,55.0,24.0,16:9,165.0,1.0,Samsung,Samsung Odyssey G32A,2025-01-28 17:22:02
Gaming Monitors,Acer 25 Entertainment G7 Monitor - G257HL,55.0,25.0,16:9,60.0,4.0,Acer,G257HL,2025-01-28 17:21:50
Gaming Monitors,VIOTEK GN27DB 27 VESA - Black 1440p 169 Display,56.0,27.0,16:9,144.0,4.8,Viotek,VIOTEK GN27DB,2025-01-28 17:19:54
Gaming Monitors,ASUS ROG SWIFT PG278QR 2560 x 1440 Up to 1,60.0,27.0,,,1.0,ASUS,PG278QR,2025-01-28 17:19:07
Gaming Monitors,ASUS VG249Q 23.8 - Fully Functional Missing Accessories,64.46,23.8,16:9,144.0,1.0,ASUS,VG249Q,2025-01-28 17:20:51
Gaming Monitors,ASUS ROG Strix XG43V 43 - Broken Screen Fully Functional,64.46,43.0,32:10,120.0,1.0,ASUS,XG43V,2025-01-28 17:20:23
Gaming Monitors,ASUS TUF Gaming VG1B 34 Monitor - Ultra-Wide Cracked Screen,64.46,34.0,16:9,165.0,1.0,ASUS,VG1B,2025-01-28 17:20:02
Gaming Monitors,ASUS TUF Gaming VG27V 27 Monitor - Functional Used With Scratches,64.46,27.0,16:9,240.0,1.0,ASUS,VG27V,2025-01-28 17:19:52
Gaming Monitors,HP 2511x 25 LED LCD Monitor HDMI DVI VGA 169,64.99,25.0,16:9,60.0,5.0,HP,2511x,2025-01-28 17:22:04
Gaming Monitors,10.1 Portable HDMI LCD Monitor wSpeaker for PCTVSecurity System VGA USB BNC,67.99,10.1,16:9,75.0,8.0,Unbranded,MT-A01,2025-01-28 17:21:26
Gaming Monitors,ViewSonic TD2421 24 1080p LCD Widescreen Backlit Monitor VS16530 Scratches,69.0,24.0,16:9,60.0,5.0,ViewSonic,VS16530,2025-01-28 17:22:06
Gaming Monitors,1024600 Display Screen with Brackets for Raspberry Pi PCNo Touch,69.88,10.1,16:9,60.0,1.0,52pi,,2025-01-28 17:19:48
Gaming Monitors,10.1 LCD Security Monitor AV HDMI BNC VGA Input Color Screen For CCTV,69.99,10.1,16:9,75.0,8.0,Unbranded/Generic,Y106S,2025-01-28 17:21:46
Gaming Monitors,10.1 LCD Home Security Monitor TV Computer Display Screen 2CH w Speaker VGA,69.99,10.1,16:9,,1.0,iPoster,IP-1010PCM,2025-01-28 17:19:06
Gaming Monitors,Portable Monitor Lcd Display Tft Gaming Laptop Monitor for Pc,69.99,11.6,16:9,60.0,1.0,Unbranded,,2025-01-28 17:21:39
Gaming Monitors,. HALF PRICE,70.0,24.0,16:9,60.0,1.0,BenQ,Benq,2025-01-28 17:19:54
Gaming Monitors,10.1 CCTV LCD Monitor PC Screen AVRCAVGAHDMIBNC Video Display w Speaker,71.99,10.1,16:9,60.0,1.0,Unbranded/Generic,MT-106,2025-01-28 17:20:51
Gaming Monitors,15.6 Portable Monitor 1080P USB-C HDMI Gaming Office Display,73.47,15.6,8:5,75.0,1.0,3G Technology,,2025-01-28 17:22:29
Gaming Monitors,Acer SA241Y 24 23.8 Full LED Zeroframe 1920 x 1080,75.67,24.0,16:9,75.0,1.0,Acer,SA241Y,2025-01-28 17:21:09
Gaming Monitors,Eyoyo 8 Portable Security Monitor HDMI VGA AV BNC for PC Raspberry Pi TV CCTV,75.98,8.0,16:9,,1.0,Eyoyo,,2025-01-28 17:20:53
Gaming Monitors,Lenovo 23 LED Monitor,78.99,23.0,16:9,60.0,7.0,Lenovo,LI2323swA,2025-01-28 17:20:56
Gaming Monitors,Onn. 24 1080p includes 6ft DP HDMI Cable,79.87,24.0,16:9,165.0,1.0,ONN,ONN 100027813,2025-01-28 17:19:37
Gaming Monitors,Acer 23.8 FreeSync AMD Adaptive Sync 1080p,79.99,24.0,16:9,100.0,1.0,Acer,QG241Y Ebii,2025-01-28 17:22:11
Gaming Monitors,Rehisk Full 1080P,79.99,24.0,,75.0,1.0,Bolt Buy,Rehisk,2025-01-28 17:20:51
Gaming Monitors,Monitor TFT LED Screen Support AV VGA BNC Input Device,79.99,10.1,16:9,75.0,8.0,Unbranded,MT-106,2025-01-28 17:21:38
Gaming Monitors,PAIR Dell P2217H 22 169 Widescreen Gaming LED Monitors Vesa-Yes,79.99,22.0,16:9,60.0,8.0,Dell,P2217H,2025-01-28 17:22:14
Gaming Monitors,ASUS VA24DQ 23.8 Monitor 1080P Full Adaptive-SyncFreeSync,79.99,23.8,16:9,75.0,5.0,ASUS,ASUS VA24DQ,2025-01-28 17:21:31
Gaming Monitors,Samsung 24 T45F Series Adjustable LCD Monitor 1920 x 1080 Resolution,80.0,24.0,16:9,75.0,5.0,Samsung,Samsung LF24T454FQNXGO,2025-01-28 17:19:38
Gaming Monitors,MSI MAG401QR 40 UWQHD LED - Black,80.0,40.0,16:9,155.0,1.0,MSI,MSI MAG401QR,2025-01-28 17:22:31
Gaming Monitors,Portable NexiGo,80.0,15.6,16:9,144.0,1.0,NexiGo,,2025-01-28 17:20:47
Gaming Monitors,Arzopa Widescreen LCD Monitor,80.0,15.6,16:9,60.0,1.0,Arzopa,,2025-01-28 17:21:10
Gaming Monitors,Sansui ES-24F1 24 FULL Monitor - Open Box,80.01,24.0,16:9,75.0,1.0,Sansui,ES-24F1,2025-01-28 17:19:54
Gaming Monitors,HDMI Monitor Extend Touchscreen Second Display PS4SWITCH,82.0,10.1,16:9,60.0,14.0,Unbranded,EM13L,2025-01-28 17:21:58
Gaming Monitors,response time,85.0,27.0,16:9,185.0,1.0,Sceptre,,2025-01-28 17:22:26
Gaming Monitors,Monitor HDMI Monitor USB VGA AV screen with Remote Control,86.0,10.1,16:9,75.0,8.0,Unbranded,MT-Y106,2025-01-28 17:21:42
Gaming Monitors,MSI PRO MP275 27 169 Full LCD Monitor - SKU1882997,87.0,31.5,,100.0,1.0,MSI,,2025-01-28 17:22:20
Gaming Monitors,20 1600 x 900 LED Monitor 2x HDMI VGA Built-in Speakers sRGB 99 Machi...,87.18,20.0,16:9,75.0,5.0,Sceptre,Computer Monitors,2025-01-28 17:21:57
Gaming Monitors,LG 29UM68-P 29 219 LED 2560 x 1080 Monitor Grade B 639879,87.49,29.0,21:9,75.0,5.0,LG,29UM68-P,2025-01-28 17:22:06
Gaming Monitors,27 10 DPHDMI Built-in speakers Freesync,89.97,27.0,,180.0,1.0,Unbranded,,2025-01-28 17:19:01
Gaming Monitors,INNOCN 24 1080p,89.99,24.0,16:9,165.0,1.0,INNOCN,,2025-01-28 17:19:24
Gaming Monitors,LG UltraGear 24GN650-B 24 LED - Black,90.5,24.0,16:9,144.0,1.0,LG,LG UltraGear 24GN650-B,2025-01-28 17:21:27
Gaming Monitors,LG 32GP850 32 169 UltraGear Nano LCD - SKU1820583,91.0,32.0,16:9,165.0,1.0,LG,LG UltraGear 32GP850-B,2025-01-28 17:20:01
Gaming Monitors,RATEYUSO 14 Touch Portable Monitor USB C Gaming Screen for PS Xbox Switch,93.99,14.0,16:9,60.0,3.0,RATEYUSO,ZQ14T,2025-01-28 17:20:45
Gaming Monitors,Gaems G155 Portable Case,95.0,15.6,16:9,60.0,1.0,Gaems,G155,2025-01-28 17:21:12
Gaming Monitors,ASUS VG279Q 27 LED,99.0,27.0,16:9,144.0,1.0,ASUS,ASUS VG279Q,2025-01-28 17:21:57
Gaming Monitors,Amazon Basics 1080P VESA Compatible,99.95,27.0,16:9,165.0,1.0,Amazon Basics,GNV27CB,2025-01-28 17:21:30
Gaming Monitors,KOORUI,99.98,27.0,16:9,144.0,1.0,Koorui,,2025-01-28 17:22:14
Gaming Monitors,WXGA Capacitive Touch Screen with Speakers Mount Hole RPI,99.98,10.1,16:10,,1.0,52Pi,,2025-01-28 17:21:09
Gaming Monitors,Miktver 10.5 Small Monitor for GamingComputerCCTV Camera,99.99,10.5,16:10,60.0,1.0,Miktver,,2025-01-28 17:22:17
Gaming Monitors,SCEPTRE X22WG-1080P Black 22 Widescreen LCD Monitor,100.0,22.0,16:10,75.0,1.0,Sceptre,X22WG-1080P,2025-01-28 17:19:51
Gaming Monitors,LG 34GK950F 34 Not Working,100.72,34.0,,144.0,1.0,LG,LG 34GK950F,2025-01-28 17:20:54
Gaming Monitors,Eyoyo 7 HDMI Monitor resolution HDMI VGAAVBNC Screen for CCTV,102.55,7.0,16:10,,1.0,Eyoyo,EM07H,2025-01-28 17:20:26
Gaming Monitors,BenQ MOBIUZ EX2510S 24.5 Full 169 LED with Eye-Car,104.0,24.5,16:9,165.0,2.0,BenQ,BenQ MOBIUZ EX2510S,2025-01-28 17:21:48
Gaming Monitors,Samsung LC24F390FHNXZA 24-inch LED Super Slim Design,107.0,24.0,16:9,60.0,4.0,Samsung,CF390,2025-01-28 17:19:59
Gaming Monitors,Portable 9.7 Screen PC Display for Raspberry PS4 XBOX DSLR,107.09,9.7,4:3,60.0,8.0,Unbranded/Generic,,2025-01-28 17:19:54
Gaming Monitors,ASUS TUF VG277Q1A Full LED Gaming LCD Monitor,107.5,27.0,16:9,165.0,1.0,ASUS,VG277Q1A,2025-01-28 17:21:55
Gaming Monitors,Hori Portable PS4-087 PS4 PS5 Operation Confirmed JP,109.0,15.6,16:9,60.0,8.0,Hori,PS4087,2025-01-28 17:19:23
Gaming Monitors,Monitor Mobile Pixels Duex Pro Portable Monitor Laptops 12.5 w Kickstand Combo,109.52,12.5,16:9,,1.0,Mobile Pixels,DUEX PRO w/ Kickstand Combo,2025-01-28 17:19:44
Gaming Monitors,7 1080P LCD Portable Pocket Touch Screen Display HDMI Type C,110.19,7.0,,60.0,5.0,Wisecoco,,2025-01-28 17:22:34
Gaming Monitors,10.111.6 CCTV Monitor PC Screen USB AV RCA VGA HDMI 1080p for Raspberry,111.59,11.6,16:9,75.0,8.0,CAIRUTE,MT116,2025-01-28 17:22:34
Gaming Monitors,Hori Portable PS4-087,115.41,15.6,,60.0,1.0,Hori,,2025-01-28 17:20:38
Gaming Monitors,24-inch 1080p R1500 98 sRGB HDMI x2 VGA Build-in Speak...,115.49,24.0,16:9,75.0,1.0,Sceptre,C248W-1920RN,2025-01-28 17:21:16
Gaming Monitors,10.1 Portable HDMI Monitor for LaptopPCRasPi 4B 3B win 81011 Game Consoles,117.67,10.1,16:9,60.0,1.0,APROTII,AP101B,2025-01-28 17:20:00
Gaming Monitors,ASUS TUF Gaming VG27A 27 Monitor - Fully Functional,118.18,27.0,16:9,165.0,1.0,ASUS,VG27A,2025-01-28 17:19:46
Gaming Monitors,Sceptre 27.5 - Excellent Condition,119.0,30.0,21:9,85.0,1.0,Sceptre,C305W-2560UN,2025-01-28 17:21:57
Gaming Monitors,2025 Anmite PC LCD Display 19201080P,125.23,24.0,16:10,200.0,4.0,Animite,,2025-01-28 17:20:16
Gaming Monitors,Touch Screen HDMI Monitor Computer Display Screen for Raspberry Pi,125.85,10.1,16:10,60.0,3.0,UPERFECT,UPi B7,2025-01-28 17:19:49
Gaming Monitors,SONY Licensed HORI PS4-087 Portable PlayStation4 PS4 from Japan,125.98,15.6,,60.0,8.0,Sony,PS4-087,2025-01-28 17:19:46
Gaming Monitors,KTC 1080P Frameless Computer Monitor,128.8,27.0,,165.0,1.0,KTC,,2025-01-28 17:21:50
Gaming Monitors,ASUS ROG Strix XG49V 49 Super Monitor Broken Screen For PartsRepair,128.93,43.0,32:10,144.0,1.0,ASUS,XG49V,2025-01-28 17:19:45
Gaming Monitors,15.6 Portable Monitor Touchscreen - Windows Android DeX Mac,129.0,15.6,16:9,60.0,3.0,Roof,R15PMT01,2025-01-28 17:21:01
Gaming Monitors,Xiaomi 27in 19201080 Fast FreeSync,129.99,27.0,,165.0,1.0,Xiaomi,,2025-01-28 17:18:57
Gaming Monitors,13.3 LCD PC Screen CCTV Security Monitor USB HDMI VGA BNC AV Display,132.99,13.3,16:9,75.0,8.0,Unbranded/Generic,A02,2025-01-28 17:19:48
Gaming Monitors,Nitro KG241Y Sbiip 23.8 Full 1920 X 1080 AMD Freesync,135.0,24.0,,165.0,1.0,Does not apply,,2025-01-28 17:19:49
Gaming Monitors,Samsung Essential S3 32 Monitor with Eye Care Technology - S32B304NWN,139.99,32.0,16:9,75.0,8.0,Samsung,Samsung Essential S3,2025-01-28 17:22:20
Gaming Monitors,27 - 1080PAMD Freesync1800R Frameless C,140.0,24.0,16:9,180.0,1.0,Does not apply,CR270C,2025-01-28 17:20:05
Gaming Monitors,12.3 Portable Monitor Touch Screen Display HDMI Type C for Laptop PC,146.52,12.3,2.35:1,60.0,5.0,Wisecoco,,2025-01-28 17:21:00
Gaming Monitors,Acer Nitro 27 2K 1440p XZ272U-VBIIPHX New,149.0,27.0,16:9,165.0,4.0,Acer,XZ272U Pbmiiphx,2025-01-28 17:19:24
Gaming Monitors,Samsung 32 CR50 Monitor AMD Freesync 1500R 30001 - LC32R500FHNXZA,149.99,32.0,16:9,75.0,4.0,Samsung,LC32R500,2025-01-28 17:19:14
Gaming Monitors,Deco Gear 30 219 UWFHD 2560x1080P HDMI DP,150.0,30.0,21:9,200.0,1.0,Z-EDGE,UG30,2025-01-28 17:22:03
Gaming Monitors,24 Full Ready Adaptive-Sync Frameless,152.58,24.0,16:9,180.0,1.0,Does not apply,,2025-01-28 17:22:13
Gaming Monitors,21.5 1080P with Panel for PC,154.12,24.0,16:9,100.0,1.0,Does not apply,,2025-01-28 17:22:10
Gaming Monitors,BenQ MOBIUZ EX3210R 31.5 2K 169 1000R LED,155.0,32.0,16:9,165.0,1.0,BenQ,EX3210R,2025-01-28 17:22:33
Gaming Monitors,ASUS VY279HGR Eye Care Äì 1920 x 1080,156.7,25.4,,120.0,1.0,AOC,,2025-01-28 17:19:52
Gaming Monitors,15.6 Portable Monitor 1080p 169 Low Blue Light Xbox Ps45 Switch Pc Loptop,159.99,15.6,16:9,60.0,1.0,Unbranded,,2025-01-28 17:21:56
Gaming Monitors,AOC 27G15 Full 1x HDMI 2.0 ...,160.2,25.4,,180.0,1.0,AOC,,2025-01-28 17:21:54
Gaming Monitors,Dell P2421DC 24 Widescreen 169 LED Backlit Monitor - Grade B,164.99,23.8,16:9,60.0,5.0,Dell,P2421DC,2025-01-28 17:20:26
Gaming Monitors,KTC H24T09P 1080p GTG Fast Computer Monitor,165.09,24.0,16:9,165.0,1.0,Intel,H24T09P,2025-01-28 17:21:41
Gaming Monitors,14.5 Portable Touch Monitor 2K Touchscreen Display HDMI Type c,169.09,14.5,32:9,60.0,5.0,Wisecoco,,2025-01-28 17:22:23
Gaming Monitors,HP EliteDisplay E232 23 Widescreen HDMI LED Dual Monitors 1920 x 1080 Grade A,169.99,23.0,16:9,60.0,7.0,HP,E232,2025-01-28 17:21:59
Gaming Monitors,samsung odyssey g4 27 1080P,179.99,27.0,16:9,240.0,1.0,Samsung,S27bg402en,2025-01-28 17:21:59
Gaming Monitors,Sceptre New 24-inch E248W-FW100T NEW,179.99,24.0,,100.0,1.0,Sceptre,,2025-01-28 17:22:34
Gaming Monitors,ASUS VG249Q1RY TUF Gaming 23.8,184.99,27.0,,165.0,1.0,ASUS,,2025-01-28 17:21:28
Gaming Monitors,Sceptre 24-inch 1080p up to C248B-FWT168 NEW,184.99,24.0,,165.0,1.0,Sceptre,,2025-01-28 17:21:47
Gaming Monitors,LG Ultragear 60 cm 1920 x 1080,186.65,24.0,Does not apply,,1.0,Does not apply,Does not apply,2025-01-28 17:22:02
Gaming Monitors,Lenovo ThinkVision T23i-10 23 Wide Monitor,186.9,23.0,16:9,,1.0,Lenovo,,2025-01-28 17:20:00
Gaming Monitors,G24F 2R 24 1080P 165Hz180HzOC 1920 x 1080 SS Display MPRT,188.22,27.0,,180.0,1.0,GIGABYTE,,2025-01-28 17:19:14
Gaming Monitors,Dell Monitor SE2717HR Widescreen LED Full 169 Black,189.0,27.0,16:9,75.0,6.0,Dell,SE2717HR,2025-01-28 17:22:01
Gaming Monitors,Lot of 2 ASUS MG248 24 Full DVI HDMI DP FreeSync Gaming LED Monitors,190.0,24.0,,144.0,1.0,ASUS,,2025-01-28 17:22:32
Gaming Monitors,Acer Nitro XZ342CU P 34 UWQHD LED LCD SKU1637184,190.0,25.0,,144.0,1.0,Acer,,2025-01-28 17:20:12
Gaming Monitors,MSi 31.5 Display,190.0,31.5,,240.0,1.0,MSI,,2025-01-28 17:22:00
Gaming Monitors,27-Inch LED 2X HDMI VGA Build-in Speakers Ultra Slim...,192.93,24.0,,75.0,1.0,Sceptre,,2025-01-28 17:22:35
Gaming Monitors,KOORUI,195.0,34.0,,165.0,1.0,KOORUI,,2025-01-28 17:19:15
Gaming Monitors,Hori Portable for PlayStation4 PS4 compatible PS4-087 NEW,198.82,15.6,,,1.0,Hori,PS4087,2025-01-28 17:21:32
Gaming Monitors,ASUS 24 Monitor VA259HGA NEW,199.99,24.0,,120.0,1.0,ASUS,,2025-01-28 17:21:53
Gaming Monitors,34 Samsung . 3440 x 1440p resolution. Still in box,200.0,34.0,21:9,75.0,4.0,Samsung,Samsung LS34J550WQNXZA,2025-01-28 17:21:28
Gaming Monitors,,200.0,27.0,,240.0,1.0,Samsung,,2025-01-28 17:22:21
Gaming Monitors,AOC CQ32G2S 32 Frameless 2K,220.0,32.0,,165.0,1.0,AOC,CQ32G2S,2025-01-28 17:19:25
Gaming Monitors,VIOTEK GFV24C 24 FREESYNC ULTRA-THIN,225.0,24.0,,144.0,1.0,VIOTEK,GFV24C,2025-01-28 17:19:51
Gaming Monitors,ASRock CL25FF LED Anti-Glare Monitor 18 W Black,227.43,24.5,16:9,100.0,1.0,Samsung,CL25FF,2025-01-28 17:19:50
Gaming Monitors,GTMEDIA 2.5K Portable 17.3 Extender Screen,228.99,17.3,16:9,165.0,1.0,GTMEDIA,Game mate 173,2025-01-28 17:19:04
Gaming Monitors,GTMEDIA GAMEMATE 17.3 2.5K Portable Second Screen Extender,238.99,17.3,16:9,165.0,3.0,GTMEDIA,GMAEMATE 173,2025-01-28 17:21:39
Gaming Monitors,MSI 32 31.5 Viewable OC,240.0,32.0,,240.0,1.0,MSI,,2025-01-28 17:21:34
Gaming Monitors,25601440p 100 sRGB FreeSync...,249.09,24.0,,165.0,1.0,memzuoix,,2025-01-28 17:19:49
Gaming Monitors,DELL E2724HS 27 Monitor 300cd VGA DP HDMI,249.99,27.0,16 : 9,60.0,5.0,Dell,,2025-01-28 17:22:05
Gaming Monitors,FOR PARTS OR REPAIR - CORSAIR XENEON 27QHD240 27,250.0,27.0,16:9,240.0,0.03,CORSAIR,CORSAIR XENEON 27QHD240,2025-01-28 17:20:00
Gaming Monitors,SAMSUNG Odyssey G5 32 2k G50D AMDFreeSync G-Sync,255.7,32.0,21:9,180.0,1.0,Samsung,,2025-01-28 17:20:17
Gaming Monitors,Philips 272E2FA00 LED Anti-Glare Monitor Black,257.53,27.0,16:9,75.0,1.0,Philips,272E2FA/00,2025-01-28 17:19:42
Gaming Monitors,Sceptre 27-inch 99 sRGB AMD E278B-FWD240 NEW,259.99,27.0,,240.0,1.0,Sceptre,,2025-01-28 17:20:42
Gaming Monitors,Xiaomi 34-inch High Reshed Rate Fast FreeSync,259.99,34.0,,180.0,1.0,Xiaomi,,2025-01-28 17:21:45
Gaming Monitors,LG 24GN60K UltraGear 24 FreeSync,262.56,24.0,16 : 9,144.0,1.0,LG,24GN60K,2025-01-28 17:20:45
Gaming Monitors,LG 24GS50F Ultra Gear 24 MBR 10 - Tracking,265.86,24.0,16:9,180.0,1.0,LG,24GS50F,2025-01-28 17:18:59
Gaming Monitors,Dual Screen Folding Monitor 15.6 Dual Portable Display Laptop Monitor,266.62,15.6,16:9,60.0,3.0,Unbranded,E1505M156HWL,2025-01-28 17:19:30
Gaming Monitors,Crossover 27GQ7 Crossgear 27 Monitor 2560 x 1440 sRGB 125,269.99,27.0,16:9,75.0,5.0,Crossover,27GQ7 IPS QHD Crossgear,2025-01-28 17:20:09
Gaming Monitors,EMachines EView 17f3 17 Screen CRT Black Monitor Model 786N,271.64,17.0,,60.0,1.0,eMachines,,2025-01-28 17:21:01
Gaming Monitors,Samsung Odyssey G3 S24AG300 24 16.7M,273.54,24.0,16:9,144.0,1.0,Samsung,Odyssey G3 S24AG300,2025-01-28 17:21:54
Gaming Monitors,SAMSUNG 34 Odyssey G5 Ultra-Wide LC34G55TWWNXZA,274.99,34.0,21:9,165.0,1.0,Samsung,Samsung Odyssey CG55,2025-01-28 17:19:00
Gaming Monitors,UPERFECT 2K Portable 16 Portable Monitor ...,278.32,10.1,,120.0,1.0,UPERFECT,,2025-01-28 17:19:05
Gaming Monitors,GreenTouch Touch Screen Monitor Open Frame Touch Monitor USB DVI VGA,279.0,10.1,5:4,60.0,10.0,GreenTouch,,2025-01-28 17:22:10
Gaming Monitors,16 2.5k Portable Monitor 25601600 Travel Gaming Display Laptop Switch,279.99,16.0,,144.0,3.0,Unbranded,,2025-01-28 17:19:49
Gaming Monitors,13.3in Multi-screen Portable Three screen Foldable triple Monitor 19201200,280.0,13.3,,60.0,1.0,JWEIBK,,2025-01-28 17:20:08
Gaming Monitors,GIGABYTE G27FC 27 G27FC Monitor,282.9,27.0,16:9,165.0,1.0,GIGABYTE,,2025-01-28 17:21:53
Gaming Monitors,MSI G24C6P E2 LED Anti-Glare Monitor Black,283.43,24.0,16:9,180.0,1.0,MSI,G24C6P E2,2025-01-28 17:19:00
Gaming Monitors,Dual Screen 15.6 Folding Monitor Dual Portable Display Extender W Stand Used,285.19,15.6,,60.0,3.0,Unbranded,,2025-01-28 17:20:07
Gaming Monitors,SAMSUNG 24 Class Full 1920 x 1080 FreeSync,290.0,24.0,,144.0,1.0,Samsung,,2025-01-28 17:20:52
Gaming Monitors,New LG UltraGear 27 Class 27GR75Q-B.AUS,299.95,27.0,16:9,165.0,1.0,LG,,2025-01-28 17:22:16
Gaming Monitors,Crossover Q27LGD4W White Bezel-less 27 Monitor,299.99,27.0,16:9,75.0,5.0,Crossover,Q27LGD4W IPS QHD White Bezel-less,2025-01-28 17:19:36
Gaming Monitors,LG LED Smart TV 34 Ultragear 3440 x 1440 Nano Display,300.0,34.0,21:9,144.0,1.0,LG,UltraGear 27GP950-B,2025-01-28 17:22:18
Gaming Monitors,Crossover 27LGD4IPS DCI-P3 Bezelless 27 Monitor G-Sync 2560 x 1440,304.28,27.0,16:9,75.0,5.0,Crossover,27LGD4IPS QHD DCI-P3 Bezelless,2025-01-28 17:21:32
Gaming Monitors,Crossover 27GFA9 FAST IPS180 White Gaming 27 Monitor Perfect pixel,309.99,27.0,16:9,144.0,1.0,Crossover,27GFA9 FAST IPS180 White Gaming,2025-01-28 17:20:34
Gaming Monitors,AOC 24G2SPAEBK LED Anti-Glare Monitor Black,321.93,23.8,16:9,165.0,4.0,AOC,24G2SPAE/BK,2025-01-28 17:21:58
Gaming Monitors,LG 34-Inch 3440 x 1440 G-Sync Ultra Wide 34GP83A-B,329.0,34.0,21:9,160.0,1.0,LG,LG 34GP83A-B,2025-01-28 17:22:08
Gaming Monitors,Hansung TFG30F20W 200 Gaming White 30 Monitor Perfect Pixel,335.86,30.0,21:9,200.0,1.0,Hansung Computer,TFG30F20W Ultrawide 200 Gaming,2025-01-28 17:21:04
Gaming Monitors,Samsung Odyssey G3 S27AG320 27 30001,336.14,27.0,16:9,165.0,1.0,Samsung,Odyssey G3 S27AG320,2025-01-28 17:22:09
Gaming Monitors,Acer ConceptD CP5 CP5271U 27 169 LED LCD Monitor with Built-In,348.01,27.0,16:9,144.0,1.0,Acer,Acer ConceptD CP5 CP5271U,2025-01-28 17:19:52
Gaming Monitors,Samsung Odyssey G3 S24DG304 24 169 1920 x 1080,349.99,24.0,16:9,180.0,1.0,Samsung,16:9,2025-01-28 17:21:44
Gaming Monitors,EIZO FORIS FS2434 24-inch wide Black,356.36,24.0,,,1.0,EIZO,FS2434,2025-01-28 17:21:11
Gaming Monitors,EIZO FORIS FS2434 23.8-inch wide TFT Black,356.36,23.8,,,1.0,EIZO,FS2434,2025-01-28 17:21:37
Gaming Monitors,AOC 24G2SAEBK LED Anti-Glare Monitor Black,359.03,23.8,16:9,165.0,1.0,AOC,24G2SAE/BK,2025-01-28 17:20:54
Gaming Monitors,Asus VG248QG 24 G-Sync Compatible Full 1080P DP,360.23,24.0,16:9,165.0,0.5,ASUS,VG248QG,2025-01-28 17:21:49
Gaming Monitors,Samsung Odyssey G4 S25BG400 25 Monitor G-Sync 10 sRGB 99,365.82,25.0,16:9,240.0,1.0,Samsung,Odyssey G4 S25BG400,2025-01-28 17:19:39
Gaming Monitors,LG 29WK500 29 219 2K25601080 Full Monitor with AMD FreeSync,368.0,27.0,21:9,75.0,5.0,LG,29WK500-P,2025-01-28 17:22:11
Gaming Monitors,ASUSTek TUF Gaming VG279Q1R Full 274,394.78,27.0,,144.0,1.0,ASUS,,2025-01-28 17:21:21
Gaming Monitors,ASUS TUF Gaming VG30VQL1A 29.5 2560 x 1080 WFHD Monitor,398.0,29.5,21:9,200.0,1.0,ASUS,ASUS TUF Gaming VG30VQL1A,2025-01-28 17:18:59
Gaming Monitors,GreenTouch Touch Screen Monitor Open Frame Touch Monitor USB DVI VGA,398.0,15.0,4:3,,5.0,GreenTouch,GT-TM-1502C,2025-01-28 17:19:23
Gaming Monitors,AOC Display C27G2ZE11 wide 15 572,399.19,25.4,,240.0,1.0,AOC,,2025-01-28 17:22:30
Gaming Monitors,BenQ ZOWIE XL2411P Eyecare Gaming 24 Monitor,399.99,24.0,16:9,144.0,1.0,BenQ,XL2411P,2025-01-28 17:19:59
Gaming Monitors,NEW ASUS TUF Gaming 27 1440P Monitor VG27AQL3A,399.99,27.0,,180.0,1.0,ASUS,,2025-01-28 17:20:50
Gaming Monitors,LG 27GP950-B 27 UltraGear Nano G-Sync Monitor,400.0,27.0,16:9,144.0,1.0,LG,LG UltraGear 27GP950-B,2025-01-28 17:22:26
Gaming Monitors,ASUS ROG Swift PG27UQ 27 DP HDMI G-SYNC,400.0,27.0,16:9,144.0,4.0,ASUS,ROG Swift PG27UQ,2025-01-28 17:22:03
Gaming Monitors,SAMSUNG S5 S34C500 ViewFInity Monitor 34 21 9 3440 x 1440 AMD FreeSync,416.33,34.0,21 : 9,100.0,5.0,Samsung,S34C500,2025-01-28 17:21:54
Gaming Monitors,GreenTouch Touch Screen Monitor Open Frame Touch Monitor USB DVI VGA,429.0,19.0,4:3,60.0,5.0,GreenTouch,,2025-01-28 17:22:22
Gaming Monitors,Samsung Odyssey G3 S32DG300 32 Pivot Freesync,429.99,32.0,16:9,180.0,1.0,Samsung,S32DG300,2025-01-28 17:21:43
Gaming Monitors,SAMSUNG Odyssey G5 C34G55T 34 Ultra,452.19,34.0,21:9,165.0,1.0,Samsung,Odyssey G5 C34G55T,2025-01-28 17:22:07
Gaming Monitors,LG UltraGear 27GP750-B Full GtoG 464,454.9,27.0,,240.0,1.0,LG,,2025-01-28 17:19:48
Gaming Monitors,Samsung Odyssey OLEDG3 S27DG300 27 - Express Tracling,457.38,27.0,16:9,144.0,1.0,Samsung,SAMSUNG Odyssey OLED G3 S27AG300,2025-01-28 17:21:31
Gaming Monitors,Pixio PX259 Prime 791,466.57,24.0,,280.0,1.0,Pixio,,2025-01-28 17:22:21
Gaming Monitors,LG 27GR75Q UltraGear 27 G-SYNC AMD FreeSync,474.58,27.0,16 : 9,165.0,1.0,LG,27GR75Q,2025-01-28 17:22:27
Gaming Monitors,LG 27GP750 Ultra Gear 27 1920 x 1080 NVIDIA G-SYNC,477.85,27.0,16:9,240.0,1.0,LG,27GP750,2025-01-28 17:22:35
Gaming Monitors,32 Gaming LED Monitor Edge-Less AMD FreeSync DisplayPort DPHDMI,500.0,32.0,16:9,144.0,5.0,Xintai Touch,XT-CM3201W,2025-01-28 17:22:29
Gaming Monitors,32 Gaming LED Monitor Edge-Less AMD FreeSync DisplayPort DPHDMI,500.0,32.0,16:9,165.0,5.0,Xintai Touch,XT-CM3201W,2025-01-28 17:20:02
Gaming Monitors,SAMSUNG C34J791WTU 34 LED Monitor 2K Display,504.22,34.0,21:9,100.0,4.0,Samsung,C34J791WTU,2025-01-28 17:21:01
Gaming Monitors,AOC AGON PRO PD32M 31.5 169 Ultra LED,506.0,25.4,,144.0,1.0,AOC,,2025-01-28 17:19:47
Gaming Monitors,ASUS TUF Gaming VG30VQL1A Ultra Wide 415,553.0,27.0,,200.0,1.0,ASUS,,2025-01-28 17:22:03
Gaming Monitors,18.5 1080P Dual Touch Screen Extender Folding Portable Monitor For Laptop,560.44,18.5,,120.0,16.0,Wisecoco,,2025-01-28 17:21:33
Gaming Monitors,LG StanbyME GO Portable Wireless Touch Screen Display 27LX5QKNA New,569.0,27.0,,60.0,1.0,LG,27LX5QKNA,2025-01-28 17:20:43
Gaming Monitors,Bitm Newsync X400UHD Nature 40 Ordinary Product - Tracking,598.6,40.0,16 : 9,60.0,5.0,Bitm,Newsync X400UHD Nature HDR,2025-01-28 17:20:34
Gaming Monitors,MSI G321CU Gaming LED 31.5 1500R Display Port 2 HDM,629.99,31.5,16:9,144.0,1.0,MSI,"Lenovo G27qe-20, 27""",2025-01-28 17:20:30
Gaming Monitors,32-inch display aluminum alloy body MAC external expansion screen Typec,667.2,32.0,16:9,75.0,5.0,Fshuo,,2025-01-28 17:20:01
Gaming Monitors,EIZO FORIS FS2735 PC Black,835.97,27.0,,,1.0,EIZO,FS2735,2025-01-28 17:21:46
Gaming Monitors,ALIENWARE AW3225QF QD- 32 - - G-SYNC,899.66,32.0,21:9,240.0,4.0,Alienware,G-SYNC,2025-01-28 17:20:34
Gaming Monitors,ASUS PG32UQX 32 ROG Swift G-Sync 3840 x 2160 ...,943.95,24.0,,144.0,1.0,Ezy P.C. Sales,,2025-01-28 17:21:40
Gaming Monitors,NEW Samsung 57 Odyssey Neo G9 Quantum,1798.94,57.0,,240.0,1.0,Samsung,Samsung Odyssey Neo G9,2025-01-28 17:21:27
Gaming Monitors,nzxt gaming pc asus,2000.0,32.0,,165.0,1.0,ASUS,,2025-01-28 17:19:03
