title,price,image_url,product_url,Memory Speed,Product Dimensions,Hard Disk Description,Flash Memory Size,Included Components,Color,Style,Specific Uses For Product,Hard Drive Interface,Graphics Coprocessor,Number of USB 3.0 Ports,Operating System,RAM,Standing screen display size,Graphics Card Description,Card Description,Power Source,Screen Size,Series,Processor,Voltage,ASIN,Batteries,Item model number,CPU Manufacturer,CPU Model,Manufacturer,Max Screen Resolution,Optical Drive Type,Ram Memory Installed Size,Special Feature,Computer Memory Type,CPU Speed,Hard Drive Rotational Speed,Brand,Processor Brand,Number of Processors,Age Range (Description),Chipset Brand,Hard Disk Size,Hard Drive,Number of USB 2.0 Ports,Item Dimensions  LxWxH,Hardware Platform,Assembly Required,Date First Available,Average Battery Life (in hours),Graphics Card Ram Size,Model Name,Wireless Type,Country of Origin,Item Weight,Material,Screen Resolution
"HP Newest 15.6"" HD Display Laptop, AMD Athlon Silver 3050Uup to 3.2GHz,Beat ...",MAD 6875,https://m.media-amazon.com/images/I/61PoO0x23QL._AC_US218_.jpg,https://www.ubuy.ma/en/product/IBXXG2HSW-hp-newest-15-6-hd-display-laptop-amd-athlon-silver-3050u-up-to-3-2ghz-beat-i3-8130u-16gb-ram-1tb-ssd-1-year-office365-wifi-bluetooth-hdmi-we,,‎12.4 x 9.69 x 0.75 inches,,,,32GB RAM,,,‎Solid State,‎NVIDIA GeForce RTX 4060,,Windows 11 Pro,‎DDR5,‎14 Inches,Dedicated,‎Dedicated,,14 Inches (35.6 cm),‎MSI Stealth 14 Studio,‎2.4 GHz core_i7,,,,‎Stealth 14Studio A13VF-250US,,Core i7,,‎1920x1200 Pixels,,32 GB,Backlit Keyboard,‎DDR5 RAM,,,EXCaliberPC,‎Intel,‎10,,‎NVIDIA,4 TB,‎4 TB SSD,,‎12.4 x 9.69 x 0.75 inches,‎PC,,2024-11-28 03:44:37,,,MSI Stealth 14 Studio,,,‎3.75 pounds,,
"2022 Newest HP 15.6"" HD Display Laptop Computer, 11th Gen Intel Core i3-1115G4Up to ...",MAD 5249,https://m.media-amazon.com/images/I/71TtnvnnDfL._AC_SS57_.jpg,https://www.ubuy.ma/en/product/4Q0SWLLGI-2022-newest-hp-15-6-hd-display-laptop-computer-11th-gen-intel-core-i3-1115g4-up-to-4-1ghz-16gb-ram-256gb-ssd-webcam-bluetooth-wi-fi,,‎12.4 x 9.69 x 0.75 inches,,,,32GB RAM,,,‎Solid State,‎NVIDIA GeForce RTX 4060,,Windows 11 Pro,‎DDR5,‎14 Inches,Dedicated,‎Dedicated,,14 Inches (35.6 cm),‎MSI Stealth 14 Studio,‎2.4 GHz core_i7,,,,‎Stealth 14Studio A13VF-250US,,Core i7,,‎1920x1200 Pixels,,32 GB,Backlit Keyboard,‎DDR5 RAM,,,EXCaliberPC,‎Intel,‎10,,‎NVIDIA,4 TB,‎4 TB SSD,,‎12.4 x 9.69 x 0.75 inches,‎PC,,2024-11-28 03:44:37,,,MSI Stealth 14 Studio,,,‎3.75 pounds,,
"HP Pavilion 14"" FHD 1920x1080 IPS Laptop | AMD Ryzen 7 5825U 8-Core | AMD Radeon ...",MAD 12750,https://m.media-amazon.com/images/I/61VX-3EGe2L._AC_US218_.jpg,https://www.ubuy.ma/en/product/MJ8UTJDXG-hp-pavilion-14-fhd-1920x1080-ips-laptop-amd-ryzen-7-5825u-8-core-amd-radeon-graphics-usb-c-backlit-keyboard-fingerprint-hdmi-2-1,,20 x 10.1 x 0.85 inches (50.8 x 25.7 x 2.2 cm),,,,,,,,Intel Graphics,,Windows 11 Home,16 GB Onboard ONLY,16 Inches (40.6 cm),,,,16 Inches (40.6 cm),IdeaPad 5i,1.8 GHz core_i7,,B0DNRD8Y92,,,Intel,Core i7,,,No Optical Drive,,,SDRAM,1.8 GHz,,Lenovo,Intel,,,,2 TB,2 TB,,20 x 10.1 x 0.85 inches (50.8 x 25.7 x 2.2 cm),PC,,"November 26, 2024",,,IdeaPad 5i,,,4.5 pounds (2.04 kg),,1920x1200
"Lenovo IdeaPad 5i School & Business 2-in-1 Laptop 16.0"" Touchscreen IPS FHD+ ...",MAD 11397,https://d3ulwu8fab47va.cloudfront.net/skin/frontend/default/ubuycom/images/loading.gif,https://www.ubuy.ma/en/product/MRQ5LDPIU-lenovo-ideapad-5i-school-business-2-in-1-laptop-16-0-touchscreen-ips-wuxga-display-intel-core-7-150u-16gb-lpddr5x-1tb-m-2-pcie-ssd,,20 x 10.1 x 0.85 inches (50.8 x 25.7 x 2.2 cm),,,,,,,,Intel Graphics,,Windows 11 Home,16 GB Onboard ONLY,16 Inches (40.6 cm),,,,16 Inches (40.6 cm),IdeaPad 5i,1.8 GHz core_i7,,B0DNRD8Y92,,,Intel,Core i7,,,No Optical Drive,,,SDRAM,1.8 GHz,,Lenovo,Intel,,,,2 TB,2 TB,,20 x 10.1 x 0.85 inches (50.8 x 25.7 x 2.2 cm),PC,,"November 26, 2024",,,IdeaPad 5i,,,4.5 pounds (2.04 kg),,1920x1200
EXCaliberPC [2024] MSI Stealth 14Studio A13VF-250US Pro Extreme Intel Core ...,MAD 29707,https://d3ulwu8fab47va.cloudfront.net/skin/frontend/default/ubuycom/images/loading.gif,https://www.ubuy.ma/en/product/MRDPANI38-excaliberpc-2024-msi-stealth-14studio-a13vf-250us-pro-extreme-intel-core-i7-13620h-32gb-ddr5-ram-4tb-nvme-ssd-nvidia-geforce-rtx-4060-14,,20 x 10.1 x 0.85 inches (50.8 x 25.7 x 2.2 cm),,,,,,,,Intel Graphics,,Windows 11 Home,16 GB Onboard ONLY,16 Inches (40.6 cm),,,,16 Inches (40.6 cm),IdeaPad 5i,1.8 GHz core_i7,,B0DNRD8Y92,,,Intel,Core i7,,,No Optical Drive,,,SDRAM,1.8 GHz,,Lenovo,Intel,,,,2 TB,2 TB,,20 x 10.1 x 0.85 inches (50.8 x 25.7 x 2.2 cm),PC,,"November 26, 2024",,,IdeaPad 5i,,,4.5 pounds (2.04 kg),,1920x1200
"Lenovo ThinkPad X1 Carbon 20QES8X600, 14  Full HD Laptop, i5-8265U, 8GB Ram, 512GB ...",MAD 14253,https://m.media-amazon.com/images/I/41vDYAxU4wL._SS100_.jpg,https://www.ubuy.ma/en/product/8EBALP1MC-lenovo-2023-thinkpad-x1-carbon-gen-9-14-0-wuxga-ips-low-blue-light-business-laptop-intel-core-i7-1185g7-vpro-16gb-ram-512gb-pcie-ssd-intel,,,,,,,,,,,,,,,,,,,,,,,,,,,,,,,,,,,,,,,,,,,,,,,,,,,,,,
"Lenovo IdeaPad 5i School & Business 2-in-1 Laptop 16.0"" Touchscreen IPS FHD+ ...",MAD 13037,https://d3ulwu8fab47va.cloudfront.net/skin/frontend/default/ubuycom/images/loading.gif,https://www.ubuy.ma/en/product/MVKERS63U-lenovo-ideapad-5i-school-business-2-in-1-laptop-16-0-touchscreen-ips-wuxga-display-intel-core-7-150u-16gb-lpddr5x-2tb-m-2-pcie-ssd,,,,,,,,,,,,,,,,,,,,,,,,,,,,,,,,,,,,,,,,,,,,,,,,,,,,,,
"Dell 2024 Inspiron 15 Students and Business Laptop, Free Lifetime Microsoft Office ...",MAD 7695,https://d3ulwu8fab47va.cloudfront.net/skin/frontend/default/ubuycom/images/loading.gif,https://www.ubuy.ma/en/product/M1JIUJN22-dell-2024-inspiron-15-students-and-business-laptop-free-lifetime-microsoft-office-2021-15-6-fhd-16gb-ram-512gb-ssd-intel-6-core-i3-1215u,,,,,,,,,,,,,,,,,,,,,,,,,,,,,,,,,,,,,,,,,,,,,,,,,,,,,,
"HP Pavilion 15.6"" FHD Laptop | Intel 8-Core CPU | 16GB RAM | 1TB Storage 512GB SSD ...",MAD 7831,https://d3ulwu8fab47va.cloudfront.net/skin/frontend/default/ubuycom/images/loading.gif,https://www.ubuy.ma/en/product/MVAUTW3VY-newest-pavilion-15-6-fhd-laptop-intel-8-core-cpu-16gb-ram-1tb-storage-512gb-ssd-500gb-p500-portable-ssd-red-wi-fi-6,1.8 GHz,9.25 x 13.03 x 0.8 inches (23.5 x 33.1 x 2 cm),,,,,,,USB 3.1,Intel UHD Graphics,2,Windows 10 Pro,64 GB SO-DIMM,14 Inches (35.6 cm),Integrated,Integrated,Battery Powered,14 Inches (35.6 cm),ThinkPad L14,1.8 GHz core_i7,,B08JYJ8Q3T,,20U1002BUS-859-121101,,Core i7,,1920 x 1080 Pixels,,64 GB,,DDR4 SDRAM,1.8 GHz,,Lenovo,Intel,4,,Intel,4 TB,4 TB SSD,,9.25 x 13.03 x 0.8 inches (23.5 x 33.1 x 2 cm),PC,,"September 23, 2020",,,ThinkPad L14,Bluetooth,,3.56 pounds (1.61 kg),,1920 x 1080
"Alienware m16 R2 Gaming Laptop 16.0"" 240Hz WQXGA Intel Ultra 7-155H 16-Core, ...",MAD 29981,https://d3ulwu8fab47va.cloudfront.net/skin/frontend/default/ubuycom/images/loading.gif,https://www.ubuy.ma/en/product/JUXBH6L6E-m16-r2-gaming-laptop-intel-ultra-7-155h-16-core-16gb-ddr5-5600mhz-ram-2x512gb-pcie-ssd-raid-0-1tb-geforce-rtx-4070-16-0-240-hz-wide-qxga,1.8 GHz,9.25 x 13.03 x 0.8 inches (23.5 x 33.1 x 2 cm),,,,,,,USB 3.1,Intel UHD Graphics,2,Windows 10 Pro,64 GB SO-DIMM,14 Inches (35.6 cm),Integrated,Integrated,Battery Powered,14 Inches (35.6 cm),ThinkPad L14,1.8 GHz core_i7,,B08JYJ8Q3T,,20U1002BUS-859-121101,,Core i7,,1920 x 1080 Pixels,,64 GB,,DDR4 SDRAM,1.8 GHz,,Lenovo,Intel,4,,Intel,4 TB,4 TB SSD,,9.25 x 13.03 x 0.8 inches (23.5 x 33.1 x 2 cm),PC,,"September 23, 2020",,,ThinkPad L14,Bluetooth,,3.56 pounds (1.61 kg),,1920 x 1080
"HP Newest Pavilion 15.6"" Touchscreen Laptop   Intel 12th-Gen 6 Core Processor   ...",MAD 10701,https://d3ulwu8fab47va.cloudfront.net/skin/frontend/default/ubuycom/images/loading.gif,https://www.ubuy.ma/en/product/LUFRXPYGW-hp-newest-15-6-touchscreen-laptop-intel-12th-gen-6-core-processor-64gb-ram-1tb-pcie-ssd-type-c-webcam-bluetooth-wi-fi-hdmi-long-battery,1.8 GHz,9.25 x 13.03 x 0.8 inches (23.5 x 33.1 x 2 cm),,,,,,,USB 3.1,Intel UHD Graphics,2,Windows 10 Pro,64 GB SO-DIMM,14 Inches (35.6 cm),Integrated,Integrated,Battery Powered,14 Inches (35.6 cm),ThinkPad L14,1.8 GHz core_i7,,B08JYJ8Q3T,,20U1002BUS-859-121101,,Core i7,,1920 x 1080 Pixels,,64 GB,,DDR4 SDRAM,1.8 GHz,,Lenovo,Intel,4,,Intel,4 TB,4 TB SSD,,9.25 x 13.03 x 0.8 inches (23.5 x 33.1 x 2 cm),PC,,"September 23, 2020",,,ThinkPad L14,Bluetooth,,3.56 pounds (1.61 kg),,1920 x 1080
"ASUS ROG Strix G16 Gaming Laptop, 16"" Nebula Display QHD 240 Hz, Intel 24-Core ...",MAD 32440,https://d3ulwu8fab47va.cloudfront.net/skin/frontend/default/ubuycom/images/loading.gif,https://www.ubuy.ma/en/product/MRDVKQAOE-asus-rog-strix-g16-gaming-laptop-16-nebula-display-qhd-240-hz-intel-24-core-i9-14900hx-geforce-rtx-4070-32-gb-ddr5-2-tb-ssd-4-zone-rgb,1.8 GHz,9.25 x 13.03 x 0.8 inches (23.5 x 33.1 x 2 cm),,,,,,,USB 3.1,Intel UHD Graphics,2,Windows 10 Pro,64 GB SO-DIMM,14 Inches (35.6 cm),Integrated,Integrated,Battery Powered,14 Inches (35.6 cm),ThinkPad L14,1.8 GHz core_i7,,B08JYJ8Q3T,,20U1002BUS-859-121101,,Core i7,,1920 x 1080 Pixels,,64 GB,,DDR4 SDRAM,1.8 GHz,,Lenovo,Intel,4,,Intel,4 TB,4 TB SSD,,9.25 x 13.03 x 0.8 inches (23.5 x 33.1 x 2 cm),PC,,"September 23, 2020",,,ThinkPad L14,Bluetooth,,3.56 pounds (1.61 kg),,1920 x 1080
"acer Nitro V Gaming Laptop | i7-13620H | RTX 4050 | 15.6"" FHD IPS 144Hz | 16GB DDR5 ...",MAD 13591,https://d3ulwu8fab47va.cloudfront.net/skin/frontend/default/ubuycom/images/loading.gif,https://www.ubuy.ma/en/product/JH29055ZA-acer-nitro-v-gaming-laptop-i7-13620h-rtx-4050-15-6-fhd-ips-144hz-16gb-ddr5-512gb-gen-4-ssd-wifi-6-anv15-51-73b9-nitro-gen-2-wired,,12.76 x 0.71 x 8.86 inches (32.4 x 1.8 x 22.5 cm),,,,Black,,,,Intel UHD Graphics,3,Windows 11 Home,DDR4,14 Inches (35.6 cm),Integrated,Integrated,,14 Inches (35.6 cm),HP HD Laptop,1.1 GHz celeron_n,,B0D9KFFXR4,,HP HD Laptop,,Celeron N,,1366x768 Pixels,No Optical Drive,4 GB,"WiFi, Webcam, HD Audio, Memory Card Slot",DDR4 SDRAM,,,HP,Intel,4,,Intel,128 GB,128 GB SSD,,12.76 x 0.71 x 8.86 inches (32.4 x 1.8 x 22.5 cm),,,"July 16, 2024",,,HP HD Laptop,"Bluetooth, 802.11ac",,3.24 pounds (1.47 kg),,1366 x 768 pixels
"Lenovo ThinkPad L14 Home and Business Laptop Intel i7-10510U 4-Core, 64GB RAM, 4TB ...",MAD 34216,https://d3ulwu8fab47va.cloudfront.net/skin/frontend/default/ubuycom/images/loading.gif,https://www.ubuy.ma/en/product/426HQ5WAG-lenovo-thinkpad-l14-home-and-business-laptop-intel-i7-10510u-4-core-64gb-ram-4tb-pcie-ssd-intel-uhd-graphics-14-0-full-hd-1920x1080,,,,,,,,,,,,,,,,,,,,,,,,,,,,,,,,,,,,,,,,,,,,,,,,,,,,,,
"acer Nitro V Gaming Laptop | i7-13620H | RTX 4050 | 15.6"" FHD IPS 144Hz | 16GB DDR5 ...",MAD 13816,https://d3ulwu8fab47va.cloudfront.net/skin/frontend/default/ubuycom/images/loading.gif,https://www.ubuy.ma/en/product/JH2LPD1FG-acer-nitro-v-gaming-laptop-i7-13620h-rtx-4050-15-6-fhd-ips-144hz-16gb-ddr5-512gb-gen-4-ssd-wifi-6-anv15-51-73b9-usb-type-c-gen-1,,,,,,,,,,,,,,,,,,,,,,,,,,,,,,,,,,,,,,,,,,,,,,,,,,,,,,
"HP Laptop for Student Business Computer - 14"" HD Display, Intel Quad-Core N4120, ...",MAD 4429,https://d3ulwu8fab47va.cloudfront.net/skin/frontend/default/ubuycom/images/loading.gif,https://www.ubuy.ma/en/product/MELU2TFVM-hp-newest-laptop-for-student-business-computer-14-hd-display-intel-quad-core-n4120-8gb-ram-384gb-storage-128gb-emmc-256gb-sd-card-wifi,,9.57 x 13.98 x 0.9 inches (24.3 x 35.5 x 2.3 cm),,,,,,,,GeForce RTX 4070,,Windows 11 Pro,20 GB SO-DIMM,16 Inches (40.6 cm),Dedicated,Dedicated,,16 Inches (40.6 cm),ROG Zephyrus G16,2.4 GHz core_i7,,B0DDCX4XHL,,,,Core i7,,1920 x 1200 pixels,,20 GB,,DDR4 SDRAM,2.4 GHz,,ASUS,Intel,,,NVIDIA,512 GB,512 GB,,9.57 x 13.98 x 0.9 inches (24.3 x 35.5 x 2.3 cm),PC,,"October 29, 2024",,,ROG Zephyrus G16,,,4.6 pounds (2.09 kg),,1920 x 1200
"HP 14 Lightweight Business and Student Laptop 14"" HD Anti-Glare Intel Celeron ...",MAD 3186,https://d3ulwu8fab47va.cloudfront.net/skin/frontend/default/ubuycom/images/loading.gif,https://www.ubuy.ma/en/product/M5IUWQ3Y0-hp-14-business-laptop-14-hd-anti-glare-intel-celeron-quad-core-n4120-8gb-ram-128gb-emmc-usb-c-fast-charge-long-lasting-battery-office-365-for,,9.57 x 13.98 x 0.9 inches (24.3 x 35.5 x 2.3 cm),,,,,,,,GeForce RTX 4070,,Windows 11 Pro,20 GB SO-DIMM,16 Inches (40.6 cm),Dedicated,Dedicated,,16 Inches (40.6 cm),ROG Zephyrus G16,2.4 GHz core_i7,,B0DDCX4XHL,,,,Core i7,,1920 x 1200 pixels,,20 GB,,DDR4 SDRAM,2.4 GHz,,ASUS,Intel,,,NVIDIA,512 GB,512 GB,,9.57 x 13.98 x 0.9 inches (24.3 x 35.5 x 2.3 cm),PC,,"October 29, 2024",,,ROG Zephyrus G16,,,4.6 pounds (2.09 kg),,1920 x 1200
"HP 14"" HD Laptop | Quad-core Intel Celeron N4120 Processor | Intel UHD Graphics| ...",MAD 3336,https://d3ulwu8fab47va.cloudfront.net/skin/frontend/default/ubuycom/images/loading.gif,https://www.ubuy.ma/en/product/MIHXM823O-hp-14-hd-laptop-quad-core-intel-celeron-n4120-processor-intel-uhd-graphics-one-year-office-365-silver-8gb-ram-128gb-ssd-windows-11,,9.57 x 13.98 x 0.9 inches (24.3 x 35.5 x 2.3 cm),,,,,,,,GeForce RTX 4070,,Windows 11 Pro,20 GB SO-DIMM,16 Inches (40.6 cm),Dedicated,Dedicated,,16 Inches (40.6 cm),ROG Zephyrus G16,2.4 GHz core_i7,,B0DDCX4XHL,,,,Core i7,,1920 x 1200 pixels,,20 GB,,DDR4 SDRAM,2.4 GHz,,ASUS,Intel,,,NVIDIA,512 GB,512 GB,,9.57 x 13.98 x 0.9 inches (24.3 x 35.5 x 2.3 cm),PC,,"October 29, 2024",,,ROG Zephyrus G16,,,4.6 pounds (2.09 kg),,1920 x 1200
"ASUS ROG Zephyrus G16 Gaming Laptop 16.0"" 165Hz OLED WUXGA Display Intel i7-13620H, ...",MAD 24857,https://d3ulwu8fab47va.cloudfront.net/skin/frontend/default/ubuycom/images/loading.gif,https://www.ubuy.ma/en/product/MBPEBS96W-asus-rog-zephyrus-g16-gaming-entertainment-laptop-intel-i7-13620h-10-core-20gb-ram-512gb-pcie-ssd-geforce-rtx-4070-16-0-165-hz-win-11,,‎15.04 x 10.24 x 0.75 inches,,,,"17"" QHD+ | i7-13700HX | RTX 3000 ADA | 11 Pro",,,‎Solid State,‎NVIDIA,‎1,Windows 11 Pro,,‎17 Inches,NVIDIA RTX 3000 ADA,‎NVIDIA RTX 3000 ADA,‎AC & Battery,17 Inches (43.2 cm),‎MSI CreatorPro Z17HXStudio A13VKT-403US,‎1.5 GHz apple_ci7,,,,‎MS-CreatorZ1713403-HID12,,Intel Core i7,,‎2560 x 1600 Pixels,,96 GB,Backlit Keyboard,‎DDR5 SDRAM,,,HIDevolution,‎Intel,‎16,,‎NVIDIA,8 TB,‎8 TB SSD,,‎15.04 x 10.24 x 0.75 inches,‎PC,,2025-01-04 09:09:18,,‎8 GB,MSI CreatorPro Z17HXStudio A13VKT-403US,,,‎5.49 pounds,,
"HIDevolution [2024] MSI Summit A16 AI+ A3HMTG [Black] 16"" QHD+ 165Hz Touch, 1.4 GHz ...",MAD 26961,https://d3ulwu8fab47va.cloudfront.net/skin/frontend/default/ubuycom/images/loading.gif,https://www.ubuy.ma/en/product/N26L1UBTC-2024-msi-summit-a16-ai-a3hmtg-black-16-qhd-165hz-touch-1-4-ghz-ultra-7-155h-rtx-4060-32-gb-lpddr5x-4-tb-pcie-ssd-windows-11-pro,,‎15.04 x 10.24 x 0.75 inches,,,,"17"" QHD+ | i7-13700HX | RTX 3000 ADA | 11 Pro",,,‎Solid State,‎NVIDIA,‎1,Windows 11 Pro,,‎17 Inches,NVIDIA RTX 3000 ADA,‎NVIDIA RTX 3000 ADA,‎AC & Battery,17 Inches (43.2 cm),‎MSI CreatorPro Z17HXStudio A13VKT-403US,‎1.5 GHz apple_ci7,,,,‎MS-CreatorZ1713403-HID12,,Intel Core i7,,‎2560 x 1600 Pixels,,96 GB,Backlit Keyboard,‎DDR5 SDRAM,,,HIDevolution,‎Intel,‎16,,‎NVIDIA,8 TB,‎8 TB SSD,,‎15.04 x 10.24 x 0.75 inches,‎PC,,2025-01-04 09:09:18,,‎8 GB,MSI CreatorPro Z17HXStudio A13VKT-403US,,,‎5.49 pounds,,
"HIDevolution [2024] MSI CreatorPro 16 AI Studio A1VMG 16"" UHD+ 120Hz, 3.8 GHz Ultra ...",MAD 45817,https://d3ulwu8fab47va.cloudfront.net/skin/frontend/default/ubuycom/images/loading.gif,https://www.ubuy.ma/en/product/M6IDCQYQU-2024-msi-creatorpro-16-ai-studio-a1vmg-16-uhd-120hz-3-8-ghz-ultra-9-185h-rtx-3000-ada-96-gb-ddr5-ram-2-tb-pcie-ssd-windows-11-pro,,‎15.04 x 10.24 x 0.75 inches,,,,"17"" QHD+ | i7-13700HX | RTX 3000 ADA | 11 Pro",,,‎Solid State,‎NVIDIA,‎1,Windows 11 Pro,,‎17 Inches,NVIDIA RTX 3000 ADA,‎NVIDIA RTX 3000 ADA,‎AC & Battery,17 Inches (43.2 cm),‎MSI CreatorPro Z17HXStudio A13VKT-403US,‎1.5 GHz apple_ci7,,,,‎MS-CreatorZ1713403-HID12,,Intel Core i7,,‎2560 x 1600 Pixels,,96 GB,Backlit Keyboard,‎DDR5 SDRAM,,,HIDevolution,‎Intel,‎16,,‎NVIDIA,8 TB,‎8 TB SSD,,‎15.04 x 10.24 x 0.75 inches,‎PC,,2025-01-04 09:09:18,,‎8 GB,MSI CreatorPro Z17HXStudio A13VKT-403US,,,‎5.49 pounds,,
"HIDevolution [2024] MSI Prestige 16 AI Evo B1MG [Gray] 16"" QHD+, 1.4 GHz Ultra ...",MAD 24911,https://d3ulwu8fab47va.cloudfront.net/skin/frontend/default/ubuycom/images/loading.gif,https://www.ubuy.ma/en/product/N23NGPNOO-2024-msi-prestige-16-ai-evo-b1mg-gray-16-qhd-1-4-ghz-ultra-7-155h-intel-arc-32-gb-lpddr5-4-tb-pcie-ssd-windows-11-pro,,‎15.04 x 10.24 x 0.75 inches,,,,"17"" QHD+ | i7-13700HX | RTX 3000 ADA | 11 Pro",,,‎Solid State,‎NVIDIA,‎1,Windows 11 Pro,,‎17 Inches,NVIDIA RTX 3000 ADA,‎NVIDIA RTX 3000 ADA,‎AC & Battery,17 Inches (43.2 cm),‎MSI CreatorPro Z17HXStudio A13VKT-403US,‎1.5 GHz apple_ci7,,,,‎MS-CreatorZ1713403-HID12,,Intel Core i7,,‎2560 x 1600 Pixels,,96 GB,Backlit Keyboard,‎DDR5 SDRAM,,,HIDevolution,‎Intel,‎16,,‎NVIDIA,8 TB,‎8 TB SSD,,‎15.04 x 10.24 x 0.75 inches,‎PC,,2025-01-04 09:09:18,,‎8 GB,MSI CreatorPro Z17HXStudio A13VKT-403US,,,‎5.49 pounds,,
"HIDevolution [2024] MSI Vector 16 HX A14VFG 16"" QHD+ 240Hz, 1.6 GHz i9-14900HX, RTX ...",MAD 35296,https://d3ulwu8fab47va.cloudfront.net/skin/frontend/default/ubuycom/images/loading.gif,https://www.ubuy.ma/en/product/IXJDVC2IS-2024-msi-vector-16-hx-a14vfg-16-qhd-240hz-1-6-ghz-i9-14900hx-rtx-4060-96-gb-ddr5-ram-4-tb-pcie-ssd-windows-11-pro,1.6 GHz,12.7 x 8.4 x 0.7 inches (32.3 x 21.3 x 1.8 cm),,,,Silver,,,Solid State,Intel UHD Graphics Integrated,,Windows 10,8 GB DDR4,14 Inches (35.6 cm),Integrated,Integrated,AC & Battery,14 Inches (35.6 cm),Lenovo Yoga C740 2-in-1,1.6 GHz core_i5,,B08D3CVRN7,,Lenovo Yoga C740,,Core i5,,Full HD ( 1920 x 1080 ) IPS Touchscreen,,8 GB,"Backlit Keyboard,Fingerprint,Pen",DDR SDRAM,,1.00,Lenovo,Intel,4,,Intel,512 GB,512 GB SSD,,12.7 x 8.4 x 0.7 inches (32.3 x 21.3 x 1.8 cm),Convertible 2 in 1 Laptop Computer,,"July 16, 2020",13 Hours,,Lenovo Yoga C740 2-in-1,802.11ac,,3.09 pounds (1.4 kg),,1920x1080
HP Envy x360 Convertible 15t Home and Business Laptop 2-in-1 Intel i5-1135G7 ...,MAD 13570,https://d3ulwu8fab47va.cloudfront.net/skin/frontend/default/ubuycom/images/loading.gif,https://www.ubuy.ma/en/product/1AEP8GBDY-hp-envy-x360-convertible-15t-es-home-and-business-laptop-2-in-1-intel-i5-1135g7-4-core-32gb-ram-1tb-pcie-ssd-intel-iris-xe-15-6-touch-full,1.6 GHz,12.7 x 8.4 x 0.7 inches (32.3 x 21.3 x 1.8 cm),,,,Silver,,,Solid State,Intel UHD Graphics Integrated,,Windows 10,8 GB DDR4,14 Inches (35.6 cm),Integrated,Integrated,AC & Battery,14 Inches (35.6 cm),Lenovo Yoga C740 2-in-1,1.6 GHz core_i5,,B08D3CVRN7,,Lenovo Yoga C740,,Core i5,,Full HD ( 1920 x 1080 ) IPS Touchscreen,,8 GB,"Backlit Keyboard,Fingerprint,Pen",DDR SDRAM,,1.00,Lenovo,Intel,4,,Intel,512 GB,512 GB SSD,,12.7 x 8.4 x 0.7 inches (32.3 x 21.3 x 1.8 cm),Convertible 2 in 1 Laptop Computer,,"July 16, 2020",13 Hours,,Lenovo Yoga C740 2-in-1,802.11ac,,3.09 pounds (1.4 kg),,1920x1080
"HIDevolution [2024] MSI CreatorPro Z17 HX Studio A13VKT 17"" QHD+ 165Hz Touch, 4.5 ...",MAD 60984,https://d3ulwu8fab47va.cloudfront.net/skin/frontend/default/ubuycom/images/loading.gif,https://www.ubuy.ma/en/product/N26L1UBXA-2024-msi-creatorpro-z17-hx-studio-a13vkt-17-qhd-165hz-touch-4-5-ghz-i7-13700hx-rtx-3000-ada-96-gb-ddr5-ram-8-tb-pcie-ssd-windows-11-pro,1.6 GHz,12.7 x 8.4 x 0.7 inches (32.3 x 21.3 x 1.8 cm),,,,Silver,,,Solid State,Intel UHD Graphics Integrated,,Windows 10,8 GB DDR4,14 Inches (35.6 cm),Integrated,Integrated,AC & Battery,14 Inches (35.6 cm),Lenovo Yoga C740 2-in-1,1.6 GHz core_i5,,B08D3CVRN7,,Lenovo Yoga C740,,Core i5,,Full HD ( 1920 x 1080 ) IPS Touchscreen,,8 GB,"Backlit Keyboard,Fingerprint,Pen",DDR SDRAM,,1.00,Lenovo,Intel,4,,Intel,512 GB,512 GB SSD,,12.7 x 8.4 x 0.7 inches (32.3 x 21.3 x 1.8 cm),Convertible 2 in 1 Laptop Computer,,"July 16, 2020",13 Hours,,Lenovo Yoga C740 2-in-1,802.11ac,,3.09 pounds (1.4 kg),,1920x1080
"ASUS ROG Strix G16 16"" 240Hz Gaming Laptop Intel-i9-14900HX24 cores, NVIDIA GeForce ...",MAD 34203,https://d3ulwu8fab47va.cloudfront.net/skin/frontend/default/ubuycom/images/loading.gif,https://www.ubuy.ma/en/product/JN9LARGFS-asus-rog-strix-g16-gaming-laptop-16-wqxga-240hz-display-i9-14900hx-24-cores-nvidia-geforce-rtx-4060-64gb-ddr5-ram-2tb-ssd-wifi,1.6 GHz,12.7 x 8.4 x 0.7 inches (32.3 x 21.3 x 1.8 cm),,,,Silver,,,Solid State,Intel UHD Graphics Integrated,,Windows 10,8 GB DDR4,14 Inches (35.6 cm),Integrated,Integrated,AC & Battery,14 Inches (35.6 cm),Lenovo Yoga C740 2-in-1,1.6 GHz core_i5,,B08D3CVRN7,,Lenovo Yoga C740,,Core i5,,Full HD ( 1920 x 1080 ) IPS Touchscreen,,8 GB,"Backlit Keyboard,Fingerprint,Pen",DDR SDRAM,,1.00,Lenovo,Intel,4,,Intel,512 GB,512 GB SSD,,12.7 x 8.4 x 0.7 inches (32.3 x 21.3 x 1.8 cm),Convertible 2 in 1 Laptop Computer,,"July 16, 2020",13 Hours,,Lenovo Yoga C740 2-in-1,802.11ac,,3.09 pounds (1.4 kg),,1920x1080
"Lenovo ThinkPad P1 Gen 4 20Y30036US 16"" Mobile Workstation - WQUXGA - 3840 x 2400 - ...",MAD 26534,https://d3ulwu8fab47va.cloudfront.net/skin/frontend/default/ubuycom/images/loading.gif,https://www.ubuy.ma/en/product/4XUNGH0TW-lenovo-thinkpad-p1-gen-4-20y30036us-16-mobile-workstation-wquxga-3840-x-2400-intel-core-i7-11th-gen-i7-11800h-octa-core-8-core-2-30-ghz,,15.91 x 1.07 x 12.29 inches (40.4 x 2.7 x 31.2 cm),,,,Black,,,Solid State,NVIDIA GeForce RTX 4080,3,Windows 11 Pro,DDR5,18 Inches (45.7 cm),Dedicated,Dedicated,Corded Electric,18 Inches (45.7 cm),Acer Predator Helios 18,5.8 GHz core_i9,,B0D6YF119Z,,Acer Predator Helios 18,,Core i9,,2560x1600 Pixels,No,32 GB,Backlit Keyboard,DDR5 RAM,,,acer,Intel,24,,NVIDIA,1 TB,1 TB SSD,,15.91 x 1.07 x 12.29 inches (40.4 x 2.7 x 31.2 cm),,,"June 12, 2024",,,Acer Predator Helios 18,802.11.be,,7.17 pounds (3.25 kg),,2560 x 1600 pixels
"hp Notebook Laptop 15.6"" HD Touchscreen, 12th Intel 6-Core i3-1215U Processor, 16GB ...",MAD 6820,https://d3ulwu8fab47va.cloudfront.net/skin/frontend/default/ubuycom/images/loading.gif,https://www.ubuy.ma/en/product/MRECITQ2M-hp-notebook-laptop-15-6-hd-touchscreen-12th-intel-6-core-i3-1215u-processor-16gb-ram-1tb-pcie-ssd-type-c-hdmi-sd-card-reader-windows-11-gm,,15.91 x 1.07 x 12.29 inches (40.4 x 2.7 x 31.2 cm),,,,Black,,,Solid State,NVIDIA GeForce RTX 4080,3,Windows 11 Pro,DDR5,18 Inches (45.7 cm),Dedicated,Dedicated,Corded Electric,18 Inches (45.7 cm),Acer Predator Helios 18,5.8 GHz core_i9,,B0D6YF119Z,,Acer Predator Helios 18,,Core i9,,2560x1600 Pixels,No,32 GB,Backlit Keyboard,DDR5 RAM,,,acer,Intel,24,,NVIDIA,1 TB,1 TB SSD,,15.91 x 1.07 x 12.29 inches (40.4 x 2.7 x 31.2 cm),,,"June 12, 2024",,,Acer Predator Helios 18,802.11.be,,7.17 pounds (3.25 kg),,2560 x 1600 pixels
"Lenovo Yoga C740 14 Business 2-in-1 Laptop 14"" FHD IPS Touchscreen 10th Gen Intel ...",MAD 16440,https://d3ulwu8fab47va.cloudfront.net/skin/frontend/default/ubuycom/images/loading.gif,https://www.ubuy.ma/en/product/36IZ0YA-2020-latest-lenovo-yoga-c740-convertible-2-in-1-laptop-14-fhd-ips-touchscreen-10th-gen-intel-quad-core-i5-10210u-beats-i7-8550u-8gb-ddr4-512gb-pcie-ss,,15.91 x 1.07 x 12.29 inches (40.4 x 2.7 x 31.2 cm),,,,Black,,,Solid State,NVIDIA GeForce RTX 4080,3,Windows 11 Pro,DDR5,18 Inches (45.7 cm),Dedicated,Dedicated,Corded Electric,18 Inches (45.7 cm),Acer Predator Helios 18,5.8 GHz core_i9,,B0D6YF119Z,,Acer Predator Helios 18,,Core i9,,2560x1600 Pixels,No,32 GB,Backlit Keyboard,DDR5 RAM,,,acer,Intel,24,,NVIDIA,1 TB,1 TB SSD,,15.91 x 1.07 x 12.29 inches (40.4 x 2.7 x 31.2 cm),,,"June 12, 2024",,,Acer Predator Helios 18,802.11.be,,7.17 pounds (3.25 kg),,2560 x 1600 pixels
"HP Stream 14 Inch Laptop for Student Intel Celeron N4120,16GB RAM,128GB ...",MAD 4292,https://d3ulwu8fab47va.cloudfront.net/skin/frontend/default/ubuycom/images/loading.gif,https://www.ubuy.ma/en/product/N26KWEJQU-stream-14-inch-laptop-for-student-intel-celeron-n4120-16gb-ram-128gb-emmc-microsoft-365-with-1tb-cloud-storage-720p-webcam-windows-11-s-long-battery,,15.91 x 1.07 x 12.29 inches (40.4 x 2.7 x 31.2 cm),,,,Black,,,Solid State,NVIDIA GeForce RTX 4080,3,Windows 11 Pro,DDR5,18 Inches (45.7 cm),Dedicated,Dedicated,Corded Electric,18 Inches (45.7 cm),Acer Predator Helios 18,5.8 GHz core_i9,,B0D6YF119Z,,Acer Predator Helios 18,,Core i9,,2560x1600 Pixels,No,32 GB,Backlit Keyboard,DDR5 RAM,,,acer,Intel,24,,NVIDIA,1 TB,1 TB SSD,,15.91 x 1.07 x 12.29 inches (40.4 x 2.7 x 31.2 cm),,,"June 12, 2024",,,Acer Predator Helios 18,802.11.be,,7.17 pounds (3.25 kg),,2560 x 1600 pixels
"acer - Predator Helios 18 Gaming Laptop - 18"" 2560 x 1600 IPS 240Hz, Intel ...",MAD 39682,https://d3ulwu8fab47va.cloudfront.net/skin/frontend/default/ubuycom/images/loading.gif,https://www.ubuy.ma/en/product/JOE2OKGXA-acer-predator-helios-18-gaming-laptop-intel-24-core-i9-14900hx-rtx-4080-18-4k-ips-240hz-display-32gb-ddr5-1tb-ssd-backlit-keyboard-windows-11,,,,,,,,,,,,,,,,,,,,,,,,,,,,,,,,,,,,,,,,,,,,,,,,,,,,,,
"HP Newest Pavilion Touchscreen Laptop for Business Student, with Microsoft Office ...",MAD 11534,https://d3ulwu8fab47va.cloudfront.net/skin/frontend/default/ubuycom/images/loading.gif,https://www.ubuy.ma/en/product/JLS7836VY-hp-newest-pavilion-touchscreen-laptop-for-business-student-with-microsoft-office-lifetime-license-15-6-fhd-display-13th-gen-10-core-i5-1335u,,,,,,With Stylus Pen,,Multimedia,,,,Windows 11,‎16 GB,‎10.5 Inches,,,,10.5 Inches (26.7 cm) (26.7 cm),‎TL15,‎3.4 GHz celeron,,,,,,Celeron,,,,16 GB,,‎DDR4 SDRAM,3.4 GHz,,Tuofudun,‎Intel,,,,512 GB,‎512 GB,,,‎PC,,2025-01-04 09:03:44,,,TL15,,,2.5 lbs (1.13 kg),,
"Acer - Predator Helios NEO 16"" WUXGA 165HZ IPS Gaming Laptop - Intel I5-13500HX ...",MAD 16179,https://d3ulwu8fab47va.cloudfront.net/skin/frontend/default/ubuycom/images/loading.gif,https://www.ubuy.ma/en/product/FGQV7760I-acer-predator-helios-neo-16-wuxga-165hz-ips-gaming-laptop-intel-i5-13500hx-13700h-geforce-rtx-4050-rtx-3060-steel-gray-with,,,,,,With Stylus Pen,,Multimedia,,,,Windows 11,‎16 GB,‎10.5 Inches,,,,10.5 Inches (26.7 cm) (26.7 cm),‎TL15,‎3.4 GHz celeron,,,,,,Celeron,,,,16 GB,,‎DDR4 SDRAM,3.4 GHz,,Tuofudun,‎Intel,,,,512 GB,‎512 GB,,,‎PC,,2025-01-04 09:03:44,,,TL15,,,2.5 lbs (1.13 kg),,
"EXCaliberPC [2024] MSI Raider GE78 HX 14VGG-205US Intel Core i9-14900HX, 32GB DDR5 ...",MAD 35843,https://d3ulwu8fab47va.cloudfront.net/skin/frontend/default/ubuycom/images/loading.gif,https://www.ubuy.ma/en/product/IISXQUXO4-2024-msi-raider-ge78-hx-14vgg-205us-intel-core-i9-14900hx-32gb-ddr5-ram-2tb-wd-nvme-ssd-nvidia-geforce-rtx-4070-17-qhd-240hz-windows-11,,,,,,With Stylus Pen,,Multimedia,,,,Windows 11,‎16 GB,‎10.5 Inches,,,,10.5 Inches (26.7 cm) (26.7 cm),‎TL15,‎3.4 GHz celeron,,,,,,Celeron,,,,16 GB,,‎DDR4 SDRAM,3.4 GHz,,Tuofudun,‎Intel,,,,512 GB,‎512 GB,,,‎PC,,2025-01-04 09:03:44,,,TL15,,,2.5 lbs (1.13 kg),,
"HP 14"" Laptop, One Year Office 365 Included, Intel 4-Core N4120 Processor 2.6 GHz, ...",MAD 3459,https://d3ulwu8fab47va.cloudfront.net/skin/frontend/default/ubuycom/images/loading.gif,https://www.ubuy.ma/en/product/MBMWGDCMM-14-laptop-one-year-office-365-included-intel-4-core-n4120-processor-2-6-ghz-11-hours-long-battery-life-8gb-ram-128gb-emmc-storage-128gb,,,,,,With Stylus Pen,,Multimedia,,,,Windows 11,‎16 GB,‎10.5 Inches,,,,10.5 Inches (26.7 cm) (26.7 cm),‎TL15,‎3.4 GHz celeron,,,,,,Celeron,,,,16 GB,,‎DDR4 SDRAM,3.4 GHz,,Tuofudun,‎Intel,,,,512 GB,‎512 GB,,,‎PC,,2025-01-04 09:03:44,,,TL15,,,2.5 lbs (1.13 kg),,
"360  Yoga N95 Laptop,Dual 10.5 Inch IPS Touch Screen,16GB DDR4 512GB SSD,with ...",MAD 6939,https://d3ulwu8fab47va.cloudfront.net/skin/frontend/default/ubuycom/images/loading.gif,https://www.ubuy.ma/en/product/N26KZS2FQ-360-yoga-n95-laptop-dual-10-5-inch-ips-touch-screen-16gb-ddr4-512gb-ssd-with-stylus-pen-2-in-1-tablet-pc-notebook-office-mini-computer,,12.76 x 8.86 x 0.71 inches (32.4 x 22.5 x 1.8 cm),,,,Black,,,Solid State,Intel UHD Graphics,,Windows 11 S,16 GB DDR4,14 Inches (35.6 cm),Integrated,Integrated,,14 Inches (35.6 cm),HP Stream,1.1 GHz celeron,,B0DFW76W5G,,HP Stream N4120,,Celeron,,1366 x 768 Pixels,,16 GB,Anti Glare Coating,DDR4 SDRAM,,,HP,Intel,4,,Intel,128 GB,128 GB Emmc,,12.76 x 8.86 x 0.71 inches (32.4 x 22.5 x 1.8 cm),PC,,"September 2, 2024",,,HP Stream,802.11ac,,3.24 pounds (1.47 kg),,1366 x 768 pixels
"Lenovo ThinkPad L14 Home and Business Laptop Intel i7-10510U 4-Core, 64GB RAM, 2TB ...",MAD 28068,https://d3ulwu8fab47va.cloudfront.net/skin/frontend/default/ubuycom/images/loading.gif,https://www.ubuy.ma/en/product/4CU9YBH0G-lenovo-thinkpad-l14-home-and-business-laptop-intel-i7-10510u-4-core-64gb-ram-2tb-pcie-ssd-intel-uhd-graphics-14-0-full-hd-1920x1080,,12.76 x 8.86 x 0.71 inches (32.4 x 22.5 x 1.8 cm),,,,Black,,,Solid State,Intel UHD Graphics,,Windows 11 S,16 GB DDR4,14 Inches (35.6 cm),Integrated,Integrated,,14 Inches (35.6 cm),HP Stream,1.1 GHz celeron,,B0DFW76W5G,,HP Stream N4120,,Celeron,,1366 x 768 Pixels,,16 GB,Anti Glare Coating,DDR4 SDRAM,,,HP,Intel,4,,Intel,128 GB,128 GB Emmc,,12.76 x 8.86 x 0.71 inches (32.4 x 22.5 x 1.8 cm),PC,,"September 2, 2024",,,HP Stream,802.11ac,,3.24 pounds (1.47 kg),,1366 x 768 pixels
"HP Stream 14"" HD Laptop, Intel Celeron N4120, 16GB RAM, 288GB Storage 128GB eMMC + ...",MAD 5508,https://d3ulwu8fab47va.cloudfront.net/skin/frontend/default/ubuycom/images/loading.gif,https://www.ubuy.ma/en/product/M76FDW7DK-hp-stream-14-hd-laptop-intel-celeron-n4120-16gb-ram-288gb-storage-128gb-emmc-160gb-ssd-docking-station-set-intel-uhd-graphics-hd,,12.76 x 8.86 x 0.71 inches (32.4 x 22.5 x 1.8 cm),,,,Black,,,Solid State,Intel UHD Graphics,,Windows 11 S,16 GB DDR4,14 Inches (35.6 cm),Integrated,Integrated,,14 Inches (35.6 cm),HP Stream,1.1 GHz celeron,,B0DFW76W5G,,HP Stream N4120,,Celeron,,1366 x 768 Pixels,,16 GB,Anti Glare Coating,DDR4 SDRAM,,,HP,Intel,4,,Intel,128 GB,128 GB Emmc,,12.76 x 8.86 x 0.71 inches (32.4 x 22.5 x 1.8 cm),PC,,"September 2, 2024",,,HP Stream,802.11ac,,3.24 pounds (1.47 kg),,1366 x 768 pixels
"Lenovo Yoga 7i 16"" WUXGA 2 in 1 Touchscreen Laptop | Intel Core i7-1335U Processor ...",MAD 11807,https://d3ulwu8fab47va.cloudfront.net/skin/frontend/default/ubuycom/images/loading.gif,https://www.ubuy.ma/en/product/F994K97IW-lenovo-yoga-7i-16-wuxga-2-in-1-touchscreen-laptop-intel-core-i7-1335u-processor-intel-iris-xe-16gb-ram-ddr5-1024gb-ssd-backlit,,,,,,,,,,,,,,,,,,,,,,,,,,,,,,,,,,,,,,,,,,,,,,,,,,,,,,
"HP Stream 14"" HD BrightView Laptop, Intel Celeron N4120, 16GB RAM, 288GB Storage ...",MAD 5508,https://d3ulwu8fab47va.cloudfront.net/skin/frontend/default/ubuycom/images/loading.gif,https://www.ubuy.ma/en/product/MITR3SOI2-stream-14-hd-brightview-laptop-intel-celeron-n4120-16gb-ram-288gb-storage-128gb-emmc-160gb-ssd-docking-station-set-intel-uhd-graphics,,,,,,,,,,,,,,,,,,,,,,,,,,,,,,,,,,,,,,,,,,,,,,,,,,,,,,
"HP 14 Inch Ultra Light Laptop, Intel Quad-Core N4120, 16GB RAM, 320GB 64GB ...",MAD 4565,https://d3ulwu8fab47va.cloudfront.net/skin/frontend/default/ubuycom/images/loading.gif,https://www.ubuy.ma/en/product/ICWNOYEVK-hp-14-inch-laptop-computer-newest-intel-quad-core-4120-processor-16gb-ram-192gb-storage-64gb-emmc-256gb-micro-sd-12h-battery-life-uhd-graphics,,12.76 x 8.86 x 0.71 inches (32.4 x 22.5 x 1.8 cm),,,,Black,,,Solid State,Intel,,Windows 11,DDR4,14 Inches (35.6 cm),Integrated,Integrated,,14 Inches (35.6 cm),14-dq0761dx,1.1 GHz celeron_n4000,,B0D973VWWR,1 Lithium Ion batteries required. (included),14-dq0761dx,,Celeron N4000,,1366 X 768 Pixels,,16 GB,Memory Card Slot,DDR4 SDRAM,,,HP,Intel,4,,Intel,128 GB,128 GB SSD,,12.76 x 8.86 x 0.71 inches (32.4 x 22.5 x 1.8 cm),PC,,"July 11, 2024",,,14-dq0761dx,802.11n,,3.24 pounds (1.47 kg),,1366 x 768 pixels
"HP 17 Inch Laptop, 17.3"" Full HD 1920x1080 IPS Screen, Intel Core i3-N3058-core, ...",MAD 7025,https://d3ulwu8fab47va.cloudfront.net/skin/frontend/default/ubuycom/images/loading.gif,https://www.ubuy.ma/en/product/IJ70HLRUO-hp-17-inch-laptop-17-3-full-hd-1920x1080-ips-screen-intel-core-i3-n305-8-core-8-thread-8gb-ram-512gb-pcie-ssd-natural-silver-windows-11,,12.76 x 8.86 x 0.71 inches (32.4 x 22.5 x 1.8 cm),,,,Black,,,Solid State,Intel,,Windows 11,DDR4,14 Inches (35.6 cm),Integrated,Integrated,,14 Inches (35.6 cm),14-dq0761dx,1.1 GHz celeron_n4000,,B0D973VWWR,1 Lithium Ion batteries required. (included),14-dq0761dx,,Celeron N4000,,1366 X 768 Pixels,,16 GB,Memory Card Slot,DDR4 SDRAM,,,HP,Intel,4,,Intel,128 GB,128 GB SSD,,12.76 x 8.86 x 0.71 inches (32.4 x 22.5 x 1.8 cm),PC,,"July 11, 2024",,,14-dq0761dx,802.11n,,3.24 pounds (1.47 kg),,1366 x 768 pixels
"Lenovo 2024 Newest IdeaPad Flex 5i Chromebook Plus 2-in-1 Laptop, 14"" WUXGA ...",MAD 7148,https://d3ulwu8fab47va.cloudfront.net/skin/frontend/default/ubuycom/images/loading.gif,https://www.ubuy.ma/en/product/LYNW5FSTW-2024-newest-ideapad-flex-5i-chromebook-plus-2-in-1-laptop-14-wuxga-touchscreen-intel-6-core-i3-1315u-8gb-ram-128gb-emmc-128gb-sd-card,,12.76 x 8.86 x 0.71 inches (32.4 x 22.5 x 1.8 cm),,,,Black,,,Solid State,Intel,,Windows 11,DDR4,14 Inches (35.6 cm),Integrated,Integrated,,14 Inches (35.6 cm),14-dq0761dx,1.1 GHz celeron_n4000,,B0D973VWWR,1 Lithium Ion batteries required. (included),14-dq0761dx,,Celeron N4000,,1366 X 768 Pixels,,16 GB,Memory Card Slot,DDR4 SDRAM,,,HP,Intel,4,,Intel,128 GB,128 GB SSD,,12.76 x 8.86 x 0.71 inches (32.4 x 22.5 x 1.8 cm),PC,,"July 11, 2024",,,14-dq0761dx,802.11n,,3.24 pounds (1.47 kg),,1366 x 768 pixels
"Lenovo IdeaPad Business Laptop, 15.6"" FHD 1080p Touchscreen, Intel Core i3-1215U, ...",MAD 7913,https://d3ulwu8fab47va.cloudfront.net/skin/frontend/default/ubuycom/images/loading.gif,https://www.ubuy.ma/en/product/JOCZCWRE4-ideapad-business-laptop-15-6-fhd-1080p-touchscreen-intel-core-i3-1215u-40gb-ram-2tb-pcie-ssd-wi-fi-6-webcam-windows-11-home-w-1-year,,,,,,,,,,,,,,,,,,,,,,,,,,,,,,,,,,,,,,,,,,,,,,,,,,,,,,
"HP 2024 14 HD LED Display Laptop, Intel Celeron N41204-core, 16GB RAM, 384GB128GB ...",MAD 4565,https://d3ulwu8fab47va.cloudfront.net/skin/frontend/default/ubuycom/images/loading.gif,https://www.ubuy.ma/en/product/N26JXE0NO-2024-14-hd-led-display-laptop-intel-celeron-n4120-4-core-16gb-ram-384gb-128gb-ssd-256gb-card-sd-card-slot-usb-c-black-light-weight-windows,,‎11.4 x 0.8 x 7.8 inches,Emmc,‎64 GB,,Gray,,,,,‎2,Chrome OS,‎DDR5,‎11.6 Inches,Integrated,‎Integrated,‎Battery Powered,11.6 Inches (29.5 cm),‎NL73,‎3.4 GHz intel_n100,,,,,,Intel N100,,‎1366 x 768 pixels,,4 GB,,,3.4 GHz,,CTL,‎Intel,‎4,,‎Intel,,‎Emmc,,‎11.4 x 0.8 x 7.8 inches,,,2024-12-18 14:24:31,,,NL73,,,‎2.8 pounds,,
CTL Chromebook NL73,MAD 3989,https://d3ulwu8fab47va.cloudfront.net/skin/frontend/default/ubuycom/images/loading.gif,https://www.ubuy.ma/en/product/MXALDIABC-ctl-chromebook-nl73,,‎11.4 x 0.8 x 7.8 inches,Emmc,‎64 GB,,Gray,,,,,‎2,Chrome OS,‎DDR5,‎11.6 Inches,Integrated,‎Integrated,‎Battery Powered,11.6 Inches (29.5 cm),‎NL73,‎3.4 GHz intel_n100,,,,,,Intel N100,,‎1366 x 768 pixels,,4 GB,,,3.4 GHz,,CTL,‎Intel,‎4,,‎Intel,,‎Emmc,,‎11.4 x 0.8 x 7.8 inches,,,2024-12-18 14:24:31,,,NL73,,,‎2.8 pounds,,
"Gaming Laptop, 15.6 Inch Lap top, Laptops 8GB 256GB SSD, N5095 Traditional ...",MAD 3186,https://d3ulwu8fab47va.cloudfront.net/skin/frontend/default/ubuycom/images/loading.gif,https://www.ubuy.ma/en/product/MVW1XZLSW-gaming-laptop-15-6-inch-laptops-laptop-computer-8gb-ram-256gb-ssd-n5095-laptops-180-angle-opening-fingerprint-unlock-backlit-keyboard-1920x1080,,,,,,,,,,,,,,,,,,,,,,,,,,,,,,,,,,,,,,,,,,,,,,,,,,,,,,
Mini Portable Windows Laptop with Intel Celeron N3350CPU 3GB RAM 64GB EMMC 10.1inch ...,MAD 2243,https://d3ulwu8fab47va.cloudfront.net/skin/frontend/default/ubuycom/images/loading.gif,https://www.ubuy.ma/en/product/M63H3H4WK-mini-portable-windows-laptop-with-intel-celeron-n3350cpu-3gb-ram-64gb-emmc-10-1inch-ips-screen-laptops-for-kids-student-men-women-blue,,‎14 x 0.7 x 9 inches,,‎512 GB,,Silver,,,,,‎2,Win,‎LPDDR4,‎15.6 Inches,Integrated,‎Integrated,,15.6 Inches (39.6 cm),‎UL153,‎1.7 GHz celeron_n,,,‎1 Lithium Ion batteries required. (included),‎UL153,,Celeron N,,‎1920x1080 Pixels,‎NO,8 GB,"HD Audio, Fingerprint Reader, 180 Degrees Open, Backlit Keyboard, Numeric Keypad",‎DDR4 SDRAM,,,DUNHOO,‎Celeron,‎1,,‎Celeron,512 GB,‎512 GB SSD,,‎14 x 0.7 x 9 inches,,,2024-12-12 03:17:44,‎4 Hours,,UL153,‎802.11ac,,‎5.3 pounds,,‎1920 x 1080 pixels
"Lap Desk, Portable Laptop Desk Fits Up to 16  Laptops, with Tablet Slot, Built-in ...","MAD 343                                                                        
                                                                            425",https://d3ulwu8fab47va.cloudfront.net/skin/frontend/default/ubuycom/images/loading.gif,https://www.ubuy.ma/en/product/G5N6S13O6-lap-desk-marbling-portable-laptop-desk-fits-up-to-16-laptops-with-tablet-slot-built-in-cushion-great-for-home-office-lap-desk-for,,‎14 x 0.7 x 9 inches,,‎512 GB,,Silver,,,,,‎2,Win,‎LPDDR4,‎15.6 Inches,Integrated,‎Integrated,,15.6 Inches (39.6 cm),‎UL153,‎1.7 GHz celeron_n,,,‎1 Lithium Ion batteries required. (included),‎UL153,,Celeron N,,‎1920x1080 Pixels,‎NO,8 GB,"HD Audio, Fingerprint Reader, 180 Degrees Open, Backlit Keyboard, Numeric Keypad",‎DDR4 SDRAM,,,DUNHOO,‎Celeron,‎1,,‎Celeron,512 GB,‎512 GB SSD,,‎14 x 0.7 x 9 inches,,,2024-12-12 03:17:44,‎4 Hours,,UL153,‎802.11ac,,‎5.3 pounds,,‎1920 x 1080 pixels
Mini Portable Windows Laptop with Intel Celeron N3350CPU 3GB RAM 64GB EMMC 10.1inch ...,MAD 2243,https://d3ulwu8fab47va.cloudfront.net/skin/frontend/default/ubuycom/images/loading.gif,https://www.ubuy.ma/en/product/M73WMAAPU-zhaohuixin-mini-portable-windows-laptop-with-intel-celeron-n3350cpu-3gb-ram-64gb-emmc-10-1inch-ips-screen-laptops-for-kids-student-men-women,,‎14 x 0.7 x 9 inches,,‎512 GB,,Silver,,,,,‎2,Win,‎LPDDR4,‎15.6 Inches,Integrated,‎Integrated,,15.6 Inches (39.6 cm),‎UL153,‎1.7 GHz celeron_n,,,‎1 Lithium Ion batteries required. (included),‎UL153,,Celeron N,,‎1920x1080 Pixels,‎NO,8 GB,"HD Audio, Fingerprint Reader, 180 Degrees Open, Backlit Keyboard, Numeric Keypad",‎DDR4 SDRAM,,,DUNHOO,‎Celeron,‎1,,‎Celeron,512 GB,‎512 GB SSD,,‎14 x 0.7 x 9 inches,,,2024-12-12 03:17:44,‎4 Hours,,UL153,‎802.11ac,,‎5.3 pounds,,‎1920 x 1080 pixels
Mini Portable Windows Laptop with Intel Celeron N3350CPU 3GB RAM 64GB EMMC 10.1inch ...,MAD 2243,https://d3ulwu8fab47va.cloudfront.net/skin/frontend/default/ubuycom/images/loading.gif,https://www.ubuy.ma/en/product/MC1KQ8JKW-mini-portable-windows-laptop-with-intel-celeron-n3350cpu-3gb-ram-64gb-emmc-10-1inch,,‎14 x 0.7 x 9 inches,,‎512 GB,,Silver,,,,,‎2,Win,‎LPDDR4,‎15.6 Inches,Integrated,‎Integrated,,15.6 Inches (39.6 cm),‎UL153,‎1.7 GHz celeron_n,,,‎1 Lithium Ion batteries required. (included),‎UL153,,Celeron N,,‎1920x1080 Pixels,‎NO,8 GB,"HD Audio, Fingerprint Reader, 180 Degrees Open, Backlit Keyboard, Numeric Keypad",‎DDR4 SDRAM,,,DUNHOO,‎Celeron,‎1,,‎Celeron,512 GB,‎512 GB SSD,,‎14 x 0.7 x 9 inches,,,2024-12-12 03:17:44,‎4 Hours,,UL153,‎802.11ac,,‎5.3 pounds,,‎1920 x 1080 pixels
"Gaming Laptop, 15.6 Inch Lap top, Laptops 8GB 512GB SSD, N5095 Traditional ...","MAD 3609                                                                        
                                                                            4156",https://d3ulwu8fab47va.cloudfront.net/skin/frontend/default/ubuycom/images/loading.gif,https://www.ubuy.ma/en/product/MWKTUGBJM-gaming-laptop-15-6-inch-laptops-laptop-computer-8gb-ram-512gb-ssd-n5095-laptops-180-angle-opening-fingerprint-unlock-backlit-keyboard-1920x1080,,,,,,,,,,,,,,,,,,,,,,,,,,,,,,,,,,,,,,,,,,,,,,,,,,,,,,
Mini Portable Windows Laptop with Intel Celeron N3350CPU 3GB RAM 64GB EMMC 10.1inch ...,MAD 2243,https://d3ulwu8fab47va.cloudfront.net/skin/frontend/default/ubuycom/images/loading.gif,https://www.ubuy.ma/en/product/M6VT7UXUE-mini-portable-windows-laptop-with-intel-celeron-n3350cpu-3gb-ram-64gb-emmc-10-1inch-ips-screen-laptops-for-kids-student-men-women-white,,"3.94""D x 17.72""W x 3.94""H (10 x 45 x 10 cm)",,,Refer to description,Gray,Unisex,,,,,,,,,,,,,,,B0DPQ253SL,,MLURUSFU6GOLEG5OVAEW,,,Sinolmaibe,,,,Refer to description,,,,Sinolmaibe,,,Refer to description,,,,,,,No,"December 6, 2024",,,,,China,6.8 Pounds (3.08 kg),Refer to description,
"Lap Desk, Portable Laptop Desk Fits Up to 16  Laptops, with Tablet Slot, Built-in ...","MAD 343                                                                        
                                                                            425",https://d3ulwu8fab47va.cloudfront.net/skin/frontend/default/ubuycom/images/loading.gif,https://www.ubuy.ma/en/product/J2SWOQGU8-lap-desk-portable-laptop-desk-fits-up-to-16-laptops-with-tablet-slot-built-in-cushion-great-for-home-office-lap-desk-for-laptop-laptop,,"3.94""D x 17.72""W x 3.94""H (10 x 45 x 10 cm)",,,Refer to description,Gray,Unisex,,,,,,,,,,,,,,,B0DPQ253SL,,MLURUSFU6GOLEG5OVAEW,,,Sinolmaibe,,,,Refer to description,,,,Sinolmaibe,,,Refer to description,,,,,,,No,"December 6, 2024",,,,,China,6.8 Pounds (3.08 kg),Refer to description,
"Lap Desk, Portable Laptop Desk Fits Up to 16  Laptops, with Tablet Slot, Built-in ...","MAD 343                                                                        
                                                                            425",https://d3ulwu8fab47va.cloudfront.net/skin/frontend/default/ubuycom/images/loading.gif,https://www.ubuy.ma/en/product/4F86HYX3K-lap-desk-white-marble-portable-laptop-desk-fits-up-to-16-laptops-with-built-in-cushion-great-for-home-office,,"3.94""D x 17.72""W x 3.94""H (10 x 45 x 10 cm)",,,Refer to description,Gray,Unisex,,,,,,,,,,,,,,,B0DPQ253SL,,MLURUSFU6GOLEG5OVAEW,,,Sinolmaibe,,,,Refer to description,,,,Sinolmaibe,,,Refer to description,,,,,,,No,"December 6, 2024",,,,,China,6.8 Pounds (3.08 kg),Refer to description,
"Gaming Laptop, 15.6 Inch Lap top, Laptops 24GB 1TB SSD, N5095 Traditional ...",MAD 5522,https://d3ulwu8fab47va.cloudfront.net/skin/frontend/default/ubuycom/images/loading.gif,https://www.ubuy.ma/en/product/MDA7GEW2A-15-6-inch-laptop-24gb-ram-laptop-1tb-ssd-n5095-gaming-laptop-fingerprint-unlock,,,,,,,,,,,,,,,,,,,,,,,,,,,,,,,,,,,,,,,,,,,,,,,,,,,,,,
"Lap Desks for Laptops - Fold up Bed Table Tray,Laptop Bed Desk with Light, Fan, ...",MAD 831,https://d3ulwu8fab47va.cloudfront.net/skin/frontend/default/ubuycom/images/loading.gif,https://www.ubuy.ma/en/product/N3TUV4STE-lap-desks-for-laptops-fold-up-bed-table-tray-laptop-bed-desk-with-light-fan-drawer-usb-interface-for-bedroom-dorm-bed-couch-sofa-floor,,,,,,,,,,,,,,,,,,,,,,,,,,,,,,,,,,,,,,,,,,,,,,,,,,,,,,
"Lap Desk, Portable Laptop Desk Fits Up to 16  Laptops, with Tablet Slot, Built-in ...","MAD 343                                                                        
                                                                            425",https://d3ulwu8fab47va.cloudfront.net/skin/frontend/default/ubuycom/images/loading.gif,https://www.ubuy.ma/en/product/4FFXU6PUE-lap-desk-brown-portable-laptop-desk-fits-up-to-16-laptops-with-built-in-cushion-great-for-home-office,‎2 GHz,‎12.7 x 4.4 x 0.71 inches,,‎256 GB,,Silver,,,‎PCIE x 16,Intel UHD Graphics 600,‎2,Windows 11,‎6 DDR4,‎14.1 Inches,Integrated,‎Integrated,,14.1 Inches (35.8 cm),,‎1.5 GHz celeron,‎7.6 Volts,,‎1 Lithium Polymer batteries required. (included),‎n4100,,Celeron,,‎1920 x 1080 pixels Pixels,‎DVD,6 GB,"HD Audio, Lightweight",‎DDR4 SDRAM,,,XINHENGTAI,‎Intel,‎1,,‎Intel,256 GB,‎256 GB SSD,,‎12.7 x 4.4 x 0.71 inches,,,2024-07-03 17:09:26,,,,"‎Bluetooth, 802.11ac",,‎3.75 pounds,,‎1920 x 1080 pixels
"Laptop Computers, 36GB RAM 128GB EMMC+2048GB SSD, 15.6 Inch Laptops with Celeron ...",MAD 23285,https://d3ulwu8fab47va.cloudfront.net/skin/frontend/default/ubuycom/images/loading.gif,https://www.ubuy.ma/en/product/MX88LEAUA-laptop-computers-36gb-ram-128gb-emmc-2048gb-ssd-15-6-inch-laptops-with-celeron-n5095-quad-core-up-to-2-9ghz-11-home-portable-notebook-wifi-6,‎2 GHz,‎12.7 x 4.4 x 0.71 inches,,‎256 GB,,Silver,,,‎PCIE x 16,Intel UHD Graphics 600,‎2,Windows 11,‎6 DDR4,‎14.1 Inches,Integrated,‎Integrated,,14.1 Inches (35.8 cm),,‎1.5 GHz celeron,‎7.6 Volts,,‎1 Lithium Polymer batteries required. (included),‎n4100,,Celeron,,‎1920 x 1080 pixels Pixels,‎DVD,6 GB,"HD Audio, Lightweight",‎DDR4 SDRAM,,,XINHENGTAI,‎Intel,‎1,,‎Intel,256 GB,‎256 GB SSD,,‎12.7 x 4.4 x 0.71 inches,,,2024-07-03 17:09:26,,,,"‎Bluetooth, 802.11ac",,‎3.75 pounds,,‎1920 x 1080 pixels
"Lap Desk, Portable Laptop Desk Fits Up to 16  Laptops, with Tablet Slot, Built-in ...","MAD 343                                                                        
                                                                            425",https://d3ulwu8fab47va.cloudfront.net/skin/frontend/default/ubuycom/images/loading.gif,https://www.ubuy.ma/en/product/JB7R0PLHE-lap-desk-portable-laptop-desk-fits-up-to-16-laptops-with-tablet-slot-built-in-cushion-great-for-home-office-lap-desk-for-laptop-lap-desk,‎2 GHz,‎12.7 x 4.4 x 0.71 inches,,‎256 GB,,Silver,,,‎PCIE x 16,Intel UHD Graphics 600,‎2,Windows 11,‎6 DDR4,‎14.1 Inches,Integrated,‎Integrated,,14.1 Inches (35.8 cm),,‎1.5 GHz celeron,‎7.6 Volts,,‎1 Lithium Polymer batteries required. (included),‎n4100,,Celeron,,‎1920 x 1080 pixels Pixels,‎DVD,6 GB,"HD Audio, Lightweight",‎DDR4 SDRAM,,,XINHENGTAI,‎Intel,‎1,,‎Intel,256 GB,‎256 GB SSD,,‎12.7 x 4.4 x 0.71 inches,,,2024-07-03 17:09:26,,,,"‎Bluetooth, 802.11ac",,‎3.75 pounds,,‎1920 x 1080 pixels
"Lap Desk, Portable Laptop Desk Fits Up to 16  Laptops, with Tablet Slot, Built-in ...","MAD 343                                                                        
                                                                            425",https://d3ulwu8fab47va.cloudfront.net/skin/frontend/default/ubuycom/images/loading.gif,https://www.ubuy.ma/en/product/MQDE42T5O-lap-desk-portable-laptop-desk-fits-up-to-16-laptops-with-tablet-slot-built-in-cushion-great-for-home-office-lap-desk-for-laptop-lap-desk,‎2 GHz,‎12.7 x 4.4 x 0.71 inches,,‎256 GB,,Silver,,,‎PCIE x 16,Intel UHD Graphics 600,‎2,Windows 11,‎6 DDR4,‎14.1 Inches,Integrated,‎Integrated,,14.1 Inches (35.8 cm),,‎1.5 GHz celeron,‎7.6 Volts,,‎1 Lithium Polymer batteries required. (included),‎n4100,,Celeron,,‎1920 x 1080 pixels Pixels,‎DVD,6 GB,"HD Audio, Lightweight",‎DDR4 SDRAM,,,XINHENGTAI,‎Intel,‎1,,‎Intel,256 GB,‎256 GB SSD,,‎12.7 x 4.4 x 0.71 inches,,,2024-07-03 17:09:26,,,,"‎Bluetooth, 802.11ac",,‎3.75 pounds,,‎1920 x 1080 pixels
"Windows Laptop Computer, 14.1 Inch Quad Core Laptop Notebook Windows 11 Traditional ...",MAD 2926,https://d3ulwu8fab47va.cloudfront.net/skin/frontend/default/ubuycom/images/loading.gif,https://www.ubuy.ma/en/product/JUSR2179G-windows-laptop-computer-14-1-inch-quad-core-gaming-laptop-notebook-windows-11-traditional-laptop-computers-with-6gb-ddr4-256gb-ssd-2-4-5g-wifi-bt4-0,,,,,,,,,,,,,,,,,,,,,,,,,,,,,,,,,,,,,,,,,,,,,,,,,,,,,,
"Windows 11 Laptops, 15.6 Inch Laptop with 20GB ROM 128GB EMMC+1024GB, Celeron N5095 ...","MAD 10878                                                                        
                                                                            12245",https://d3ulwu8fab47va.cloudfront.net/skin/frontend/default/ubuycom/images/loading.gif,https://www.ubuy.ma/en/product/ML95HSDQS-windows-11-laptops-15-6-inch-laptop-with-celeron-n5095-quad-core-up-to-2-9ghz-20gb-rom-128gb-emmc-1024gb-1-year-office-365wifi-6-hdmi-type-c,,,,,,,,,,,,,,,,,,,,,,,,,,,,,,,,,,,,,,,,,,,,,,,,,,,,,,
"Lap Desk, Portable Laptop Desk Fits Up to 16  Laptops, with Tablet Slot, Built-in ...",MAD 343,https://d3ulwu8fab47va.cloudfront.net/skin/frontend/default/ubuycom/images/loading.gif,https://www.ubuy.ma/en/product/FN9JHA7EO-portable-laptop-desk-with-tablet-slot-built-in-cushion-great-for-home-office-dark-grey,,,,,,,,,,,,,,,,,,,,,,,,,,,,,,,,,,,,,,,,,,,,,,,,,,,,,,
"Lap Desk, Portable Laptop Desk Fits Up to 16  Laptops, with Tablet Slot, Built-in ...","MAD 370                                                                        
                                                                            479",https://d3ulwu8fab47va.cloudfront.net/skin/frontend/default/ubuycom/images/loading.gif,https://www.ubuy.ma/en/product/LUN9CMM2S-lap-desk-portable-laptop-desk-fits-up-to-16-laptops-with-tablet-slot-built-in-cushion-great-for-home-office-lap-desk-for-laptop-lap-desk,,‎15.57 x 9.18 x 0.78 inches,,‎512 GB,,Gray,,,‎Serial ATA,‎Intel UHD Graphics,‎3,Windows 11,‎DDR4,‎15.6,Integrated,‎Integrated,,15.6,‎N156MU3-AN,‎3.4 GHz intel_n100,‎12 Volts (DC),,‎5 Lithium Polymer batteries required. (included),‎N156MU3-AN,,Intel N100,,‎1920x1080 Pixels,‎NO,16 GB,"Aluminum Body, Swivel Stand Design, High-Speed Storage Combo, High Definition IPS Screen, Excellent Connectivity Experience    See more",‎SDRAM,,,Z ZOLWAYTAC,‎Intel,‎1,,‎Intel,512 GB,‎512 GB SSD,,‎15.57 x 9.18 x 0.78 inches,,,2024-11-11 13:01:24,‎8 Hours,‎6 MB,N156MU3-AN,‎801.11ac,,‎3.55 pounds,,‎1920 x 1080 pixels
"14 Inch Laptop,Laptop Computer with 1920 1080 FHD Screen,Quad-Core Intel Celeron ...","MAD 2516                                                                        
                                                                            3472",https://d3ulwu8fab47va.cloudfront.net/skin/frontend/default/ubuycom/images/loading.gif,https://www.ubuy.ma/en/product/IKUJZQ35Q-molegar-laptop-14-x27-x27-8gb-ddr4-512gb-ssd-laptops-computer-intel-celeron-j4125-4m-cache-up-to-2-70-ghz-gemini-lake-windows-11-fhd-1920x1080,,‎15.57 x 9.18 x 0.78 inches,,‎512 GB,,Gray,,,‎Serial ATA,‎Intel UHD Graphics,‎3,Windows 11,‎DDR4,‎15.6,Integrated,‎Integrated,,15.6,‎N156MU3-AN,‎3.4 GHz intel_n100,‎12 Volts (DC),,‎5 Lithium Polymer batteries required. (included),‎N156MU3-AN,,Intel N100,,‎1920x1080 Pixels,‎NO,16 GB,"Aluminum Body, Swivel Stand Design, High-Speed Storage Combo, High Definition IPS Screen, Excellent Connectivity Experience    See more",‎SDRAM,,,Z ZOLWAYTAC,‎Intel,‎1,,‎Intel,512 GB,‎512 GB SSD,,‎15.57 x 9.18 x 0.78 inches,,,2024-11-11 13:01:24,‎8 Hours,‎6 MB,N156MU3-AN,‎801.11ac,,‎3.55 pounds,,‎1920 x 1080 pixels
"Lap Desk, Portable Laptop Desk Fits Up to 16  Laptops, with Tablet Slot, Built-in ...","MAD 397                                                                        
                                                                            479",https://d3ulwu8fab47va.cloudfront.net/skin/frontend/default/ubuycom/images/loading.gif,https://www.ubuy.ma/en/product/JTIWTYR4C-lap-desk-portable-laptop-desk-fits-up-to-16-laptops-with-tablet-slot-built-in-cushion-great-for-home-office-lap-desk-for-laptop-lap-desk,,‎15.57 x 9.18 x 0.78 inches,,‎512 GB,,Gray,,,‎Serial ATA,‎Intel UHD Graphics,‎3,Windows 11,‎DDR4,‎15.6,Integrated,‎Integrated,,15.6,‎N156MU3-AN,‎3.4 GHz intel_n100,‎12 Volts (DC),,‎5 Lithium Polymer batteries required. (included),‎N156MU3-AN,,Intel N100,,‎1920x1080 Pixels,‎NO,16 GB,"Aluminum Body, Swivel Stand Design, High-Speed Storage Combo, High Definition IPS Screen, Excellent Connectivity Experience    See more",‎SDRAM,,,Z ZOLWAYTAC,‎Intel,‎1,,‎Intel,512 GB,‎512 GB SSD,,‎15.57 x 9.18 x 0.78 inches,,,2024-11-11 13:01:24,‎8 Hours,‎6 MB,N156MU3-AN,‎801.11ac,,‎3.55 pounds,,‎1920 x 1080 pixels
"Windows 11 Laptop Computers, 15.6 Inch Laptops, 36GB DDR4, 128GB EMMC+1024GB SSD, ...",MAD 19186,https://d3ulwu8fab47va.cloudfront.net/skin/frontend/default/ubuycom/images/loading.gif,https://www.ubuy.ma/en/product/MIMJEJMK6-18-5-inch-laptops-laptop-computers-with-32gb-ram-128gb-emmc-1024gb-ssd-celeron-n5095-quad-core-up-to-2-9ghz-portable-notebook-11-home-7000mah,,‎15.57 x 9.18 x 0.78 inches,,‎512 GB,,Gray,,,‎Serial ATA,‎Intel UHD Graphics,‎3,Windows 11,‎DDR4,‎15.6,Integrated,‎Integrated,,15.6,‎N156MU3-AN,‎3.4 GHz intel_n100,‎12 Volts (DC),,‎5 Lithium Polymer batteries required. (included),‎N156MU3-AN,,Intel N100,,‎1920x1080 Pixels,‎NO,16 GB,"Aluminum Body, Swivel Stand Design, High-Speed Storage Combo, High Definition IPS Screen, Excellent Connectivity Experience    See more",‎SDRAM,,,Z ZOLWAYTAC,‎Intel,‎1,,‎Intel,512 GB,‎512 GB SSD,,‎15.57 x 9.18 x 0.78 inches,,,2024-11-11 13:01:24,‎8 Hours,‎6 MB,N156MU3-AN,‎801.11ac,,‎3.55 pounds,,‎1920 x 1080 pixels
"Gaming Laptop,Traditional Laptop Computers,N100Up to 3.4Ghz,16GB DDR4 512GB SSD ...","MAD 3554                                                                        
                                                                            3730",https://d3ulwu8fab47va.cloudfront.net/skin/frontend/default/ubuycom/images/loading.gif,https://www.ubuy.ma/en/product/MP28ZNN48-z-zolwaytac-laptop-laptop-computer-with-n100-windows-laptop-16gb-ddr4-512gb-ssd-traditional-laptops-15-6-inch-ips-fhd-windows11-wifi-bt5-0-hdmi-type-c,,,,,,,,,,,,,,,,,,,,,,,,,,,,,,,,,,,,,,,,,,,,,,,,,,,,,,
"Lap Desk, Portable Laptop Desk Fits Up to 16  Laptops, with Tablet Slot, Built-in ...",MAD 480,https://d3ulwu8fab47va.cloudfront.net/skin/frontend/default/ubuycom/images/loading.gif,https://www.ubuy.ma/en/product/IPADU8HE0-large-brown-lap-desk-portable-tray-with-pillow-cushion-fits-up-to-17-with-slot-great-for-home-office-large-brown,,,,,,,,,,,,,,,,,,,,,,,,,,,,,,,,,,,,,,,,,,,,,,,,,,,,,,
"18 Inch Laptops, Laptop for Student and Business with 36GB RAM 128GB EMMC+2048GB ...","MAD 21919                                                                        
                                                                            23285",https://d3ulwu8fab47va.cloudfront.net/skin/frontend/default/ubuycom/images/loading.gif,https://www.ubuy.ma/en/product/MP3JZND04-18-inch-laptops-laptop-for-student-and-business-with-36gb-ram-128gb-emmc-2048gb-ssd-celeron-n5095-quad-core-up-to-2-9ghz-8000mah-battery-wifi-6,,,,,,,,,,,,,,,,,,,,,,,,,,,,,,,,,,,,,,,,,,,,,,,,,,,,,,
"Laptop,Gaming Laptop,Windows 11 Pro,16GB RAM 512GB SSD,N100 CPUUp to 3.4GHz,12th ...",MAD 4142,https://d3ulwu8fab47va.cloudfront.net/skin/frontend/default/ubuycom/images/loading.gif,https://www.ubuy.ma/en/product/M575N8O3E-laptop-gaming-laptop-with-alder-lake-n100-processor-4c-4t-up-to-3-4ghz-12th-gen-16,,,,,,,,,,,,,,,,,,,,,,,,,,,,,,,,,,,,,,,,,,,,,,,,,,,,,,
"Lap Desk, Portable Laptop Desk Fits Up to 16  Laptops, with Tablet Slot, Built-in ...","MAD 370                                                                        
                                                                            479",https://d3ulwu8fab47va.cloudfront.net/skin/frontend/default/ubuycom/images/loading.gif,https://www.ubuy.ma/en/product/JG6CYUEVS-lap-desk-portable-laptop-desk-fits-up-to-16-laptops-with-tablet-slot-built-in-cushion-great-for-home-office-lap-desk-for-laptop-lap-desk,,,,,,,,,,,,,,,,,,,,,,,,,,,,,,,,,,,,,,,,,,,,,,,,,,,,,,
"Gaming Laptop, 15.6 Inch Laptop, Laptops N5095 8GB RAM 512GB SSD, Laptop Gaming ...",MAD 4019,https://d3ulwu8fab47va.cloudfront.net/skin/frontend/default/ubuycom/images/loading.gif,https://www.ubuy.ma/en/product/MXYN2QO9C-15-6-inch-laptop-n5095-laptops-8gb-ram-512gb-ssd-1920x1080-fhd-ips-fingerprint-unlo,,‎14 x 9 x 0.8 inches,,‎512 GB,,Silver,,,,,‎2,win,‎DDR3,‎16 Inches,Integrated,‎Integrated,,16 Inches (40.6 cm),‎Y10 PRO,‎3.6 GHz core_i5,,,‎1 12V batteries required. (included),‎Y10 PRO,,Core i5,,‎1920x1200 Pixels,‎NO,16 GB,"HD Audi, 180-Degree Opening, Backlit Keyboard, Numeric Keypad",‎DDR3 SDRAM,,,KeeUiU,‎Core,‎1,,‎core,512 GB,‎512 GB SSD,,‎14 x 9 x 0.8 inches,,,2025-01-03 12:56:57,‎4 Hours,,Y10 PRO,,,‎5.19 pounds,,
"Lap Desk, Portable Laptop Desk Fits Up to 16  Laptops, with Tablet Slot, Built-in ...","MAD 343                                                                        
                                                                            425",https://d3ulwu8fab47va.cloudfront.net/skin/frontend/default/ubuycom/images/loading.gif,https://www.ubuy.ma/en/product/IVMOFODY6-lap-desk-portable-laptop-desk-fits-up-to-16-laptops-with-tablet-slot-built-in-cushion-great-for-home-office-lap-desk-for-laptop-laptop,,‎14 x 9 x 0.8 inches,,‎512 GB,,Silver,,,,,‎2,win,‎DDR3,‎16 Inches,Integrated,‎Integrated,,16 Inches (40.6 cm),‎Y10 PRO,‎3.6 GHz core_i5,,,‎1 12V batteries required. (included),‎Y10 PRO,,Core i5,,‎1920x1200 Pixels,‎NO,16 GB,"HD Audi, 180-Degree Opening, Backlit Keyboard, Numeric Keypad",‎DDR3 SDRAM,,,KeeUiU,‎Core,‎1,,‎core,512 GB,‎512 GB SSD,,‎14 x 9 x 0.8 inches,,,2025-01-03 12:56:57,‎4 Hours,,Y10 PRO,,,‎5.19 pounds,,
"Gaming Laptop, 15.6 Inch Laptop, Laptops N5095 8GB RAM 256GB SSD, Laptop Gaming ...",MAD 3609,https://d3ulwu8fab47va.cloudfront.net/skin/frontend/default/ubuycom/images/loading.gif,https://www.ubuy.ma/en/product/MRPML4ZYQ-15-6-inch-laptop-gaming-laptop-n5095-laptop-8gb-ram-256gb-ssd-1920x1080-fhd-ips-fingerprint-unlock-backlit-keyboard-180-open-angle-wifi-5-bluetooth,,‎14 x 9 x 0.8 inches,,‎512 GB,,Silver,,,,,‎2,win,‎DDR3,‎16 Inches,Integrated,‎Integrated,,16 Inches (40.6 cm),‎Y10 PRO,‎3.6 GHz core_i5,,,‎1 12V batteries required. (included),‎Y10 PRO,,Core i5,,‎1920x1200 Pixels,‎NO,16 GB,"HD Audi, 180-Degree Opening, Backlit Keyboard, Numeric Keypad",‎DDR3 SDRAM,,,KeeUiU,‎Core,‎1,,‎core,512 GB,‎512 GB SSD,,‎14 x 9 x 0.8 inches,,,2025-01-03 12:56:57,‎4 Hours,,Y10 PRO,,,‎5.19 pounds,,
"Windows 11 Laptop, 18.5 Inch Laptops for Student with 4GB RAM 128GB EMMC, Celeron ...",MAD 13720,https://d3ulwu8fab47va.cloudfront.net/skin/frontend/default/ubuycom/images/loading.gif,https://www.ubuy.ma/en/product/MPEJTAYQK-laptop-18-5-inch-laptops-for-student-and-business-with-4gb-ram-128gb-emmc-1024gb-ssd-laptop-celeron-n5095-quad-core-up-to-2-9ghz-windows-11,,‎12.6 x 8.4 x 0.39 inches,,,,Black,,,‎Solid State,‎UHD Graphics,,Windows 11 Pro,‎LPDDR4,‎14 Inches,Integrated,‎Integrated,‎Battery Powered,14 Inches (35.6 cm),‎H14,‎2 GHz celeron,,,‎1 Lithium Polymer batteries required. (included),,,Celeron,,‎1920 x 1080 Pixels,,8 GB,HD Audio,‎DDR4 SDRAM,,,INHONLAP,‎Inte,‎4,,,128 GB,‎128 GB SSD,,‎12.6 x 8.4 x 0.39 inches,‎PC,,2024-11-06 13:57:29,‎5 Hours,,H14,‎802.11ac,,‎4.02 pounds,,‎1920 x 1080 pixels
"Tuofudun 360  Yoga,N100 Laptop,10.95 inch IPS Touch Screen,8GB DDR4 128GB ...",MAD 4997,https://d3ulwu8fab47va.cloudfront.net/skin/frontend/default/ubuycom/images/loading.gif,https://www.ubuy.ma/en/product/MWA1G4XSO-tuofudun-360-yoga-n100-laptop-10-95-inch-ips-touch-screen-8gb-ddr4-128gb-ssd-office-notebook-mini-pc-tablet-add-stylus,,‎12.6 x 8.4 x 0.39 inches,,,,Black,,,‎Solid State,‎UHD Graphics,,Windows 11 Pro,‎LPDDR4,‎14 Inches,Integrated,‎Integrated,‎Battery Powered,14 Inches (35.6 cm),‎H14,‎2 GHz celeron,,,‎1 Lithium Polymer batteries required. (included),,,Celeron,,‎1920 x 1080 Pixels,,8 GB,HD Audio,‎DDR4 SDRAM,,,INHONLAP,‎Inte,‎4,,,128 GB,‎128 GB SSD,,‎12.6 x 8.4 x 0.39 inches,‎PC,,2024-11-06 13:57:29,‎5 Hours,,H14,‎802.11ac,,‎4.02 pounds,,‎1920 x 1080 pixels
"Gaming Laptop, Laptop i5 Up to 3.60GHZ, 16 Inch Laptops Computer 16GB RAM 512GB ...",MAD 5522,https://d3ulwu8fab47va.cloudfront.net/skin/frontend/default/ubuycom/images/loading.gif,https://www.ubuy.ma/en/product/N25BB7I8Q-gaming-laptop-laptop-i5-up-to-3-60ghz-16-inch-laptops-computer-with-16gb-ram-512gb-ssd-hd-1920x1200-display-backlit-keyboard-bluetooth-5-0-wif,,‎12.6 x 8.4 x 0.39 inches,,,,Black,,,‎Solid State,‎UHD Graphics,,Windows 11 Pro,‎LPDDR4,‎14 Inches,Integrated,‎Integrated,‎Battery Powered,14 Inches (35.6 cm),‎H14,‎2 GHz celeron,,,‎1 Lithium Polymer batteries required. (included),,,Celeron,,‎1920 x 1080 Pixels,,8 GB,HD Audio,‎DDR4 SDRAM,,,INHONLAP,‎Inte,‎4,,,128 GB,‎128 GB SSD,,‎12.6 x 8.4 x 0.39 inches,‎PC,,2024-11-06 13:57:29,‎5 Hours,,H14,‎802.11ac,,‎4.02 pounds,,‎1920 x 1080 pixels
"Laptop Computer, 14 Inch Laptop 8GB RAM 128GB SSD Laptops, Quad-Core N5095 ...",MAD 2776,https://d3ulwu8fab47va.cloudfront.net/skin/frontend/default/ubuycom/images/loading.gif,https://www.ubuy.ma/en/product/ML5VD4CE8-laptop-computer-14-inch-laptop-8gb-ram-128gb-ssd-laptops-quad-core-n5095-processor-up-to-2-9-ghz-win11-pro-ms-office-pro-plus-2024-wifi-5-bt,,,,,,,,,,,,,,,,,,,,,,,,,,,,,,,,,,,,,,,,,,,,,,,,,,,,,,
"Laptop Computers, 32GB RAM 128GB EMMC+1024GB SSD, 18.5 Inch Laptops with Celeron ...",MAD 23285,https://d3ulwu8fab47va.cloudfront.net/skin/frontend/default/ubuycom/images/loading.gif,https://www.ubuy.ma/en/product/MVK9GUXFQ-laptop-computers-32gb-ram-128gb-emmc-1024gb-ssd-18-5-inch-laptops-with-celeron-n5095-quad-core-up-to-2-9ghz-11-home-portable-notebook-8000mah,,,,,,,,,,,,,,,,,,,,,,,,,,,,,,,,,,,,,,,,,,,,,,,,,,,,,,
"Laptops, 15.6 Inch Laptop Computer with 36GB RAM 1152GB SSD, Expandable 4TB, ...","MAD 5522                                                                        
                                                                            19186",https://d3ulwu8fab47va.cloudfront.net/skin/frontend/default/ubuycom/images/loading.gif,https://www.ubuy.ma/en/product/ML95HSD7S-laptops-15-6-inch-laptop-computer-with-36gb-ram-1152gb-ssd-expandable-1tb-celeron-n5095-quad-core-up-to-2-9ghz-11-home-180-angle-opening,,‎15.6 x 9 x 0.6 inches,,,,Pink,,,‎USB 3.0,‎Integrated,,Windows 11 Home,‎36 GB DDR4,‎15.6 Inches,Integrated,‎Integrated,‎Battery Powered,15.6 Inches (39.6 cm),‎Naclud-S15,‎2.9 GHz celeron,,,‎1 Lithium Ion batteries required. (included),‎Naclud-S15,,Celeron,,‎1920 x 1080 Pixels,,36 GB,Memory Card Slot,‎DDR4 SDRAM,,,Naclud,‎Intel,‎4,,,1024 GB,‎1024 GB SSD,,‎15.6 x 9 x 0.6 inches,‎PC,,2024-08-11 11:28:14,,,Naclud-S15,‎802.11ax,,‎5.69 pounds,,‎1920 x 1080 pixels
"Laptop, 8GB DDR4 256GB SSD Notebook, 17.3 Inch Laptops Computer with Celeron ...","MAD 1969                                                                        
                                                                            3882",https://d3ulwu8fab47va.cloudfront.net/skin/frontend/default/ubuycom/images/loading.gif,https://www.ubuy.ma/en/product/JSYUC24JG-naclud-laptop-8gb-ddr4-256gb-ssd-notebook-17-3-inch-laptops-computer-with-celeron-quad-core-processor-up-to-2-4-ghz-8000mah-webcam-mini-hdmi,,,,,,,,,,,,,,,,,,,,,,,,,,,,,,,,,,,,,,,,,,,,,,,,,,,,,,
"15.6 Inch Laptops, Laptop Computers with 20GB RAM 128GB EMMC+1024GB SSD, Celeron ...",MAD 10878,https://d3ulwu8fab47va.cloudfront.net/skin/frontend/default/ubuycom/images/loading.gif,https://www.ubuy.ma/en/product/MKLP06CX0-15-6-inch-laptops-laptop-computers-with-20gb-ram-128gb-emmc-1024gb-ssd-celeron-n5095-quad-core-up-to-2-9ghz-portable-notebook-11-home-7000mah,,,,,,,,,,,,,,,,,,,,,,,,,,,,,,,,,,,,,,,,,,,,,,,,,,,,,,
"Lap Desk, Portable Laptop Desk Fits Up to 16  Laptops, with Tablet Slot, Built-in ...","MAD 507                                                                        
                                                                            562",https://d3ulwu8fab47va.cloudfront.net/skin/frontend/default/ubuycom/images/loading.gif,https://www.ubuy.ma/en/product/J25PQW09C-large-black-lap-desk-portable-tray-with-pillow-cushion-fits-up-to-17-with-slot-great-for-home-office-large-black,,‎13.08 x 8.64 x 0.6 inches,,‎512 GB,,,,,,Intel UHD Graphics 600,‎1,Windows 11,‎DDR4,‎14 Inches,Integrated,‎Integrated,,14 Inches (35.6 cm),‎Ezbook S5,‎1.1 GHz celeron,,,‎1 12V batteries required. (included),,,Celeron,,‎1920x1080 Pixels,‎NO,12 GB,Numeric Keypad,‎DDR4 SDRAM,,,jumper,‎Intel,‎2,,‎Intel,512 GB,‎512 GB SSD,‎1,‎13.08 x 8.64 x 0.6 inches,,,2025-01-20 02:53:36,,‎12 GB,Ezbook S5,,,‎2.75 pounds,,‎1920 x 1080 pixels
"15.6 Inch Laptops, Laptop Computers Students Business with 36GB RAM 128GB ...",MAD 15087,https://d3ulwu8fab47va.cloudfront.net/skin/frontend/default/ubuycom/images/loading.gif,https://www.ubuy.ma/en/product/MKLP06CZ4-15-6-inch-laptops-laptop-computers-students-business-with-36gb-ram-128gb-emmc-1024gb-ssd-celeron-n5095-quad-core-up-to-2-9ghz-11-home-wifi-6-usb,,‎13.08 x 8.64 x 0.6 inches,,‎512 GB,,,,,,Intel UHD Graphics 600,‎1,Windows 11,‎DDR4,‎14 Inches,Integrated,‎Integrated,,14 Inches (35.6 cm),‎Ezbook S5,‎1.1 GHz celeron,,,‎1 12V batteries required. (included),,,Celeron,,‎1920x1080 Pixels,‎NO,12 GB,Numeric Keypad,‎DDR4 SDRAM,,,jumper,‎Intel,‎2,,‎Intel,512 GB,‎512 GB SSD,‎1,‎13.08 x 8.64 x 0.6 inches,,,2025-01-20 02:53:36,,‎12 GB,Ezbook S5,,,‎2.75 pounds,,‎1920 x 1080 pixels
"Gaming Laptop, 15.6 Inch Laptops, Laptop Computer 16GB RAM 512GB SSD N5095 Notebook ...",MAD 4156,https://d3ulwu8fab47va.cloudfront.net/skin/frontend/default/ubuycom/images/loading.gif,https://www.ubuy.ma/en/product/MDMSCJBUY-15-6-inch-laptop-16gb-ram-laptop-512gb-ssd-n5095-gaming-laptop-fingerprint-unloc,,‎13.08 x 8.64 x 0.6 inches,,‎512 GB,,,,,,Intel UHD Graphics 600,‎1,Windows 11,‎DDR4,‎14 Inches,Integrated,‎Integrated,,14 Inches (35.6 cm),‎Ezbook S5,‎1.1 GHz celeron,,,‎1 12V batteries required. (included),,,Celeron,,‎1920x1080 Pixels,‎NO,12 GB,Numeric Keypad,‎DDR4 SDRAM,,,jumper,‎Intel,‎2,,‎Intel,512 GB,‎512 GB SSD,‎1,‎13.08 x 8.64 x 0.6 inches,,,2025-01-20 02:53:36,,‎12 GB,Ezbook S5,,,‎2.75 pounds,,‎1920 x 1080 pixels
"Tuofudun 360  Yoga,N100 Laptop,10.95 inch IPS Touch Screen,32GB DDR4 2TB SSD,Office ...",MAD 7624,https://d3ulwu8fab47va.cloudfront.net/skin/frontend/default/ubuycom/images/loading.gif,https://www.ubuy.ma/en/product/MW8G7DUIW-tuofudun-360-yoga-n100-laptop-10-95-inch-ips-touch-screen-32gb-ddr4-2tb-ssd-office-notebook-mini-pc-tablet,,‎17.3 x 10 x 0.6 inches,,,,Gray,,,‎USB 3.0,‎Integrated,,Windows 11,‎8 GB DDR4,‎17.3 Inches,Integrated,‎Integrated,‎Battery Powered,17.3 Inches (43.9 cm),‎Naclud-M17PRO,‎2.8 GHz celeron,,,‎1 Lithium Ion batteries required.,‎Naclud-M17PRO,,Celeron,,‎1920 x 1080 Pixels,,8 GB,Memory Card Slot,‎DDR4 SDRAM,,,Naclud,‎Intel,‎2,,‎Intel,512 GB,‎512 GB SSD,,‎17.3 x 10 x 0.6 inches,‎PC,,2024-09-26 12:40:20,‎8 Hours,,Naclud-M17PRO,‎802.11ac,,‎5.79 pounds,,‎1920 x 1080 pixels
"15.6Inch Gaming Laptop, Laptops N95 Up to 3.4GHz Processor, Lap top 16GB Notebook ...",MAD 5385,https://d3ulwu8fab47va.cloudfront.net/skin/frontend/default/ubuycom/images/loading.gif,https://www.ubuy.ma/en/product/MDMRALY7Q-laptop-16gb-ddr4-1tb-ssd-gaming-laptop-12th-n95-up-to-3-4ghz-15-6-fhd-ips-wind,,‎17.3 x 10 x 0.6 inches,,,,Gray,,,‎USB 3.0,‎Integrated,,Windows 11,‎8 GB DDR4,‎17.3 Inches,Integrated,‎Integrated,‎Battery Powered,17.3 Inches (43.9 cm),‎Naclud-M17PRO,‎2.8 GHz celeron,,,‎1 Lithium Ion batteries required.,‎Naclud-M17PRO,,Celeron,,‎1920 x 1080 Pixels,,8 GB,Memory Card Slot,‎DDR4 SDRAM,,,Naclud,‎Intel,‎2,,‎Intel,512 GB,‎512 GB SSD,,‎17.3 x 10 x 0.6 inches,‎PC,,2024-09-26 12:40:20,‎8 Hours,,Naclud-M17PRO,‎802.11ac,,‎5.79 pounds,,‎1920 x 1080 pixels
"Laptops, 8GB DDR4 512GB SSD, 17.3 Inch Laptop Computer, Notebook with Celeron ...",MAD 10304,https://d3ulwu8fab47va.cloudfront.net/skin/frontend/default/ubuycom/images/loading.gif,https://www.ubuy.ma/en/product/MD0UXD4PS-laptops-8gb-ddr4-512gb-ssd-17-3-inch-laptop-computer-notebook-with-celeron-processor-up-to-2-8-ghz-8000mah-webcam-type-c-usb3-2-2-dual,,‎17.3 x 10 x 0.6 inches,,,,Gray,,,‎USB 3.0,‎Integrated,,Windows 11,‎8 GB DDR4,‎17.3 Inches,Integrated,‎Integrated,‎Battery Powered,17.3 Inches (43.9 cm),‎Naclud-M17PRO,‎2.8 GHz celeron,,,‎1 Lithium Ion batteries required.,‎Naclud-M17PRO,,Celeron,,‎1920 x 1080 Pixels,,8 GB,Memory Card Slot,‎DDR4 SDRAM,,,Naclud,‎Intel,‎2,,‎Intel,512 GB,‎512 GB SSD,,‎17.3 x 10 x 0.6 inches,‎PC,,2024-09-26 12:40:20,‎8 Hours,,Naclud-M17PRO,‎802.11ac,,‎5.79 pounds,,‎1920 x 1080 pixels
"jumper Laptop Computer, 12GB RAM 512GB SSD, Expandable 256GB TF Card, Celeron N ...",MAD 3199,https://d3ulwu8fab47va.cloudfront.net/skin/frontend/default/ubuycom/images/loading.gif,https://www.ubuy.ma/en/product/N3UHYDUOO-jumper-laptop-computer-12gb-ram-512gb-ssd-expandable-256gb-tf-card-celeron-n-cpu-up-to-2-4ghz-14-inch-laptop-with-1920x1080-display-35-52wh,,‎17.3 x 10 x 0.6 inches,,,,Gray,,,‎USB 3.0,‎Integrated,,Windows 11,‎8 GB DDR4,‎17.3 Inches,Integrated,‎Integrated,‎Battery Powered,17.3 Inches (43.9 cm),‎Naclud-M17PRO,‎2.8 GHz celeron,,,‎1 Lithium Ion batteries required.,‎Naclud-M17PRO,,Celeron,,‎1920 x 1080 Pixels,,8 GB,Memory Card Slot,‎DDR4 SDRAM,,,Naclud,‎Intel,‎2,,‎Intel,512 GB,‎512 GB SSD,,‎17.3 x 10 x 0.6 inches,‎PC,,2024-09-26 12:40:20,‎8 Hours,,Naclud-M17PRO,‎802.11ac,,‎5.79 pounds,,‎1920 x 1080 pixels
"14.1 Inch Laptop, 8GB DDR4 RAM 256GB SSD, Laptops Computer with Quad-Core Celeron ...","MAD 2516                                                                        
                                                                            2789",https://d3ulwu8fab47va.cloudfront.net/skin/frontend/default/ubuycom/images/loading.gif,https://www.ubuy.ma/en/product/JMOW5UESK-laptop-14-1-windows11pro-8gb-ddr4-256gb-ssd-quad-core-intel-celeron-j4105-processor-up-to-2-5ghz-1080p-fhd-laptop-computer-wifi-webcam,,‎17.3 x 10 x 0.6 inches,,,,Gray,,,‎USB 3.0,‎Integrated,,Windows 11,‎8 GB DDR4,‎17.3 Inches,Integrated,‎Integrated,‎Battery Powered,17.3 Inches (43.9 cm),‎Naclud-M17PRO,‎2.8 GHz celeron,,,‎1 Lithium Ion batteries required.,‎Naclud-M17PRO,,Celeron,,‎1920 x 1080 Pixels,,8 GB,Memory Card Slot,‎DDR4 SDRAM,,,Naclud,‎Intel,‎2,,‎Intel,512 GB,‎512 GB SSD,,‎17.3 x 10 x 0.6 inches,‎PC,,2024-09-26 12:40:20,‎8 Hours,,Naclud-M17PRO,‎802.11ac,,‎5.79 pounds,,‎1920 x 1080 pixels
"Lap Desk, Portable Laptop Desk Fits Up to 16  Laptops, with Tablet Slot, Built-in ...","MAD 343                                                                        
                                                                            425",https://d3ulwu8fab47va.cloudfront.net/skin/frontend/default/ubuycom/images/loading.gif,https://www.ubuy.ma/en/product/G5N6S13O6-lap-desk-marbling-portable-laptop-desk-fits-up-to-16-laptops-with-tablet-slot-built-in-cushion-great-for-home-office-lap-desk-for,,‎10.5 x 8.6 x 1 inches,,‎64 GB,,Black,,,,,‎1,Windows 10,‎DDR4,‎10.1 Inches,Integrated,‎Integrated,,10.1 Inches (25.7 cm),‎PC1068,‎1.1 GHz celeron_n3350,,,‎1 Lithium Polymer batteries required. (included),,,Celeron N3350,,‎1280 x 800 pixels,‎DVD SuperMulti,3 GB,HD Audio,,,,ZHAOHUIXIN,‎Intel,‎2,,‎Intel,64 GB,‎64 GB SSD,‎1,‎10.5 x 8.6 x 1 inches,,,2024-08-28 19:32:12,‎4 Hours,,PC1068,,,‎0.048 ounces,,
"Gaming Laptop, 15.6 Inch Lap top, Laptops 8GB 256GB SSD, N5095 Traditional ...",MAD 3186,https://d3ulwu8fab47va.cloudfront.net/skin/frontend/default/ubuycom/images/loading.gif,https://www.ubuy.ma/en/product/MVW1XZLSW-gaming-laptop-15-6-inch-laptops-laptop-computer-8gb-ram-256gb-ssd-n5095-laptops-180-angle-opening-fingerprint-unlock-backlit-keyboard-1920x1080,,‎10.5 x 8.6 x 1 inches,,‎64 GB,,Black,,,,,‎1,Windows 10,‎DDR4,‎10.1 Inches,Integrated,‎Integrated,,10.1 Inches (25.7 cm),‎PC1068,‎1.1 GHz celeron_n3350,,,‎1 Lithium Polymer batteries required. (included),,,Celeron N3350,,‎1280 x 800 pixels,‎DVD SuperMulti,3 GB,HD Audio,,,,ZHAOHUIXIN,‎Intel,‎2,,‎Intel,64 GB,‎64 GB SSD,‎1,‎10.5 x 8.6 x 1 inches,,,2024-08-28 19:32:12,‎4 Hours,,PC1068,,,‎0.048 ounces,,
Mini Portable Windows Laptop with Intel Celeron N3350CPU 3GB RAM 64GB EMMC 10.1inch ...,MAD 2243,https://d3ulwu8fab47va.cloudfront.net/skin/frontend/default/ubuycom/images/loading.gif,https://www.ubuy.ma/en/product/M73WMAAPU-zhaohuixin-mini-portable-windows-laptop-with-intel-celeron-n3350cpu-3gb-ram-64gb-emmc-10-1inch-ips-screen-laptops-for-kids-student-men-women,,‎10.5 x 8.6 x 1 inches,,‎64 GB,,Black,,,,,‎1,Windows 10,‎DDR4,‎10.1 Inches,Integrated,‎Integrated,,10.1 Inches (25.7 cm),‎PC1068,‎1.1 GHz celeron_n3350,,,‎1 Lithium Polymer batteries required. (included),,,Celeron N3350,,‎1280 x 800 pixels,‎DVD SuperMulti,3 GB,HD Audio,,,,ZHAOHUIXIN,‎Intel,‎2,,‎Intel,64 GB,‎64 GB SSD,‎1,‎10.5 x 8.6 x 1 inches,,,2024-08-28 19:32:12,‎4 Hours,,PC1068,,,‎0.048 ounces,,
Mini Portable Windows Laptop with Intel Celeron N3350CPU 3GB RAM 64GB EMMC 10.1inch ...,MAD 2243,https://d3ulwu8fab47va.cloudfront.net/skin/frontend/default/ubuycom/images/loading.gif,https://www.ubuy.ma/en/product/M63H3H4WK-mini-portable-windows-laptop-with-intel-celeron-n3350cpu-3gb-ram-64gb-emmc-10-1inch-ips-screen-laptops-for-kids-student-men-women-blue,,‎10.5 x 8.6 x 1 inches,,‎64 GB,,Black,,,,,‎1,Windows 10,‎DDR4,‎10.1 Inches,Integrated,‎Integrated,,10.1 Inches (25.7 cm),‎PC1068,‎1.1 GHz celeron_n3350,,,‎1 Lithium Polymer batteries required. (included),,,Celeron N3350,,‎1280 x 800 pixels,‎DVD SuperMulti,3 GB,HD Audio,,,,ZHAOHUIXIN,‎Intel,‎2,,‎Intel,64 GB,‎64 GB SSD,‎1,‎10.5 x 8.6 x 1 inches,,,2024-08-28 19:32:12,‎4 Hours,,PC1068,,,‎0.048 ounces,,
Mini Portable Windows Laptop with Intel Celeron N3350CPU 3GB RAM 64GB EMMC 10.1inch ...,MAD 2243,https://d3ulwu8fab47va.cloudfront.net/skin/frontend/default/ubuycom/images/loading.gif,https://www.ubuy.ma/en/product/MC1KQ8JKW-mini-portable-windows-laptop-with-intel-celeron-n3350cpu-3gb-ram-64gb-emmc-10-1inch,,,,,,,,,,,,,,,,,,,,,,,,,,,,,,,,,,,,,,,,,,,,,,,,,,,,,,
"Gaming Laptop, 15.6 Inch Lap top, Laptops 8GB 512GB SSD, N5095 Traditional ...","MAD 3609                                                                        
                                                                            4156",https://d3ulwu8fab47va.cloudfront.net/skin/frontend/default/ubuycom/images/loading.gif,https://www.ubuy.ma/en/product/MWKTUGBJM-gaming-laptop-15-6-inch-laptops-laptop-computer-8gb-ram-512gb-ssd-n5095-laptops-180-angle-opening-fingerprint-unlock-backlit-keyboard-1920x1080,,,,,,,,,,,,,,,,,,,,,,,,,,,,,,,,,,,,,,,,,,,,,,,,,,,,,,
Mini Portable Windows Laptop with Intel Celeron N3350CPU 3GB RAM 64GB EMMC 10.1inch ...,MAD 2243,https://d3ulwu8fab47va.cloudfront.net/skin/frontend/default/ubuycom/images/loading.gif,https://www.ubuy.ma/en/product/M6VT7UXUE-mini-portable-windows-laptop-with-intel-celeron-n3350cpu-3gb-ram-64gb-emmc-10-1inch-ips-screen-laptops-for-kids-student-men-women-white,,,,,,,,,,,,,,,,,,,,,,,,,,,,,,,,,,,,,,,,,,,,,,,,,,,,,,
"Lap Desk, Portable Laptop Desk Fits Up to 16  Laptops, with Tablet Slot, Built-in ...","MAD 343                                                                        
                                                                            425",https://d3ulwu8fab47va.cloudfront.net/skin/frontend/default/ubuycom/images/loading.gif,https://www.ubuy.ma/en/product/J2SWOQGU8-lap-desk-portable-laptop-desk-fits-up-to-16-laptops-with-tablet-slot-built-in-cushion-great-for-home-office-lap-desk-for-laptop-laptop,,,,,,,,,,,,,,,,,,,,,,,,,,,,,,,,,,,,,,,,,,,,,,,,,,,,,,
"Lap Desk, Portable Laptop Desk Fits Up to 16  Laptops, with Tablet Slot, Built-in ...","MAD 343                                                                        
                                                                            425",https://d3ulwu8fab47va.cloudfront.net/skin/frontend/default/ubuycom/images/loading.gif,https://www.ubuy.ma/en/product/4F86HYX3K-lap-desk-white-marble-portable-laptop-desk-fits-up-to-16-laptops-with-built-in-cushion-great-for-home-office,,,,,,,,,,,,,,,,,,,,,,,,,,,,,,,,,,,,,,,,,,,,,,,,,,,,,,
"Gaming Laptop, 15.6 Inch Lap top, Laptops 24GB 1TB SSD, N5095 Traditional ...",MAD 5522,https://d3ulwu8fab47va.cloudfront.net/skin/frontend/default/ubuycom/images/loading.gif,https://www.ubuy.ma/en/product/MDA7GEW2A-15-6-inch-laptop-24gb-ram-laptop-1tb-ssd-n5095-gaming-laptop-fingerprint-unlock,,,,,,,,,,,,,,,,,,,,,,,,,,,,,,,,,,,,,,,,,,,,,,,,,,,,,,
"Lap Desks for Laptops - Fold up Bed Table Tray,Laptop Bed Desk with Light, Fan, ...",MAD 831,https://d3ulwu8fab47va.cloudfront.net/skin/frontend/default/ubuycom/images/loading.gif,https://www.ubuy.ma/en/product/N3TUV4STE-lap-desks-for-laptops-fold-up-bed-table-tray-laptop-bed-desk-with-light-fan-drawer-usb-interface-for-bedroom-dorm-bed-couch-sofa-floor,,,,,,,,,,,,,,,,,,,,,,,,,,,,,,,,,,,,,,,,,,,,,,,,,,,,,,
"Lap Desk, Portable Laptop Desk Fits Up to 16  Laptops, with Tablet Slot, Built-in ...","MAD 343                                                                        
                                                                            425",https://d3ulwu8fab47va.cloudfront.net/skin/frontend/default/ubuycom/images/loading.gif,https://www.ubuy.ma/en/product/MQDE42T5O-lap-desk-portable-laptop-desk-fits-up-to-16-laptops-with-tablet-slot-built-in-cushion-great-for-home-office-lap-desk-for-laptop-lap-desk,,,,,,,,,,,,,,,,,,,,,,,,,,,,,,,,,,,,,,,,,,,,,,,,,,,,,,
"Laptop Computers, 36GB RAM 128GB EMMC+2048GB SSD, 15.6 Inch Laptops with Celeron ...",MAD 23285,https://d3ulwu8fab47va.cloudfront.net/skin/frontend/default/ubuycom/images/loading.gif,https://www.ubuy.ma/en/product/MX88LEAUA-laptop-computers-36gb-ram-128gb-emmc-2048gb-ssd-15-6-inch-laptops-with-celeron-n5095-quad-core-up-to-2-9ghz-11-home-portable-notebook-wifi-6,,,,,,,,,,,,,,,,,,,,,,,,,,,,,,,,,,,,,,,,,,,,,,,,,,,,,,
"Lap Desk, Portable Laptop Desk Fits Up to 16  Laptops, with Tablet Slot, Built-in ...","MAD 343                                                                        
                                                                            425",https://d3ulwu8fab47va.cloudfront.net/skin/frontend/default/ubuycom/images/loading.gif,https://www.ubuy.ma/en/product/JB7R0PLHE-lap-desk-portable-laptop-desk-fits-up-to-16-laptops-with-tablet-slot-built-in-cushion-great-for-home-office-lap-desk-for-laptop-lap-desk,,,,,,,,,,,,,,,,,,,,,,,,,,,,,,,,,,,,,,,,,,,,,,,,,,,,,,
"Lap Desk, Portable Laptop Desk Fits Up to 16  Laptops, with Tablet Slot, Built-in ...","MAD 343                                                                        
                                                                            425",https://d3ulwu8fab47va.cloudfront.net/skin/frontend/default/ubuycom/images/loading.gif,https://www.ubuy.ma/en/product/4FFXU6PUE-lap-desk-brown-portable-laptop-desk-fits-up-to-16-laptops-with-built-in-cushion-great-for-home-office,,,,,,,,,,,,,,,,,,,,,,,,,,,,,,,,,,,,,,,,,,,,,,,,,,,,,,
"Windows Laptop Computer, 14.1 Inch Quad Core Laptop Notebook Windows 11 Traditional ...",MAD 2926,https://d3ulwu8fab47va.cloudfront.net/skin/frontend/default/ubuycom/images/loading.gif,https://www.ubuy.ma/en/product/JUSR2179G-windows-laptop-computer-14-1-inch-quad-core-gaming-laptop-notebook-windows-11-traditional-laptop-computers-with-6gb-ddr4-256gb-ssd-2-4-5g-wifi-bt4-0,,,,,,,,,,,,,,,,,,,,,,,,,,,,,,,,,,,,,,,,,,,,,,,,,,,,,,
"Windows 11 Laptops, 15.6 Inch Laptop with 20GB ROM 128GB EMMC+1024GB, Celeron N5095 ...","MAD 10878                                                                        
                                                                            12245",https://d3ulwu8fab47va.cloudfront.net/skin/frontend/default/ubuycom/images/loading.gif,https://www.ubuy.ma/en/product/ML95HSDQS-windows-11-laptops-15-6-inch-laptop-with-celeron-n5095-quad-core-up-to-2-9ghz-20gb-rom-128gb-emmc-1024gb-1-year-office-365wifi-6-hdmi-type-c,,,,,,,,,,,,,,,,,,,,,,,,,,,,,,,,,,,,,,,,,,,,,,,,,,,,,,
"Lap Desk, Portable Laptop Desk Fits Up to 16  Laptops, with Tablet Slot, Built-in ...",MAD 343,https://d3ulwu8fab47va.cloudfront.net/skin/frontend/default/ubuycom/images/loading.gif,https://www.ubuy.ma/en/product/FN9JHA7EO-portable-laptop-desk-with-tablet-slot-built-in-cushion-great-for-home-office-dark-grey,,,,,,,,,,,,,,,,,,,,,,,,,,,,,,,,,,,,,,,,,,,,,,,,,,,,,,
"Lap Desk, Portable Laptop Desk Fits Up to 16  Laptops, with Tablet Slot, Built-in ...","MAD 370                                                                        
                                                                            479",https://d3ulwu8fab47va.cloudfront.net/skin/frontend/default/ubuycom/images/loading.gif,https://www.ubuy.ma/en/product/LUN9CMM2S-lap-desk-portable-laptop-desk-fits-up-to-16-laptops-with-tablet-slot-built-in-cushion-great-for-home-office-lap-desk-for-laptop-lap-desk,,,,,,,,,,,,,,,,,,,,,,,,,,,,,,,,,,,,,,,,,,,,,,,,,,,,,,
"14 Inch Laptop,Laptop Computer with 1920 1080 FHD Screen,Quad-Core Intel Celeron ...","MAD 2516                                                                        
                                                                            3472",https://d3ulwu8fab47va.cloudfront.net/skin/frontend/default/ubuycom/images/loading.gif,https://www.ubuy.ma/en/product/IKUJZQ35Q-molegar-laptop-14-x27-x27-8gb-ddr4-512gb-ssd-laptops-computer-intel-celeron-j4125-4m-cache-up-to-2-70-ghz-gemini-lake-windows-11-fhd-1920x1080,,,,,,,,,,,,,,,,,,,,,,,,,,,,,,,,,,,,,,,,,,,,,,,,,,,,,,
"Windows 11 Laptop Computers, 15.6 Inch Laptops, 36GB DDR4, 128GB EMMC+1024GB SSD, ...",MAD 19186,https://d3ulwu8fab47va.cloudfront.net/skin/frontend/default/ubuycom/images/loading.gif,https://www.ubuy.ma/en/product/MIMJEJMK6-18-5-inch-laptops-laptop-computers-with-32gb-ram-128gb-emmc-1024gb-ssd-celeron-n5095-quad-core-up-to-2-9ghz-portable-notebook-11-home-7000mah,,,,,,,,,,,,,,,,,,,,,,,,,,,,,,,,,,,,,,,,,,,,,,,,,,,,,,
"Lap Desk, Portable Laptop Desk Fits Up to 16  Laptops, with Tablet Slot, Built-in ...","MAD 397                                                                        
                                                                            479",https://d3ulwu8fab47va.cloudfront.net/skin/frontend/default/ubuycom/images/loading.gif,https://www.ubuy.ma/en/product/JTIWTYR4C-lap-desk-portable-laptop-desk-fits-up-to-16-laptops-with-tablet-slot-built-in-cushion-great-for-home-office-lap-desk-for-laptop-lap-desk,,,,,,,,,,,,,,,,,,,,,,,,,,,,,,,,,,,,,,,,,,,,,,,,,,,,,,
"Gaming Laptop,Traditional Laptop Computers,N100Up to 3.4Ghz,16GB DDR4 512GB SSD ...","MAD 3554                                                                        
                                                                            3730",https://d3ulwu8fab47va.cloudfront.net/skin/frontend/default/ubuycom/images/loading.gif,https://www.ubuy.ma/en/product/MP28ZNN48-z-zolwaytac-laptop-laptop-computer-with-n100-windows-laptop-16gb-ddr4-512gb-ssd-traditional-laptops-15-6-inch-ips-fhd-windows11-wifi-bt5-0-hdmi-type-c,,,,,,,,,,,,,,,,,,,,,,,,,,,,,,,,,,,,,,,,,,,,,,,,,,,,,,
"Lap Desk, Portable Laptop Desk Fits Up to 16  Laptops, with Tablet Slot, Built-in ...",MAD 480,https://d3ulwu8fab47va.cloudfront.net/skin/frontend/default/ubuycom/images/loading.gif,https://www.ubuy.ma/en/product/IPADU8HE0-large-brown-lap-desk-portable-tray-with-pillow-cushion-fits-up-to-17-with-slot-great-for-home-office-large-brown,,,,,,,,,,,,,,,,,,,,,,,,,,,,,,,,,,,,,,,,,,,,,,,,,,,,,,
"18 Inch Laptops, Laptop for Student and Business with 36GB RAM 128GB EMMC+2048GB ...","MAD 21919                                                                        
                                                                            23285",https://d3ulwu8fab47va.cloudfront.net/skin/frontend/default/ubuycom/images/loading.gif,https://www.ubuy.ma/en/product/MP3JZND04-18-inch-laptops-laptop-for-student-and-business-with-36gb-ram-128gb-emmc-2048gb-ssd-celeron-n5095-quad-core-up-to-2-9ghz-8000mah-battery-wifi-6,,,,,,,,,,,,,,,,,,,,,,,,,,,,,,,,,,,,,,,,,,,,,,,,,,,,,,
"Laptop,Gaming Laptop,Windows 11 Pro,16GB RAM 512GB SSD,N100 CPUUp to 3.4GHz,12th ...",MAD 4142,https://d3ulwu8fab47va.cloudfront.net/skin/frontend/default/ubuycom/images/loading.gif,https://www.ubuy.ma/en/product/M575N8O3E-laptop-gaming-laptop-with-alder-lake-n100-processor-4c-4t-up-to-3-4ghz-12th-gen-16,,,,,,,,,,,,,,,,,,,,,,,,,,,,,,,,,,,,,,,,,,,,,,,,,,,,,,
"Lap Desk, Portable Laptop Desk Fits Up to 16  Laptops, with Tablet Slot, Built-in ...","MAD 370                                                                        
                                                                            479",https://d3ulwu8fab47va.cloudfront.net/skin/frontend/default/ubuycom/images/loading.gif,https://www.ubuy.ma/en/product/JG6CYUEVS-lap-desk-portable-laptop-desk-fits-up-to-16-laptops-with-tablet-slot-built-in-cushion-great-for-home-office-lap-desk-for-laptop-lap-desk,,,,,,,,,,,,,,,,,,,,,,,,,,,,,,,,,,,,,,,,,,,,,,,,,,,,,,
"Gaming Laptop, 15.6 Inch Laptop, Laptops N5095 8GB RAM 512GB SSD, Laptop Gaming ...",MAD 4019,https://d3ulwu8fab47va.cloudfront.net/skin/frontend/default/ubuycom/images/loading.gif,https://www.ubuy.ma/en/product/MXYN2QO9C-15-6-inch-laptop-n5095-laptops-8gb-ram-512gb-ssd-1920x1080-fhd-ips-fingerprint-unlo,,,,,,,,,,,,,,,,,,,,,,,,,,,,,,,,,,,,,,,,,,,,,,,,,,,,,,
"Gaming Laptop, 15.6 Inch Laptop, Laptops N5095 8GB RAM 256GB SSD, Laptop Gaming ...",MAD 3609,https://d3ulwu8fab47va.cloudfront.net/skin/frontend/default/ubuycom/images/loading.gif,https://www.ubuy.ma/en/product/MRPML4ZYQ-15-6-inch-laptop-gaming-laptop-n5095-laptop-8gb-ram-256gb-ssd-1920x1080-fhd-ips-fingerprint-unlock-backlit-keyboard-180-open-angle-wifi-5-bluetooth,,,,,,,,,,,,,,,,,,,,,,,,,,,,,,,,,,,,,,,,,,,,,,,,,,,,,,
"Lap Desk, Portable Laptop Desk Fits Up to 16  Laptops, with Tablet Slot, Built-in ...","MAD 343                                                                        
                                                                            425",https://d3ulwu8fab47va.cloudfront.net/skin/frontend/default/ubuycom/images/loading.gif,https://www.ubuy.ma/en/product/IVMOFODY6-lap-desk-portable-laptop-desk-fits-up-to-16-laptops-with-tablet-slot-built-in-cushion-great-for-home-office-lap-desk-for-laptop-laptop,,,,,,,,,,,,,,,,,,,,,,,,,,,,,,,,,,,,,,,,,,,,,,,,,,,,,,
"Windows 11 Laptop, 18.5 Inch Laptops for Student with 4GB RAM 128GB EMMC, Celeron ...",MAD 13720,https://d3ulwu8fab47va.cloudfront.net/skin/frontend/default/ubuycom/images/loading.gif,https://www.ubuy.ma/en/product/MPEJTAYQK-laptop-18-5-inch-laptops-for-student-and-business-with-4gb-ram-128gb-emmc-1024gb-ssd-laptop-celeron-n5095-quad-core-up-to-2-9ghz-windows-11,,,,,,,,,,,,,,,,,,,,,,,,,,,,,,,,,,,,,,,,,,,,,,,,,,,,,,
"Gaming Laptop, Laptop i5 Up to 3.60GHZ, 16 Inch Laptops Computer 16GB RAM 512GB ...",MAD 5522,https://d3ulwu8fab47va.cloudfront.net/skin/frontend/default/ubuycom/images/loading.gif,https://www.ubuy.ma/en/product/N25BB7I8Q-gaming-laptop-laptop-i5-up-to-3-60ghz-16-inch-laptops-computer-with-16gb-ram-512gb-ssd-hd-1920x1200-display-backlit-keyboard-bluetooth-5-0-wif,,,,,,,,,,,,,,,,,,,,,,,,,,,,,,,,,,,,,,,,,,,,,,,,,,,,,,
"Tuofudun 360  Yoga,N100 Laptop,10.95 inch IPS Touch Screen,8GB DDR4 128GB ...",MAD 4997,https://d3ulwu8fab47va.cloudfront.net/skin/frontend/default/ubuycom/images/loading.gif,https://www.ubuy.ma/en/product/MWA1G4XSO-tuofudun-360-yoga-n100-laptop-10-95-inch-ips-touch-screen-8gb-ddr4-128gb-ssd-office-notebook-mini-pc-tablet-add-stylus,,,,,,,,,,,,,,,,,,,,,,,,,,,,,,,,,,,,,,,,,,,,,,,,,,,,,,
"Laptop Computers, 32GB RAM 128GB EMMC+1024GB SSD, 18.5 Inch Laptops with Celeron ...",MAD 23285,https://d3ulwu8fab47va.cloudfront.net/skin/frontend/default/ubuycom/images/loading.gif,https://www.ubuy.ma/en/product/MVK9GUXFQ-laptop-computers-32gb-ram-128gb-emmc-1024gb-ssd-18-5-inch-laptops-with-celeron-n5095-quad-core-up-to-2-9ghz-11-home-portable-notebook-8000mah,,,,,,,,,,,,,,,,,,,,,,,,,,,,,,,,,,,,,,,,,,,,,,,,,,,,,,
"Laptop Computer, 14 Inch Laptop 8GB RAM 128GB SSD Laptops, Quad-Core N5095 ...",MAD 2776,https://d3ulwu8fab47va.cloudfront.net/skin/frontend/default/ubuycom/images/loading.gif,https://www.ubuy.ma/en/product/ML5VD4CE8-laptop-computer-14-inch-laptop-8gb-ram-128gb-ssd-laptops-quad-core-n5095-processor-up-to-2-9-ghz-win11-pro-ms-office-pro-plus-2024-wifi-5-bt,,,,,,,,,,,,,,,,,,,,,,,,,,,,,,,,,,,,,,,,,,,,,,,,,,,,,,
"Laptop, 8GB DDR4 256GB SSD Notebook, 17.3 Inch Laptops Computer with Celeron ...","MAD 1969                                                                        
                                                                            3882",https://d3ulwu8fab47va.cloudfront.net/skin/frontend/default/ubuycom/images/loading.gif,https://www.ubuy.ma/en/product/JSYUC24JG-naclud-laptop-8gb-ddr4-256gb-ssd-notebook-17-3-inch-laptops-computer-with-celeron-quad-core-processor-up-to-2-4-ghz-8000mah-webcam-mini-hdmi,,,,,,,,,,,,,,,,,,,,,,,,,,,,,,,,,,,,,,,,,,,,,,,,,,,,,,
"15.6 Inch Laptops, Laptop Computers with 20GB RAM 128GB EMMC+1024GB SSD, Celeron ...",MAD 10878,https://d3ulwu8fab47va.cloudfront.net/skin/frontend/default/ubuycom/images/loading.gif,https://www.ubuy.ma/en/product/MKLP06CX0-15-6-inch-laptops-laptop-computers-with-20gb-ram-128gb-emmc-1024gb-ssd-celeron-n5095-quad-core-up-to-2-9ghz-portable-notebook-11-home-7000mah,,,,,,,,,,,,,,,,,,,,,,,,,,,,,,,,,,,,,,,,,,,,,,,,,,,,,,
"Lap Desk, Portable Laptop Desk Fits Up to 16  Laptops, with Tablet Slot, Built-in ...","MAD 507                                                                        
                                                                            562",https://d3ulwu8fab47va.cloudfront.net/skin/frontend/default/ubuycom/images/loading.gif,https://www.ubuy.ma/en/product/J25PQW09C-large-black-lap-desk-portable-tray-with-pillow-cushion-fits-up-to-17-with-slot-great-for-home-office-large-black,,,,,,,,,,,,,,,,,,,,,,,,,,,,,,,,,,,,,,,,,,,,,,,,,,,,,,
"15.6 Inch Laptops, Laptop Computers Students Business with 36GB RAM 128GB ...",MAD 15087,https://d3ulwu8fab47va.cloudfront.net/skin/frontend/default/ubuycom/images/loading.gif,https://www.ubuy.ma/en/product/MKLP06CZ4-15-6-inch-laptops-laptop-computers-students-business-with-36gb-ram-128gb-emmc-1024gb-ssd-celeron-n5095-quad-core-up-to-2-9ghz-11-home-wifi-6-usb,,,,,,,,,,,,,,,,,,,,,,,,,,,,,,,,,,,,,,,,,,,,,,,,,,,,,,
"Laptops, 15.6 Inch Laptop Computer with 36GB RAM 1152GB SSD, Expandable 4TB, ...","MAD 5522                                                                        
                                                                            19186",https://d3ulwu8fab47va.cloudfront.net/skin/frontend/default/ubuycom/images/loading.gif,https://www.ubuy.ma/en/product/ML95HSD7S-laptops-15-6-inch-laptop-computer-with-36gb-ram-1152gb-ssd-expandable-1tb-celeron-n5095-quad-core-up-to-2-9ghz-11-home-180-angle-opening,,,,,,,,,,,,,,,,,,,,,,,,,,,,,,,,,,,,,,,,,,,,,,,,,,,,,,
"Gaming Laptop, 15.6 Inch Laptops, Laptop Computer 16GB RAM 512GB SSD N5095 Notebook ...",MAD 4156,https://d3ulwu8fab47va.cloudfront.net/skin/frontend/default/ubuycom/images/loading.gif,https://www.ubuy.ma/en/product/MDMSCJBUY-15-6-inch-laptop-16gb-ram-laptop-512gb-ssd-n5095-gaming-laptop-fingerprint-unloc,,,,,,,,,,,,,,,,,,,,,,,,,,,,,,,,,,,,,,,,,,,,,,,,,,,,,,
"jumper Laptop Computer, 12GB RAM 512GB SSD, Expandable 256GB TF Card, Celeron N ...",MAD 3199,https://d3ulwu8fab47va.cloudfront.net/skin/frontend/default/ubuycom/images/loading.gif,https://www.ubuy.ma/en/product/N3UHYDUOO-jumper-laptop-computer-12gb-ram-512gb-ssd-expandable-256gb-tf-card-celeron-n-cpu-up-to-2-4ghz-14-inch-laptop-with-1920x1080-display-35-52wh,,,,,,,,,,,,,,,,,,,,,,,,,,,,,,,,,,,,,,,,,,,,,,,,,,,,,,
"14.1 Inch Laptop, 8GB DDR4 RAM 256GB SSD, Laptops Computer with Quad-Core Celeron ...","MAD 2516                                                                        
                                                                            2789",https://d3ulwu8fab47va.cloudfront.net/skin/frontend/default/ubuycom/images/loading.gif,https://www.ubuy.ma/en/product/JMOW5UESK-laptop-14-1-windows11pro-8gb-ddr4-256gb-ssd-quad-core-intel-celeron-j4105-processor-up-to-2-5ghz-1080p-fhd-laptop-computer-wifi-webcam,,,,,,,,,,,,,,,,,,,,,,,,,,,,,,,,,,,,,,,,,,,,,,,,,,,,,,
"Tuofudun 360  Yoga,N100 Laptop,10.95 inch IPS Touch Screen,32GB DDR4 2TB SSD,Office ...",MAD 7624,https://d3ulwu8fab47va.cloudfront.net/skin/frontend/default/ubuycom/images/loading.gif,https://www.ubuy.ma/en/product/MW8G7DUIW-tuofudun-360-yoga-n100-laptop-10-95-inch-ips-touch-screen-32gb-ddr4-2tb-ssd-office-notebook-mini-pc-tablet,,,,,,,,,,,,,,,,,,,,,,,,,,,,,,,,,,,,,,,,,,,,,,,,,,,,,,
"15.6Inch Gaming Laptop, Laptops N95 Up to 3.4GHz Processor, Lap top 16GB Notebook ...",MAD 5385,https://d3ulwu8fab47va.cloudfront.net/skin/frontend/default/ubuycom/images/loading.gif,https://www.ubuy.ma/en/product/MDMRALY7Q-laptop-16gb-ddr4-1tb-ssd-gaming-laptop-12th-n95-up-to-3-4ghz-15-6-fhd-ips-wind,,,,,,,,,,,,,,,,,,,,,,,,,,,,,,,,,,,,,,,,,,,,,,,,,,,,,,
"Laptops, 8GB DDR4 512GB SSD, 17.3 Inch Laptop Computer, Notebook with Celeron ...",MAD 10304,https://d3ulwu8fab47va.cloudfront.net/skin/frontend/default/ubuycom/images/loading.gif,https://www.ubuy.ma/en/product/MD0UXD4PS-laptops-8gb-ddr4-512gb-ssd-17-3-inch-laptop-computer-notebook-with-celeron-processor-up-to-2-8-ghz-8000mah-webcam-type-c-usb3-2-2-dual,,,,,,,,,,,,,,,,,,,,,,,,,,,,,,,,,,,,,,,,,,,,,,,,,,,,,,
