Title,Price,Case Size,Battery Capacity,Brand,Model,Operating System,Storage Capacity
"Smart Watch for Men Women Answer/Make Calls, Sports Fitness with 100 Sports, Alexa ...",876.0,1.39'',400000.0,,,Android/Ios,128MB
"Smartwatch for Men Women with Bluetooth Call 1.43"" AMOLED screen Round Smart Watch ...",248.0,1.39'',400000.0,,,Android/Ios,128MB
"Smart Watch Men with Metal Bezel, Answer Make Call/Heart Rate/Step Counter/Sleep ...",384.0,1.39'',400000.0,,,Android/Ios,128MB
Smart Watch for Men Fitness TrackerAnswer/Dial Call Bluetooth Call 1.39''HD ...,971.0,1.43'',450000.0,Motsfit,SMART WATCH KCBK80,Android,
"Smart Watch for MenAnswer/Make Call,Alexa Built-in,1.8""Fitness Tracker with Heart ...",1122.0,1.43'',450000.0,Motsfit,SMART WATCH KCBK80,Android,
"Smart Watches for Men Women,Built-in Alexa, Fitness Watch with Blood Oxygen/Heart ...",289.0,1.43'',450000.0,Motsfit,SMART WATCH KCBK80,Android,
"Smartwatch, Built-in Alexa, GPS, VO2 Max, HRV, Blood Oxygen, Sleep Monitoring, ...",1416.0,1.96'',280000.0,Lojusimeh,7.07457E+11,Android/Ios,
"Smart Watch, Built-in Alexa, GPS, VO2 Max, HRV, SpO2 Sleep Monitoring, Noise ...",1416.0,1.96'',280000.0,Lojusimeh,7.07457E+11,Android/Ios,
"Smartwatch for Men Women with Bluetooth Call 1.43"" AMOLED Screen Round Smart Watch ...",548.0,1.96'',280000.0,Lojusimeh,7.07457E+11,Android/Ios,
Smartwatch for Men Android iPhone Watch Smart Watch Answer/Make Call with Heart ...,603.0,1.96'',280000.0,Lojusimeh,7.07457E+11,Android/Ios,
"Smart WatchAnswer/Make Call, 1.96"" Smart Watch for Men Women IP68 Waterproof, ...",302.0,2.02'',350000.0,,,Ios/Android,128MB
"WalkerFit Men Smart Watches - Round Smart Watch Make/Answer, Waterproof Fitness ...",669.0,2.02'',350000.0,,,Ios/Android,128MB
"Smart Watch Answer/Make Calls, Ultra Thin 1.43  AMOLED Smart Watches for Men Women, ...",330.0,2.02'',350000.0,,,Ios/Android,128MB
"Smart Watch for Men Women with 2.1"" HD Screen Military Watches, Call & Text for ...",328.0,2.02'',350000.0,,,Ios/Android,128MB
"Smart Watches for Men, 2.02 Inches Sports Fitness Watch with Bluetooth Call, ...",343.0,,,,,,
"Smart Watch for Men Answer/Make Call for Android iOS, Military Smartwatch Heart ...",603.0,1.43'',450000.0,Motsfit,80KC,Android,
"Smart Watch for Men & Women - Android Phones, Make/Answer Calls, Messaging, Voice ...",603.0,1.43'',450000.0,Motsfit,80KC,Android,
Smartwatch for Men Android iPhone Watch Smart Watch Answer/Make Call with Heart ...,603.0,1.43'',450000.0,Motsfit,80KC,Android,
Smartwatch for Men Android iPhone Watch Smart Watch Answer/Make Call with Heart ...,603.0,,,,,,
"Smart Watch Answer/Make Call, 1.96"" HD Smartwatch for Women, 2025 Fitness Watch ...",1423.0,,,,,,
Smart Watch for Women Men with Heart Rate Monitor Blood Pressure Blood Oxygen ...,371.0,,,,,,
"Smart Watch for Android iOS Phones, HD Display Smartwatch for Women Men Built-in ...",876.0,,,,,,
"Smart Watch for Men Women Answer/Make Calls,1.83"" HD IP68 Waterproof Fitness Watch ...",330.0,1.96'',,Booabei,T19P,Android 4.4 And Above/Ios 9.0 And Above.,
"Smart Watch for Women,Fitness WatchAnswer/Make Call,Alexa Built-in, [24H Heart Rate ...",1149.0,,,,,,
"Smart Watches for Men Women with Bluetooth Call, Activity Fitness Tracker 1.96"" HD ...",1231.0,,,,,,
1.39''HD Smart Watch for Men Fitness TrackerAnswer/Dial CallBluetooth Call Military ...,1054.0,,,,,,
"Smart Watches for WomenAnswer/Make Calls with Diamonds, 1.3  HD Bluetooth Smart ...",876.0,,,,,,
"Smart Watch,Fitness Tracker Watches for Men Women, IP67 Waterproof HD Touch Screen ...",466.0,,250000.0,Vkarood,,Android Wear 2.9,
"Smart Watch for Men Answer/Make Call for Android iOS, Military Smartwatch Heart ...",466.0,,250000.0,Vkarood,,Android Wear 2.9,
"Smart Watch for Men Women Fitness 1.9"" Bluetooth Call Smartwatch for Smart Phone ...",466.0,1.4'',,Walkerfit,A2 PRO,Android-Based (Specific Version Not Specified),
"Smart Watch Answer/Make Calls, Ultra Thin 1.43  AMOLED Smart Watches for Men Women, ...",193.0,1.4'',,Walkerfit,A2 PRO,Android-Based (Specific Version Not Specified),
"2 Packs Smart Watch for Women and Men with Alexa, Bluetooth Call & Receive Text, ...",1009.0,1.4'',,Walkerfit,A2 PRO,Android-Based (Specific Version Not Specified),
Smartwatch for Men Fitness Tracker Watch Smart Watch with Answer/Make Call Heart ...,876.0,1.4'',,Walkerfit,A2 PRO,Android-Based (Specific Version Not Specified),
"Smart Watches for Men- Answer/Dial Calls,Waterproof Fitness Watch 150+ Sport Modes ...",535.0,,,,,,
"Smart Watch Smartwatch 1.85"" Large Display, Fitness Call Music Password Lock Screen ...",275.0,,300000.0,Sgddfit,,Ios/Android,
"Smartwatch for Men Fitness Watch - 1.43"" Amoled Touchscreen Smart Watch Answer/Make ...",1013.0,,300000.0,Sgddfit,,Ios/Android,
"Smart Watch Answer/Make Call & Alexa with 1.38'' Round Rotating Crown, Fitness ...",330.0,,300000.0,Sgddfit,,Ios/Android,
"MIDDOW Men's Smart Watch with Earbuds Make/Answer Calls, Fitness Tracker and Sleep ...",1149.0,,,,,,
"Smart Watch for Men WomenAnswer/Make Call, Smartwatches with Heart ...",740.0,2.01'',350000.0,,P68,Smart Phone With Ios 8.0 Or Above And Android 5.0 Or Above.,128MB
"Smart Watch Answer/Make Calls for Women with Alexa Built-in, Smartwatch for Android ...",1013.0,2.01'',350000.0,,P68,Smart Phone With Ios 8.0 Or Above And Android 5.0 Or Above.,128MB
"Smart Watch for Men Alexa Built-in, 44mm Fitness Tracker with Answer/Make Calls, ...",384.0,2.01'',350000.0,,P68,Smart Phone With Ios 8.0 Or Above And Android 5.0 Or Above.,128MB
"Smart Watch for women menAnswer/Make Calls2.01 ,Smart Watches for iOS and Android ...",220.0,2.01'',230000.0,Xgviegz,Z49,Wear Os,
Smart Watch for Women Fitness Tracker Make/Answer Call Smart Watches for Women ...,1013.0,2.01'',230000.0,Xgviegz,Z49,Wear Os,
"Smart Watch for Men WomenAnswer/Make Call, Smartwatches with Heart ...",740.0,2.01'',230000.0,Xgviegz,Z49,Wear Os,
"Smart Watch for women menAnswer/Make Calls2.01 ,Smart Watches for iOS and Android ...",220.0,,,,,,
"Smartwatch for Men Fitness Watch 1.43"" Amoled Touchscreen Smart Watch Answer/Make ...",603.0,,,,,,
Smart Watch for WomenMake/Answer Call Fitness Tracker for iOS Android Phones ...,740.0,,,,,,
"Smart Watch for MenAnswer/Make Calls,2.01"" Activity Trackers with Heart Rate/Sleep ...",1012.0,,,,,,
"Smart Watch for Women with Diamond Jewelry Watchband, Alexa Built-in, IP68 ...",1149.0,,,,,,
"Smart Watch for Men Women, 1.57"" Smartwatch Answer/Make Call , Fitness Tracker with ...",603.0,,,,,,
"Smart Watch for Men Women Answer/Make Calls, 1.83"" Smartwatch with Heart Rate SpO2 ...",466.0,2.09'',220000.0,,HY2473B3,Android,30MB
"Smart Watch for Women Answer/Make Calls, 1.96"" HD Fitness Watch with Heart Rate ...",453.0,2.09'',220000.0,,HY2473B3,Android,30MB
"Smart Watch for Men WomenAnswer/Make Call, Smartwatches with Heart ...",740.0,2.09'',220000.0,,HY2473B3,Android,30MB
"Smart Watch for women menAnswer/Make Calls2.01 ,Smart Watches for iOS and Android ...",220.0,1.43'',330000.0,Bangwei,ST2-A PRO-XYX,"Android Wear"" Or ""Wear Os",
"Smart Watch for Men Women Compatible Android iPhone, 2.09'' Smartwatch Fitness ...",630.0,1.43'',330000.0,Bangwei,ST2-A PRO-XYX,"Android Wear"" Or ""Wear Os",
"Smart Watch for Men Women Answer/Make Calls, 2.01in AMOLED HD Display Fitness ...",1013.0,1.43'',330000.0,Bangwei,ST2-A PRO-XYX,"Android Wear"" Or ""Wear Os",
"Smart Watch for Men WomenAnswer/Make Calls, 2.01"" AMOLED HD Display Heart Rate ...",1013.0,1.43'',330000.0,Bangwei,ST2-A PRO-XYX,"Android Wear"" Or ""Wear Os",
Smart Watch for Android Phones iOS Waterproof Smart Watches for Women ...,685.0,,,Motsfit,,,
"Smart Watches for Men,1.43"" AMOLED Display Fitness Watch IP68 Waterproof Activity ...",740.0,,,,,,
"BANGWEI Smart Watches for Men Answer/Make Call, 1,43"" AMOLED HD Touch Screen ...",876.0,,,,,,
"Smart Watch for Men Bluetooth Answer/Make Call, 1.43"" AMOLED Display Luxury ...",835.0,,,,,,
Smart Watch for Android Phones Answer Make Calls SMS Reminder Smartwatch Compatible ...,876.0,1.96'',,Motast,P99,Android,1GB
"Smart WatchAnswer/Make Call, 1.96"" HD Smartwatch for Men Women, 2024 Fitness ...",398.0,1.96'',,Motast,P99,Android,1GB
"Smart Watch, 2.13  AMOLED Display, 5ATM Waterproof, Voice Assistant, Multiple ...",876.0,1.96'',,Motast,P99,Android,1GB
"Smart WatchAnswer/Make Call, 1.96"" HD Smartwatch for Men Women, 2024 Fitness ...",603.0,1.96'',,Motast,P99,Android,1GB
Smartwatch for Men Fitness Tracker Watch Smart Watch with Answer/Make Call Heart ...,822.0,,,,,,
"Smartwatch for Men Women Fitness Watch 1.43"" Amoled Touchscreen Smart Watch ...",330.0,1.32'',270000.0,Erkwei,,Ios 7.1 And Above Versions/Android 4.4 And Above Versions,
Smart Watches for WomenMake/Answer Call Smartwatch for Android iOS Phones Fitness ...,876.0,1.32'',270000.0,Erkwei,,Ios 7.1 And Above Versions/Android 4.4 And Above Versions,
Smartwatch for Men Fitness Tracker Black Smart Watches Answer/Make Calls 1.43  ...,808.0,,,,,,
"Smartwatch for Men Women Fitness Watch 1.43"" Amoled Touchscreen Smart Watch ...",330.0,2.01'',230000.0,Xgviegz,G21,,128MB
"Smart Watch for WomenAnswer/Make Calls, 1.27  Touchscreen Smartwatch with 24/7 ...",603.0,2.01'',230000.0,Xgviegz,G21,,128MB
"Smart Watches for Men Answer/Make Calls, 1.85'' Fitness Watch with Heart Rate/Sleep ...",466.0,2.01'',230000.0,Xgviegz,G21,,128MB
"Smart Watches for Men/Women, 1.75"" Bluetooth Call, AI Voice Smartwatch, 24/7 Heart ...",1368.0,2.02'',350000.0,,,Ios/Android,128MB
"Smart Watches for Men Women, Fitness Watch with Heart Rate/SpO2/Sleep Monitor, ...",1010.0,2.02'',350000.0,,,Ios/Android,128MB
"Smart WatchAnswer/Make Call,2.01"" Smartwatch for Women men IP67 Waterproof, 100+ ...",248.0,2.02'',350000.0,,,Ios/Android,128MB
"Smart Watches for Men, 2.02 Inches Sports Fitness Watch with Bluetooth Call, ...",343.0,2.02'',350000.0,,,Ios/Android,128MB
"Smart WatchAnswer/Make Call,2.01"" Smartwatch for Women men IP67 Waterproof, 100+ ...",248.0,,,,,,
"Smart Watches for Men Answer/Make Call, Fitness Tracker with 123 Sport Modes, Heart ...",384.0,1.27'',,,K35 BLACK,Android 4.4 And Above/Ios9.0 And Above,128MB
"Smart Watches for Men, Fitness Tracker with Heart Rate & SpO2 Monitor, IP67 ...",521.0,1.27'',,,K35 BLACK,Android 4.4 And Above/Ios9.0 And Above,128MB
"Smartwatch Men Fitness Tracker Watch Smart Watches 1.53"" Round Touchscreen 3ATM ...",863.0,1.27'',,,K35 BLACK,Android 4.4 And Above/Ios9.0 And Above,128MB
"Smart Watch for Women - 1.8"" Full Touch HD Screen, 24-Hour Heart Rate, Blood ...",1122.0,1.27'',,,K35 BLACK,Android 4.4 And Above/Ios9.0 And Above,128MB
Smart Watch for WomanMake/Answer Call Smartwatch for Women Heart Rate Sleep Blood ...,603.0,1.27'',,,K35 BLACK,Android 4.4 And Above/Ios9.0 And Above,128MB
Smart Watch for Android Phones Answer Make Calls SMS Reminder Smartwatch Compatible ...,876.0,1.85'',,Iowodo,R30 PRO,Android/Ios,
"Smart Watch for Men Women Answer/Make Calls,Fitness Watch with Heart Rate Monitor ...",603.0,1.85'',,Iowodo,R30 PRO,Android/Ios,
"Smart Watch for Men Women - 1.85''HD Screen with Make and Answer Calls, with AI ...",371.0,1.85'',,Iowodo,R30 PRO,Android/Ios,
"Smart Watch for Women Men Alexa Built-in, 1.8"" Compatible Android iOS, Answer&Make ...",521.0,2.01'',380000.0,,ROWATCH F12,Android Wear 2.6,128MB
"Smart Watch for women menAnswer/Make Calls2.01 ,Smart Watches for iOS and Android ...",220.0,2.01'',380000.0,,ROWATCH F12,Android Wear 2.6,128MB
"Smart Watches for Men Women with Bluetooth Call, Activity Fitness Tracker 1.96"" HD ...",1231.0,2.01'',380000.0,,ROWATCH F12,Android Wear 2.6,128MB
"Smart Watches for Women Men Answer/Make Call, 1.8"" Alexa Built-in Fitness Tracker, ...",876.0,2.01'',380000.0,,ROWATCH F12,Android Wear 2.6,128MB
"Smart Watch for Men Women Answer/Make Calls,1.83"" HD IP68 Waterproof Fitness Watch ...",330.0,1.32'',300000.0,,99,Android,128MB
Smart Watches for Women with Call 2.01 Amoled Fitness Tracker with 24-Hour Heart ...,603.0,1.32'',300000.0,,99,Android,128MB
"Smart Watch for Women Men. 1.83"" Fitness Watch Answer/Make Call with Heart Rate ...",384.0,1.4'',,Walkerfit,ZL73E,Android,
"Smart Watches for Women Call Receive/Dial, 1.32"" Smartwatch with Heart Rate Sleep ...",330.0,1.4'',,Walkerfit,ZL73E,Android,
"Smart Watch for MenMake/Answer Call Bluetooth Call 1.53"" HD Military Smartwatch for ...",875.0,1.4'',,Walkerfit,ZL73E,Android,
"Smart Watches for Men Women Answer Make Call, 1.95"" Fitness Watch with Blood Oxygen ...",289.0,1.4'',,Walkerfit,ZL73E,Android,
"Mens Smart Watch, Receive/Dial Call Waterproof Fitness Watch with Sleep Monitor, ...",466.0,,230000.0,Bemtava,7.13425E+11,Android And Ios,
"Smart Watch Answer/Make Call 2024 Newest Fitness Tracker, Heart Rate/Sleep ...",207.0,,230000.0,Bemtava,7.13425E+11,Android And Ios,
"Smart Watches for Men Bluetooth Call Answer/Make Call, 1.39'' IP68 Smartwatch for ...",876.0,,230000.0,Bemtava,7.13425E+11,Android And Ios,
"Smart Watch Answer/Make Call, 1.9"" Smartwatch Fitness Tracker for Android and iOS ...",289.0,,230000.0,Bemtava,7.13425E+11,Android And Ios,
"Smart Watch Answer/Make Call, 1.9"" Smartwatch Fitness Tracker for Android and iOS ...",289.0,1.27'',,,K35 BLACK,Android 4.4 And Above/Ios9.0 And Above,128MB
"Smart Watch for Women Men. 1.83"" Fitness Watch Answer/Make Call with Heart Rate ...",371.0,1.27'',,,K35 BLACK,Android 4.4 And Above/Ios9.0 And Above,128MB
"Smart Watch for Women Men, Alexa Built-in,1.8 Inches Large Display, Bluetooth ...",876.0,1.27'',,,K35 BLACK,Android 4.4 And Above/Ios9.0 And Above,128MB
"Smart Watch, Alexa Built-in, Stable Bluetooth Call, 2025 Newest Fitness Tracker ...",876.0,,,,,,
"Smart Watches for Men, Fitness Tracker with Heart Rate & SpO2 Monitor, IP67 ...",521.0,,,,,,
"Smart Watches for Men Answer/Make Call, Fitness Tracker with 123 Sport Modes, Heart ...",384.0,,,,,,
"Smart Watches for Men Women - 1.83"" HD Smartwatch for Android iOS Compatible with ...",466.0,,,,,,
"Smart Watches for Men with AI Voice/Bluetooth Call,1.43 AMOLED Always On ...",603.0,,,,,,
"Smart Watch, 1.91"" Smartwatch for Women Men Answer/Make Call, Fitness Tracker with ...",466.0,,,,,,
"Smart Watches for Men Android & iPhone, Alexa Built-in, Fitness Tracker with ...",1013.0,,,,,,
"Smart Watch 1.96  with Bluetooth Call Message Alert, Smart Watch for Men 350mAh ...",302.0,,,,,,
Smart Watch for Men Women Answer/Make Call 2.01 Amoled Fitness Tracker with 24/7 ...,603.0,,,,,,
"Smart Watch for Men Women Answer/Make Calls, 1.83"" Smartwatch with Heart Rate SpO2 ...",466.0,,,,,,
Smart Watch for Android Phones iOS Waterproof Smart Watches for Women ...,576.0,,,,,,
"Smartwatch for Men Android Fitness Watch 1.43"" AMOLED Smart Watches for Men with ...",808.0,,,,,,
"Smart Watch Answer/Make Calls for Women, 1.58"" AMOLED Smartwatch for Android ...",1286.0,,,,,,
Smart Watch for Women Fitness Tracker Make/Answer Call Smart Watches for Women ...,1010.0,,,,,,
Smartwatch for Men Fitness Tracker Brown Smart Watches Answer/Make Calls 1.43  ...,808.0,,,,,,
"Smart Watch Answer/Make Call, 2.01"" Smartwatch for Android Phones and iPhone with ...",740.0,,,,,,
Smartwatch for Women Android Fitness Tracker Silver Smart Watch Answer/Make ...,740.0,,,,,,
"2024 Smart Watches for Women, IP68 Waterproof, Alexa Built-in 1.83' HD DIY Dial ...",1423.0,,,,,,
"Smart Watches for Men/Women,1.8'' Alexa Built-in Fitness Tracker Watch with ...",466.0,,,,,,
"Smart Watch for Men Women Answer/Make Calls,1.83"" HD IP68 Waterproof Fitness Watch ...",466.0,,,,,,
"LIGE Smart Watches for Men,1.32  Smart Watch with Bluetooth Calls/Message Push, 20 ...",849.0,,,,,,
"Smart Watch Answer/Make Call for Android iPhone, 1.43"" AMOLED HD Screen Mens Luxury ...",603.0,,,,,,
Smart Watches for Women [Make Call/Answer/400+Watch Face] Android & iPhone ...,740.0,,,,,,
"Smart Watch Answer/Make Call 2024 Newest Fitness Tracker, Heart Rate/Sleep ...",207.0,,,,,,
"Smart Watch for Women MenAnswer/Make Calls 1.83"", Smartwatch for iOS and ...",234.0,,,,,,
"Smart Watch for TCL 10 5G - with LED Flashlight, 1.43"" AMOLED Display, Outdoor ...",630.0,,,,,,
"Smart Watch Smartwatch 1.85"" Large Display, Fitness Call Music Password Lock Screen ...",275.0,,,,,,
,,,,,,,
