Title,Price,Screen Size,Maximum Resolution,Aspect Ratio,Response Time,Model,Refresh Rate,Price (USD),Brand
Data not available,,60.45,,,5.0,nan,,,Unknown
Data not available,,60.45,,,5.0,nan,,,Unknown
Frontech - 50.8 cm (20 inch) HD LED Backlit VA Panel Monitor (MON-0054),3154.0,50.8,1600x900,16:09,5.0,MON-0054,60.0,37.85,Unknown
ZEBRONICS 81.28 cm (32 inch) Curved Full HD VA Panel Wall Mountable Monitor (ZEB -AC32FHD LED),11999.0,81.28,1920x1080,16:09,8.0,ZEB -AC32FHD LED,75.0,143.99,Unknown
Frontech - 50.8 cm (20 inch) HD LED Backlit VA Panel Monitor (MON-0074),2699.0,50.8,1600x900,16:09,3.0,MON-0074,60.0,32.39,Unknown
"SAMSUNG 60.96 cm (24 inch) Full HD IPS Panel Flicker-Free, HDMI, Display Port, Bezel-less Design Flat ...",7399.0,60.96,,16:09,4.0,LS24C330GAWXXL,100.0,88.79,Unknown
MarQ by Flipkart 68.58 cm (27 inch) Full HD LED Backlit VA Panel Monitor (27FHDMMQTT9B),6299.0,68.58,1920x1080,16:09,5.0,27FHDMMQTT9B,100.0,75.59,Unknown
"LG 60.45 cm (23.8 inch) Full HD IPS Panel with 3-Side Borderless Display,Tilt-able Stand, Black Stabil...",7599.0,60.45,,16:09,5.0,24MR400-BA.CTRRMV,100.0,91.19,Unknown
ZEBSTER 50.8 cm (20 inch) HD VA Panel Monitor (Z-GV120),2679.0,50.8,,16:09,8.0,Z-GV120,60.0,32.15,Unknown
"ZEBRONICS 39.62 cm (15.6 inch) Full HD IPS Panel with 180-degree Adjustable Stand, 16:9 Aspect Ratio, ...",9999.0,39.62,1920x1080,16:09,25.0,(Zeb-Pixigo A16 (Zeb-KPM 2)),60.0,119.99,Unknown
Frontech - 48.26 cm (19 inch) HD LED Backlit VA Panel Monitor (MON-0071),2812.0,48.26,1440x900,16:10,5.0,MON-0071,60.0,33.74,Unknown
MarQ by Flipkart 60.96 cm (24 inch) Full HD LED Backlit VA Panel Monitor (24FHDMMQTT9B),5899.0,60.96,1920x1080,16:09,5.0,24FHDMMQTT9B,100.0,70.79,Unknown
"ZEBRONICS 81.28 cm (32 inch) Curved Full HD VA Panel 80 cm, Wall Mountable, Slim Gaming Monitor (ZEB-A...",15999.0,81.28,1920x1080,16:09,12.0,ZEB-AC32FHD LED,165.0,191.99,Unknown
Lenovo 60.45 cm (23.8 inch) Full HD VA Panel 3-Side Near Edgeless with TUV Eye Care Monitor (D24-20/D2...,6599.0,60.45,,,4.0,D24-20/D24-40,75.0,79.19,Unknown
Frontech - 48.26 cm (19 inch) HD LED Backlit VA Panel Monitor (MON-0001),2750.0,48.26,1440x900,16:09,3.0,MON-0001,75.0,33.0,Unknown
Frontech - 43.18 cm (17 inch) HD LED Backlit VA Panel Monitor (MON-0065),2469.0,43.18,1280x1024,5:04,5.0,MON-0065,60.0,29.63,Unknown
"Acer 54.61 cm (21.5 inch) Full HD LED Backlit VA Panel with ZeroFrame Design, Ergonomic Stand, Acer Vi...",5695.0,54.61,1920x1080,16:09,1.0,EK220Q,100.0,68.34,Unknown
"LG 62.23 cm (24.5 inch) Full HD IPS Panel with Dynamic Action Sync, Black Stabilizer, OnScreen Control...",7899.0,62.23,,,5.0,25MS500-B.ATR,100.0,94.79,Unknown
"DELL S Series 60.45 cm (23.8 inch) Full HD IPS Panel with 3-Years warranty, 99% sRGB, Low Blue Light t...",9799.0,60.45,1920x1080,16:09,4.0,S2421HNM / S2421HN,75.0,117.59,Unknown
"ZEBRONICS 68.58 cm (27 inch) Full HD IPS Panel with 300 Nits Brightness, HDR10, 99% sRGB 1 x DP, 1 x H...",11799.0,68.58,1920x1080,16:09,1.0,"ZEB-IGM 102,ZEB-N27A",180.0,141.59,Unknown
"SAMSUNG 68.58 cm (27 inch) Full HD IPS Panel Flicker-Free, HDMI, Display Port, Bezel-less Design Flat ...",9699.0,68.58,,16:09,4.0,LS27C330GAWXXL,100.0,116.39,Unknown
Elista 54.61 cm (21.5 inch) Full HD LED Backlit IPS Panel Monitor (ELS-V2210 HD LED Bezel less),5199.0,54.61,1920x1080,16:09,4.0,ELS-V2210 HD LED Bezel less,60.0,62.39,Unknown
"DELL S Series 68.58 cm (27 inch) Full HD IPS Panel with 5-Years warranty, 99% sRGB, Low Blue Light tec...",11999.0,68.58,1920x1080,,4.0,S2721HNM / S2721HN,75.0,143.99,Unknown
"DELL 60.96 cm (24 inch) Full HD LED Backlit IPS Panel 99% sRGB, 250 nits brightness , 3H Hardness, Gra...",14499.0,60.96,,16:09,5.0,P2425H,100.0,173.99,Unknown
MarQ by Flipkart 68.58 cm (27 inch) Full HD IPS Panel Inbuilt Speakers Monitor (27FHDMEQNNXO),7899.0,68.58,1920x1080,,1.0,27FHDMEQNNXO,100.0,94.79,Unknown
Frontech - 46.99 cm (18.5 inch) HD LED Backlit VA Panel Monitor (MON-0061),2743.0,46.99,1366x768,16:09,5.0,MON-0061,60.0,32.92,Unknown
Data not available,,60.45,,,5.0,nan,,,Unknown
Data not available,,60.45,,,5.0,nan,,,Unknown
Data not available,,60.45,,,5.0,nan,,,Unknown
Data not available,,60.45,,,5.0,nan,,,Unknown
Data not available,,60.45,,,5.0,nan,,,Unknown
Data not available,,60.45,,,5.0,nan,,,Unknown
"ZEBRONICS 76.2 cm (30 inch) Curved WFHD VA Panel with 300 Nits Brightness, HDR10, 99% sRGB, 95% DCI-P3...",20999.0,76.2,2560x1080,21:09,1.0,"ZEB-IGM 106,ZEB-N30A",200.0,251.99,Unknown
"SAMSUNG M5 68.58 cm (27 inch) Full HD VA Panel with Mouse & Keyboard Control, OTT Apps, IoT Hub, Offic...",15299.0,68.58,1920x1080,,4.0,LS27DM500EWXXL,60.0,183.59,Unknown
Frontech - 50.8 cm (20 inch) HD LED Backlit VA Panel Monitor (MON-0054),3154.0,50.8,1600x900,16:09,5.0,MON-0054,60.0,37.85,Unknown
Frontech - 50.8 cm (20 inch) HD LED Backlit VA Panel Monitor (MON-0074),2699.0,50.8,1600x900,16:09,3.0,MON-0074,60.0,32.39,Unknown
"Acer Nitro 60.45 cm (23.8 inch) Full HD LED Backlit IPS Panel with sRGB 99%, HDR10 Support, 2X2W Inbui...",7999.0,60.45,1920x1080,16:09,0.5,VG240Y,180.0,95.99,Unknown
"Acer 54.61 cm (21.5 inch) Full HD IPS Panel with Blue Light Shield, Low Dimming, Comfy View, Eco Displ...",6862.0,54.61,,16:09,1.0,SA222Q,100.0,82.34,Unknown
ZEBRONICS 81.28 cm (32 inch) Curved Full HD VA Panel Wall Mountable Monitor (ZEB -AC32FHD LED),11999.0,81.28,1920x1080,16:09,8.0,ZEB -AC32FHD LED,75.0,143.99,Unknown
"LG 60.45 cm (23.8 inch) Full HD IPS Panel with 3-Side Borderless Display,Tilt-able Stand, Black Stabil...",7599.0,60.45,,16:09,5.0,24MR400-BA.CTRRMV,100.0,91.19,Unknown
"LG 68.58 cm (27 inch) Full HD IPS Panel with Dynamic Action Sync, Black Stabilizer, OnScreen Control, ...",10500.0,68.58,,,5.0,27MS500-BB.ATRKMVN,100.0,126.0,Unknown
SAMSUNG 68.58 cm (27 inch) Full HD LED Backlit IPS Panel Frameless Monitor (LS27C310EAWXXL),8599.0,68.58,1920x1080,16:09,5.0,LS27C310EAWXXL,75.0,103.19,Unknown
"SAMSUNG Odyssey G4 68.58 cm (27 inch) Full HD IPS Panel with Ergonomic Stand, HDR10, Dual Sync Compati...",20899.0,68.58,1920x1080,16:09,1.0,LS27BG400EWXXL/LS27BG402EWXXL,240.0,250.79,Unknown
LG 68.58 cm (27 inch) 4K Ultra HD IPS Panel White Colour Monitor (27UL500),18479.0,68.58,3840x2160,16:09,5.0,27UL500,60.0,221.75,Unknown
"ZEBRONICS 39.62 cm (15.6 inch) Full HD IPS Panel with 180-degree Adjustable Stand, 16:9 Aspect Ratio, ...",9999.0,39.62,1920x1080,16:09,25.0,(Zeb-Pixigo A16 (Zeb-KPM 2)),60.0,119.99,Unknown
"ZEBRONICS 81.28 cm (32 inch) Curved Full HD VA Panel 80 cm, Wall Mountable, Slim Gaming Monitor (ZEB-A...",15999.0,81.28,1920x1080,16:09,12.0,ZEB-AC32FHD LED,165.0,191.99,Unknown
"Lenovo D-Series 49.53 cm (19.5 Inch) Full HD TN Panel with Fully Adjustable Tilt Stand, Seamless Conne...",6099.0,49.53,1600x900,16:09,5.0,D20-30,60.0,73.19,Unknown
MarQ by Flipkart 81.28 cm (32 inch) Full HD LED Backlit VA Panel Gaming Monitor (32FHDMMQTT9G),11999.0,81.28,1920x1080,16:09,1.0,32FHDMMQTT9G,165.0,143.99,Unknown
Lenovo 60.45 cm (23.8 inch) Full HD VA Panel 3-Side Near Edgeless with TUV Eye Care Monitor (D24-20/D2...,6599.0,60.45,,,4.0,D24-20/D24-40,75.0,79.19,Unknown
Frontech - 43.18 cm (17 inch) HD LED Backlit VA Panel Monitor (MON-0065),2469.0,43.18,1280x1024,5:04,5.0,MON-0065,60.0,29.63,Unknown
"DELL SE-Series 68.58 cm (27 inch) Full HD LED Backlit VA Panel with 5-Years warranty, Brightness: 250 ...",7799.0,68.58,1920x1080,16:09,4.0,SE2722H,75.0,93.59,Unknown
Frontech 39.12 cm (15.4 inch) HD LED Backlit VA Panel Monitor (MON-0068),2470.0,39.12,1280x800,16:10,3.0,MON-0068,60.0,29.64,Unknown
"Acer NITRO VG1 series 68.58 cm (27 inch) WQHD IPS Panel with DCI-P3 95%, HDR10 support, 2X2W Inbuilt S...",14999.0,68.58,,,1.0,VG271U M3,180.0,179.99,Unknown
"SAMSUNG Odyssey G3 60.96 cm (24 inch) Full HD LED Backlit VA Panel with DP, HDMI, Height/Tilt/Pivot Ad...",10999.0,60.96,1920x1080,16:09,1.0,LS24DG300EWXXL,180.0,131.99,Unknown
"DELL S Series 60.45 cm (23.8 inch) Full HD IPS Panel with 3-Years warranty, 99% sRGB, Low Blue Light t...",9799.0,60.45,1920x1080,16:09,4.0,S2421HNM / S2421HN,75.0,117.59,Unknown
"ZEBRONICS 68.58 cm (27 inch) Full HD IPS Panel with 300 Nits Brightness, HDR10, 99% sRGB 1 x DP, 1 x H...",11799.0,68.58,1920x1080,16:09,1.0,"ZEB-IGM 102,ZEB-N27A",180.0,141.59,Unknown
Data not available,,60.45,,,5.0,nan,,,Unknown
Data not available,,60.45,,,5.0,nan,,,Unknown
Data not available,,60.45,,,5.0,nan,,,Unknown
Data not available,,60.45,,,5.0,nan,,,Unknown
Data not available,,60.45,,,5.0,nan,,,Unknown
Data not available,,60.45,,,5.0,nan,,,Unknown
"SAMSUNG 68.58 cm (27 inch) Curved Full HD VA Panel with 1800R Curvature, HDMI, Audio Ports, Flicker Fr...",9899.0,68.58,1920x1080,16:09,4.0,LS27C360EAWXXL/LS27C366EAWXXL,75.0,118.79,Unknown
"SAMSUNG S4 60.96 cm (24 inch) Full HD IPS Panel with Eye Saver Mode, Flicker Free, Height Adjustable S...",11599.0,60.96,1920x1080,16:09,4.0,LS24C430GAWXXL,100.0,139.19,Unknown
Frontech - 50.8 cm (20 inch) HD LED Backlit VA Panel Monitor (MON-0054),3154.0,50.8,1600x900,16:09,5.0,MON-0054,60.0,37.85,Unknown
Frontech - 50.8 cm (20 inch) HD LED Backlit VA Panel Monitor (MON-0074),2699.0,50.8,1600x900,16:09,3.0,MON-0074,60.0,32.39,Unknown
"ZEBRONICS 39.62 cm (15.6 inch) Full HD IPS Panel with 180-degree Adjustable Stand, 16:9 Aspect Ratio, ...",9999.0,39.62,1920x1080,16:09,25.0,(Zeb-Pixigo A16 (Zeb-KPM 2)),60.0,119.99,Unknown
"Acer 68.58 cm (27 inch) Full HD LED Backlit IPS Panel with Blue Light Shield, Low Dimming, Comfy View,...",9606.0,68.58,1920x1080,,1.0,SA272E,100.0,115.27,Unknown
Frontech Ultima Series 62.23 cm (24.5 inch) Full HD LED Backlit IPS Panel Monitor (MON-0087),6973.0,62.23,1920x1080,16:09,8.0,MON-0087,100.0,83.68,Unknown
"SAMSUNG M5 81.28 cm (32 inch) Full HD VA Panel with Mouse & Keyboard Control, OTT Apps, IoT Hub, Offic...",17899.0,81.28,1920x1080,,4.0,LS32DM500EWXXL,60.0,214.79,Unknown
ZEBRONICS 81.28 cm (32 inch) Curved Full HD VA Panel Wall Mountable Monitor (ZEB -AC32FHD LED),11999.0,81.28,1920x1080,16:09,8.0,ZEB -AC32FHD LED,75.0,143.99,Unknown
"LG 60.45 cm (23.8 inch) Full HD IPS Panel with 3-Side Borderless Display,Tilt-able Stand, Black Stabil...",7599.0,60.45,,16:09,5.0,24MR400-BA.CTRRMV,100.0,91.19,Unknown
"LG 73.66 cm (29 inch) WFHD LED Backlit IPS Panel with HDR 10, Black Stabilizer, Dynamic Action Sync, D...",14219.0,73.66,2560x1080,21:09,5.0,29WL500,75.0,170.63,Unknown
"ZEBRONICS 60.96 cm (24 inch) Full HD IPS Panel with 280 Nits Brightness, Built-in Speakers, HDR10, 99%...",8999.0,60.96,1920x1080,16:09,1.0,"ZEB-IGM 101, ZEB-N24A",180.0,107.99,Unknown
"ZEBRONICS 81.28 cm (32 inch) Curved Full HD VA Panel 80 cm, Wall Mountable, Slim Gaming Monitor (ZEB-A...",15999.0,81.28,1920x1080,16:09,12.0,ZEB-AC32FHD LED,165.0,191.99,Unknown
Lenovo 60.45 cm (23.8 inch) Full HD VA Panel 3-Side Near Edgeless with TUV Eye Care Monitor (D24-20/D2...,6599.0,60.45,,,4.0,D24-20/D24-40,75.0,79.19,Unknown
LG QHD Monitor 60.96 cm (24 inch) Quad HD LED Backlit IPS Panel Monitor (24QP550-BB.ATRDMSN),14999.0,60.96,2560x1440,16:09,5.0,24QP550-BB.ATRDMSN,75.0,179.99,Unknown
Lenovo 68.58 cm (27 inch) Full HD VA Panel with TUV Eye Care Monitor (D27-40/D27-30),8499.0,68.58,1920x1080,16:09,4.0,D27-40/D27-30,75.0,101.99,Unknown
"LG 108.0 cm (42.5197 inch) 4K Ultra HD IPS Panel with WebOS, Smart Monitor (43SQ700S-WB.ATRLMSN)",33999.0,108.0,,16:09,5.0,43SQ700S-WB.ATRLMSN,60.0,407.99,Unknown
"BenQ GW2790 68.58 cm (27 inch) Full HD LED Backlit IPS Panel 99% sRGB, Eye-careU, Dual HDMI, Display P...",10498.0,68.58,1920x1080,16:09,5.0,GW2790,100.0,125.98,Unknown
Frontech - 43.18 cm (17 inch) HD LED Backlit VA Panel Monitor (MON-0065),2469.0,43.18,1280x1024,5:04,5.0,MON-0065,60.0,29.63,Unknown
"DELL S Series 60.45 cm (23.8 inch) Full HD IPS Panel with 3-Years warranty, 99% sRGB, Low Blue Light t...",9799.0,60.45,1920x1080,16:09,4.0,S2421HNM / S2421HN,75.0,117.59,Unknown
"BenQ GW2490T 60.96 cm (24 inch) Full HD LED Backlit IPS Panel with 99% sRGB, Height Adjustable, Eye-ca...",10990.0,60.96,1920x1080,16:09,5.0,GW2490T,100.0,131.88,Unknown
"Acer 68.58 cm (27 inch) Full HD LED Backlit IPS Panel with EcoDisplay, Mercury Free, Flicker Free, Blu...",8899.0,68.58,1920x1080,16:09,1.0,HA270,120.0,106.79,Unknown
"ZEBRONICS 68.58 cm (27 inch) Full HD IPS Panel with 300 Nits Brightness, HDR10, 99% sRGB 1 x DP, 1 x H...",11799.0,68.58,1920x1080,16:09,1.0,"ZEB-IGM 102,ZEB-N27A",180.0,141.59,Unknown
"DELL S Series 68.58 cm (27 inch) Full HD IPS Panel with 5-Years warranty, 99% sRGB, Low Blue Light tec...",11999.0,68.58,1920x1080,,4.0,S2721HNM / S2721HN,75.0,143.99,Unknown
Data not available,,60.45,,,5.0,nan,,,Unknown
Data not available,,60.45,,,5.0,nan,,,Unknown
Data not available,,60.45,,,5.0,nan,,,Unknown
Data not available,,60.45,,,5.0,nan,,,Unknown
Data not available,,60.45,,,5.0,nan,,,Unknown
"Lenovo L-Series 55.88 cm (22 inch) Full HD LED Backlit IPS Panel with 99% sRGB, HDMI 1.4, VGA, 2X3W Sp...",7199.0,55.88,,16:09,4.0,L22i-40,75.0,86.39,Unknown
"ZEBRONICS 49.53 cm (19.5 inch) Full HD TN Panel with Slim & Glossy Design, Anti-Glare, Wall Mountable ...",,49.53,1600x900,16:09,5.0,Zeb-A20HD LED,60.0,,Unknown
Enter 48.26 cm (19 inch) HD LED Backlit TN Panel Monitor (19 inch HD LED Monitor),2799.0,48.26,1440x900,16:09,5.0,19 inch HD LED Monitor,60.0,33.59,Unknown
"SAMSUNG Odyssey G3 68.58 cm (27 inch) Full HD VA Panel with Height Adjustable Stand, 3-Sided Borderles...",14239.0,68.58,,16:09,1.0,LS27AG320NWXXL/LS27AG322NWXXL,165.0,170.87,Unknown
Frontech - 50.8 cm (20 inch) HD LED Backlit VA Panel Monitor (MON-0054),3154.0,50.8,1600x900,16:09,5.0,MON-0054,60.0,37.85,Unknown
Frontech - 50.8 cm (20 inch) HD LED Backlit VA Panel Monitor (MON-0074),2699.0,50.8,1600x900,16:09,3.0,MON-0074,60.0,32.39,Unknown
ZEBRONICS 68.58 cm (27 inch) Full HD VA Panel Wall Mountable Monitor (ZEB-A27FHD Ultra slim LED monito...,8099.0,68.58,1920x1080,16:09,12.0,"ZEB-A27FHD Ultra slim LED monitor with 68.5cm,75Hz refresh rate",75.0,97.19,Unknown
"Acer XV2 68.58 cm (27 inch) WQHD LED Backlit IPS Panel with DCI-P3 95%, VESA DisplayHDR 400, Display W...",16815.0,68.58,2560x1440,16:09,0.5,XV272U V3,180.0,201.78,Unknown
ZEBRONICS 81.28 cm (32 inch) Curved Full HD VA Panel Wall Mountable Monitor (ZEB -AC32FHD LED),11999.0,81.28,1920x1080,16:09,8.0,ZEB -AC32FHD LED,75.0,143.99,Unknown
"LG 60.45 cm (23.8 inch) Full HD IPS Panel with 3-Side Borderless Display,Tilt-able Stand, Black Stabil...",7599.0,60.45,,16:09,5.0,24MR400-BA.CTRRMV,100.0,91.19,Unknown
ZEBSTER Z-GV122 55.88 cm (22 inch) HD LED Backlit TN Panel Monitor (Z-GV122 LED),,55.88,1366x768,16:09,8.0,Z-GV122 LED,60.0,,Unknown
"ViewSonic 60.96 cm (24 inch) Full HD IPS Panel with HDR10, 104 sRGB, Eye Care, Wall Mount, Tilt, 2 x H...",8999.0,60.96,,16:09,1.0,VX2479-HD-PRO,180.0,107.99,Unknown
Lenovo 60.45 cm (23.8 inch) Full HD VA Panel 3-Side Near Edgeless with TUV Eye Care Monitor (D24-20/D2...,6599.0,60.45,,,4.0,D24-20/D24-40,75.0,79.19,Unknown
"Acer NITRO 68.58 cm (27 inch) Curved Full HD LED Backlit VA Panel with HDR10 Support, Vision Care, Dis...",12699.0,68.58,1920x1080,,1.0,ED270R S3,180.0,152.39,Unknown
"ZEBRONICS 39.62 cm (15.6 inch) Full HD IPS Panel with 180-degree Adjustable Stand, 16:9 Aspect Ratio, ...",9999.0,39.62,1920x1080,16:09,25.0,(Zeb-Pixigo A16 (Zeb-KPM 2)),60.0,119.99,Unknown
"ZEBRONICS 81.28 cm (32 inch) Curved Full HD VA Panel 80 cm, Wall Mountable, Slim Gaming Monitor (ZEB-A...",15999.0,81.28,1920x1080,16:09,12.0,ZEB-AC32FHD LED,165.0,191.99,Unknown
SAMSUNG 60.96 cm (24 inch) Full HD LED Backlit VA Panel Gaming Monitor (LS24AG300NWXXL),11899.0,60.96,,,1.0,LS24AG300NWXXL,144.0,142.79,Unknown
"SAMSUNG Odyssey G5 68.58 cm (27 inch) UWQHD VA Panel with HDR10, Height Adjustable Stand, Flat Gaming ...",19500.0,68.58,2560x1440,16:09,1.0,LS27CG510EWXXL,165.0,234.0,Unknown
Frontech - 43.18 cm (17 inch) HD LED Backlit VA Panel Monitor (MON-0065),2469.0,43.18,1280x1024,5:04,5.0,MON-0065,60.0,29.63,Unknown
"DELL S Series 60.45 cm (23.8 inch) Full HD IPS Panel with 3-Years warranty, 99% sRGB, Low Blue Light t...",9799.0,60.45,1920x1080,16:09,4.0,S2421HNM / S2421HN,75.0,117.59,Unknown
"SAMSUNG 60.96 cm (24 inch) Full HD LED Backlit IPS Panel with 3-Sided Borderless Display, Game & Free ...",7499.0,60.96,1920x1080,16:09,5.0,LS24C310EAWXXL,75.0,89.99,Unknown
SAMSUNG 55.88 cm (22 inch) Full HD IPS Panel Monitor (LS22C310EAWXXL),7599.0,55.88,1920x1080,16:09,5.0,LS22C310EAWXXL,75.0,91.19,Unknown
"Acer 54.61 cm (21.5 inch) Full HD IPS Panel with sRGB 99%, ENERGY STAR Certified, VESA Supportive, VGA...",5998.0,54.61,1920x1080,,1.0,KA222Q,100.0,71.98,Unknown
SAMSUNG 48.26 cm (19 inch) HD VA Panel Monitor (LS19A330NHWXXL),6500.0,48.26,,,6.0,LS19A330NHWXXL,60.0,78.0,Unknown
Data not available,,60.45,,,5.0,nan,,,Unknown
Data not available,,60.45,,,5.0,nan,,,Unknown
Data not available,,60.45,,,5.0,nan,,,Unknown
Data not available,,60.45,,,5.0,nan,,,Unknown
Data not available,,60.45,,,5.0,nan,,,Unknown
Frontech - 50.8 cm (20 inch) HD LED Backlit VA Panel Monitor (MON-0054),3154.0,50.8,1600x900,16:09,5.0,MON-0054,60.0,37.85,Unknown
Frontech - 50.8 cm (20 inch) HD LED Backlit VA Panel Monitor (MON-0074),2699.0,50.8,1600x900,16:09,3.0,MON-0074,60.0,32.39,Unknown
"LG 80.01 cm (31.5 inch) Full HD IPS Panel with webOS, Apple AirPlay 2, HomeKit compatibility, 5Wx2 spe...",16999.0,80.01,,,5.0,32SR50F-WA.ATREMSN,60.0,203.99,Unknown
"Acer 60.45 cm (23.8 inch) Full HD LED Backlit IPS Panel with 6 axis Color Adjustment, 2X2W Inbuilt Spe...",6549.0,60.45,1920x1080,16:09,1.0,KA242Y E0,100.0,78.59,Unknown
ZEBRONICS 81.28 cm (32 inch) Curved Full HD VA Panel Wall Mountable Monitor (ZEB -AC32FHD LED),11999.0,81.28,1920x1080,16:09,8.0,ZEB -AC32FHD LED,75.0,143.99,Unknown
"LG 60.45 cm (23.8 inch) Full HD IPS Panel with 3-Side Borderless Display,Tilt-able Stand, Black Stabil...",7599.0,60.45,,16:09,5.0,24MR400-BA.CTRRMV,100.0,91.19,Unknown
LG 46.99 cm (18.5 inch) HD TN Panel Monitor (19M38A),6250.0,46.99,,,5.0,19M38A,60.0,75.0,Unknown
SAMSUNG A334 55.88 cm (22 inch) Full HD LED Backlit VA Panel Monitor (S22A330 ( Full HD LED Backlit VA...,7131.0,55.88,920x1,16:09,6.5,"S22A330 ( Full HD LED Backlit VA Panel, 60 Hz Refresh Rate, Response Time 6.5 ms , AMD Free Sync",60.0,85.57,Unknown
"ViewSonic 68.58 cm (27 Inch) Full HD LED Backlit IPS Panel with 2X2W Inbuilt Speakers, HDMI, VGA, Wall...",8999.0,68.58,1920x1080,16:09,4.0,VA2732-MH,100.0,107.99,Unknown
Enter 48.26 cm (19 inch) HD TN Panel Gaming Monitor (E-MO-A01),2999.0,48.26,,,5.0,E-MO-A01,75.0,35.99,Unknown
"ZEBRONICS 39.62 cm (15.6 inch) Full HD IPS Panel with 180-degree Adjustable Stand, 16:9 Aspect Ratio, ...",9999.0,39.62,1920x1080,16:09,25.0,(Zeb-Pixigo A16 (Zeb-KPM 2)),60.0,119.99,Unknown
"ZEBRONICS 81.28 cm (32 inch) Curved Full HD VA Panel 80 cm, Wall Mountable, Slim Gaming Monitor (ZEB-A...",15999.0,81.28,1920x1080,16:09,12.0,ZEB-AC32FHD LED,165.0,191.99,Unknown
PHILIPS 54.61 cm (21.5 Inch) Full HD VA Panel Monitor (222V8LA/94 22 inch VA Panel LCD Monitor with Fu...,5990.0,54.61,1920x1080,16:09,4.0,222V8LA/94 22 inch VA Panel LCD Monitor with Full HD,75.0,71.88,Unknown
"Acer 60.45 cm (23.8 inch) Full HD LED Backlit IPS Panel with Blue Light Shield, Low Dimming, Comfy Vie...",7958.0,60.45,1920x1080,,1.0,SA242Y,100.0,95.5,Unknown
Lenovo 60.45 cm (23.8 inch) Full HD VA Panel 3-Side Near Edgeless with TUV Eye Care Monitor (D24-20/D2...,6599.0,60.45,,,4.0,D24-20/D24-40,75.0,79.19,Unknown
Frontech - 43.18 cm (17 inch) HD LED Backlit VA Panel Monitor (MON-0065),2469.0,43.18,1280x1024,5:04,5.0,MON-0065,60.0,29.63,Unknown
"BenQ GW2790T 68.58 cm (27 inch) Full HD LED Backlit IPS Panel with 99% sRGB, Height Adjustable, Eye-ca...",12990.0,68.58,1920x1080,16:09,5.0,GW2790T,100.0,155.88,Unknown
"LAPCARE 48.26 cm (19 inch) HD LED Backlit TN Panel with VGA & HDMI Port, Light Weight, Power Saver, Wa...",3699.0,48.26,1440x900,16:10,4.0,LM195WDH,60.0,44.39,Unknown
SAMSUNG 60.96 cm (24 inch) Full HD LED Backlit IPS Panel Frameless Monitor (LS24R356FHWXXL),14399.0,60.96,1920x1080,16:09,5.0,LS24R356FHWXXL,75.0,172.79,Unknown
"Lenovo L-Series 60.96 cm (24 inch) Full HD LED Backlit VA Panel with 72% NTSC, HDMI 1.4, VGA, Tilt Sta...",8199.0,60.96,,16:09,4.0,L24e-40,100.0,98.39,Unknown
"DELL S Series 60.45 cm (23.8 inch) Full HD IPS Panel with 3-Years warranty, 99% sRGB, Low Blue Light t...",9799.0,60.45,1920x1080,16:09,4.0,S2421HNM / S2421HN,75.0,117.59,Unknown
"ZEBRONICS 68.58 cm (27 inch) Full HD IPS Panel with 300 Nits Brightness, HDR10, 99% sRGB 1 x DP, 1 x H...",11799.0,68.58,1920x1080,16:09,1.0,"ZEB-IGM 102,ZEB-N27A",180.0,141.59,Unknown
"SAMSUNG Odyssey G3 60.96 cm (24 inch) Full HD VA Panel with Height Adjustable Stand, Eye Saver Mode, 3...",10999.0,60.96,,16:09,1.0,LS24AG320NWXXL/LS24AG322NWXXL,165.0,131.99,Unknown
LG Ultra-Gear 68.58 cm (27 inches) Full HD LED Backlit VA Panel Gaming Monitor (27GQ50F-BD.CTRVMV),14500.0,68.58,1920x1080,16:09,5.0,27GQ50F-BD.CTRVMV,165.0,174.0,Unknown
Data not available,,60.45,,,5.0,nan,,,Unknown
Data not available,,60.45,,,5.0,nan,,,Unknown
Data not available,,60.45,,,5.0,nan,,,Unknown
Data not available,,60.45,,,5.0,nan,,,Unknown
Data not available,,60.45,,,5.0,nan,,,Unknown
Frontech - 50.8 cm (20 inch) HD LED Backlit VA Panel Monitor (MON-0054),3154.0,50.8,1600x900,16:09,5.0,MON-0054,60.0,37.85,Unknown
Frontech - 50.8 cm (20 inch) HD LED Backlit VA Panel Monitor (MON-0074),2699.0,50.8,1600x900,16:09,3.0,MON-0074,60.0,32.39,Unknown
"Acer 49.53 cm (19.5 inch) HD+ TN Panel with VGA, HDMI, Acer VisionCare, ENERGY STAR Certified, Tilt-ab...",5075.0,49.53,,16:09,6.0,K202Q,75.0,60.9,Unknown
"Acer 80.01 cm (31.5 inch) Full HD LED Backlit IPS Panel with VGA, HDMI, 2X1W Inbuilt Speakers, Flicker...",13999.0,80.01,,16:09,1.0,SA322Q,75.0,167.99,Unknown
"SAMSUNG 60.96 cm (24 inch) Full HD LED Backlit IPS Panel with 3-Sided Borderless Display, Game & Free ...",7499.0,60.96,1920x1080,16:09,5.0,LS24C310EAWXXL,75.0,89.99,Unknown
"LG 68.58 cm (27 Inch) Quad HD IPS Panel with HDMI, DP Ports, sRGB 99%, USB Type-C, Height / Swivel Adj...",22999.0,68.58,2560x1440,16:09,5.0,27QN880,75.0,275.99,Unknown
ZEBRONICS 81.28 cm (32 inch) Curved Full HD VA Panel Wall Mountable Monitor (ZEB -AC32FHD LED),11999.0,81.28,1920x1080,16:09,8.0,ZEB -AC32FHD LED,75.0,143.99,Unknown
"LG 60.45 cm (23.8 inch) Full HD IPS Panel with 3-Side Borderless Display,Tilt-able Stand, Black Stabil...",7599.0,60.45,,16:09,5.0,24MR400-BA.CTRRMV,100.0,91.19,Unknown
"Enter 50.8 cm (20 inch) Full HD PLS Panel Monitor (A09 50.8 cm with 1600 x 900 Resolution, Black Monit...",2900.0,50.8,,,6.0,"A09 50.8 cm with 1600 x 900 Resolution, Black Monitor",60.0,34.8,Unknown
"DELL SE-Series 60.96 cm (24 inch) Full HD LED Backlit VA Panel with 3-Years warranty, 16.7M Colours, B...",8699.0,60.96,1920x1080,16:09,8.0,SE2422H,75.0,104.39,Unknown
"ZEBRONICS 39.62 cm (15.6 inch) Full HD IPS Panel with 180-degree Adjustable Stand, 16:9 Aspect Ratio, ...",9999.0,39.62,1920x1080,16:09,25.0,(Zeb-Pixigo A16 (Zeb-KPM 2)),60.0,119.99,Unknown
"ZEBRONICS 81.28 cm (32 inch) Curved Full HD VA Panel 80 cm, Wall Mountable, Slim Gaming Monitor (ZEB-A...",15999.0,81.28,1920x1080,16:09,12.0,ZEB-AC32FHD LED,165.0,191.99,Unknown
"DELL 55.88 cm (22 inch) Full HD LED Backlit VA Panel with 5-Years warranty, Brightness 250 cd/m�, Cont...",6799.0,55.88,1920x1080,16:09,8.0,SE2222H,60.0,81.59,Unknown
Frontech Ultima Series 62.23 cm (24.5 inch) Full HD LED Backlit IPS Panel Monitor (MON-0087),6973.0,62.23,1920x1080,16:09,8.0,MON-0087,100.0,83.68,Unknown
HP 55.88 cm (22 inch) Full HD VA Panel Monitor (V22v FHD Monitor),8999.0,55.88,,16:09,7.0,V22v FHD Monitor,75.0,107.99,Unknown
"ViewSonic 60.96 cm (24 inch) Full HD IPS Panel with HDR10, 104 sRGB, Eye Care, Wall Mount, Tilt, 2 x H...",8999.0,60.96,,16:09,1.0,VX2479-HD-PRO,180.0,107.99,Unknown
Lenovo 60.45 cm (23.8 inch) Full HD VA Panel 3-Side Near Edgeless with TUV Eye Care Monitor (D24-20/D2...,6599.0,60.45,,,4.0,D24-20/D24-40,75.0,79.19,Unknown
Frontech - 43.18 cm (17 inch) HD LED Backlit VA Panel Monitor (MON-0065),2469.0,43.18,1280x1024,5:04,5.0,MON-0065,60.0,29.63,Unknown
"ViewSonic 68.58 cm (27 inch) Full HD IPS Panel with HDR10, 104 sRGB, Eye Care, Wall Mount, Tilt, 2 x H...",11399.0,68.58,,16:09,1.0,VX2779-HD-PRO,180.0,136.79,Unknown
DELL P-Series 60.96 cm (24 inch) Full HD LED Backlit IPS Panel with Ports: 1XHDMI | 2XDP 1.4 | 1XRJ45 ...,15799.0,60.96,1920x1080,16:09,5.0,P2425HE,100.0,189.59,Unknown
"DELL S Series 60.45 cm (23.8 inch) Full HD IPS Panel with 3-Years warranty, 99% sRGB, Low Blue Light t...",9799.0,60.45,1920x1080,16:09,4.0,S2421HNM / S2421HN,75.0,117.59,Unknown
"ZEBRONICS 68.58 cm (27 inch) Full HD IPS Panel with 300 Nits Brightness, HDR10, 99% sRGB 1 x DP, 1 x H...",11799.0,68.58,1920x1080,16:09,1.0,"ZEB-IGM 102,ZEB-N27A",180.0,141.59,Unknown
"Acer 80.01 cm (31.5 inch) WQHD LED Backlit IPS Panel with HDR10, VGA, HDMI, 2X1W Inbuilt Speakers, Fli...",16468.0,80.01,,16:09,1.0,SA322Q U,75.0,197.62,Unknown
"SAMSUNG M7 81.28 cm (32 inch) 4K Ultra HD VA Panel with USB Type-C Port, Multiple Voice Assistants, em...",31000.0,81.28,3840x2160,16:09,4.0,LS32BM701UWXXL,60.0,372.0,Unknown
Data not available,,60.45,,,5.0,nan,,,Unknown
Data not available,,60.45,,,5.0,nan,,,Unknown
Data not available,,60.45,,,5.0,nan,,,Unknown
Data not available,,60.45,,,5.0,nan,,,Unknown
Data not available,,60.45,,,5.0,nan,,,Unknown
Lenovo G Series 60.45 cm (23.8 inch) Full HD LED Backlit IPS Panel Gaming Monitor (G24-20),11599.0,60.45,1920x1080,16:09,0.5,G24-20,144.0,139.19,Unknown
"Lenovo G-Series 81.28 cm (32 inch) Curved Quad HD LED Backlit VA Panel with 99% sRGB, 2XHDMI 2.0, DP, ...",23199.0,81.28,,16:09,0.5,G32qc-30,165.0,278.39,Unknown
"Lenovo L-Series 38.1 cm (15 inch) Full HD IPS Panel with Height Adjustable Stand, Custom Artery, Type-...",11990.0,38.1,,,6.0,L15,60.0,143.88,Unknown
"LG Ultra Fine Monitor 68.58 cm (27 inch) 4K Ultra HD LED Backlit IPS Panel with VESA DisplayHDR 400, E...",23699.0,68.58,3840x2160,16:09,5.0,27UP650-W.ATR,60.0,284.39,Unknown
"SAMSUNG 71.12 cm (28 inch) 4K Ultra HD LED Backlit IPS Panel PIP/PIB Multi-Tasking, HDR Support, Eye C...",23299.0,71.12,3840x2160,16:09,4.0,LU28R550UQWXXL,60.0,279.59,Unknown
"HP 60.45 cm (23.8 inch) Full HD IPS Panel with On-screen controls, Anti-glare, 300 nits brightness, Ey...",13580.0,60.45,1920x1080,0.672916667,5.0,524sf,100.0,162.96,Unknown
"HP Series 5 60.45 cm (23.8 inch) Full HD LED Backlit IPS Panel with On-screen controls, Anti-glare, 30...",13300.0,60.45,1920x1080,,5.0,524sh,100.0,159.6,Unknown
Enter 48.26 cm (19 inch) HD LED Backlit TN Panel Gaming Monitor (E-MO-A01),2650.0,48.26,1440x900,,5.0,E-MO-A01,60.0,31.8,Unknown
"DELL 49.53 cm (19.5 inch) HD with Contrast Ratio 600:1/600:1(Dynamic), 16.7 Million Colours, Colour Ga...",5799.0,49.53,1600x900,,5.0,D2020H,60.0,69.59,Unknown
Acer 68.58 cm (27 inch) Curved Full HD LED Backlit VA Panel Gaming Monitor (ED270 Z),13999.0,68.58,,,1.0,ED270 Z,280.0,167.99,Unknown
"SAMSUNG Odyssey G3 60.96 cm (24 inch) Full HD VA Panel with Height Adjustable Stand, Eye Saver Mode, 3...",10999.0,60.96,,16:09,1.0,LS24AG320NWXXL/LS24AG322NWXXL,165.0,131.99,Unknown
Frontech 48.26 cm (19 inch) HD LED Backlit Monitor (MON-0071),2699.0,48.26,,,3.0,MON-0071,60.0,32.39,Unknown
"ASUS ProArt 68.58 cm (27 inch) WQHD LED Backlit IPS Panel with 2560 X 1440 Pixels, 100% sRGB/Rec. 709,...",27999.0,68.58,2560x1440,16:09,5.0,PA278QV,75.0,335.99,Unknown
"Acer HC5 Series 68.58 cm (27 inch) Curved WQHD LED Backlit VA Panel with HDR10 Support, 1500R Curvatur...",15999.0,60.45,,,5.0,nan,,191.99,Unknown
Acer 54.61 cm (21.5 inch) Full HD LED Backlit IPS Panel Monitor (SA222Q),7099.0,54.61,1920x1080,,1.0,SA222Q,100.0,85.19,Unknown
"Lenovo R-Series 63.5 cm (25 inch) Full HD IPS Panel with 99%sRGB, 90% DCI-P3, 3Wx2 Built-in Speakers, ...",13990.0,63.5,,,0.5,Legion R25i-30,180.0,167.88,Unknown
Enter 48.26 cm (19 inch) HD LED Backlit Gaming Monitor (E-M0-A01),2899.0,48.26,,,5.0,E-M0-A01,60.0,34.79,Unknown
GIGABYTE 60.45 cm (23.8 inch) Full HD Gaming Monitor (G24F-2),12297.0,60.45,,,1.0,G24F-2,60.0,147.56,Unknown
"SAMSUNG Odyssey G4 68.58 cm (27 inch) Full HD IPS Panel with Ergonomic Stand, HDR10, Dual Sync Compati...",20899.0,68.58,1920x1080,16:09,1.0,LS27BG400EWXXL/LS27BG402EWXXL,240.0,250.79,Unknown
ZEBRONICS Z-E19HD ZEBSTAR LED Wall Mountable 48.26 cm (19 inch) Full HD VA Panel Monitor (Z-GV219 LED),2850.0,48.26,,,12.0,Z-GV219 LED,75.0,34.2,Unknown
"SAMSUNG M5 68.58 cm (27 inch) Full HD VA Panel with embedded TV Apps, PC-less productivity with Samsun...",16498.0,68.58,1920x1080,16:09,4.0,LS27CM500EWXXL/ LS27BM500EWXXL,60.0,197.98,Unknown
"Lenovo L-Series 68.58 cm (27 Inch) Full HD IPS Panel with Rotating Screen, USB-C Port, USB Hub, 2X3W I...",16499.0,68.58,1920x1080,16:09,4.0,L27m-30,75.0,197.99,Unknown
"ViewSonic 68.58 cm (27 inch) 4K Ultra HD IPS Panel with HDR10, 10 bit Color Depth, 3 Side Bezel Less,1...",21999.0,68.58,,16:09,4.0,VA2762-4K,60.0,263.99,Unknown
"Acer Nitro 74.93 cm (29.5 inch) Curved WFHD VA Panel with ErgoStand, VESA DisplayHDR 400, 1500R Curvat...",17998.0,74.93,2560x1080,,1.0,XZ306C,200.0,215.98,Unknown
Data not available,,60.45,,,5.0,nan,,,Unknown
Data not available,,60.45,,,5.0,nan,,,Unknown
Data not available,,60.45,,,5.0,nan,,,Unknown
Data not available,,60.45,,,5.0,nan,,,Unknown
Data not available,,60.45,,,5.0,nan,,,Unknown
Trendy ENTER HDMI LED MONITOR 48.26 cm (19 inch) HD LED Backlit VA Panel Monitor (ENTER 19 INCH HDMI L...,2677.0,48.26,1440x900,,5.0,ENTER 19 INCH HDMI LED RESPONSE TIME 5MS WITH 16.7M DISPLAY COLOR,60.0,32.12,Unknown
"LG 68.58 cm (27 inch) Quad HD LED Backlit IPS Panel with HDR10, sRGB 99%, Color Calibrated, Reader Mod...",19699.0,68.58,2560x1440,16:09,5.0,27QN600,75.0,236.39,Unknown
Frontech - 50.8 cm (20 inch) HD LED Backlit VA Panel Monitor (MON-0054),3154.0,50.8,1600x900,16:09,5.0,MON-0054,60.0,37.85,Unknown
Frontech - 50.8 cm (20 inch) HD LED Backlit VA Panel Monitor (MON-0074),2699.0,50.8,1600x900,16:09,3.0,MON-0074,60.0,32.39,Unknown
"SAMSUNG ViewFinity S7 81.28 cm (32 inch) 4K Ultra HD VA Panel with 1.07 billion colors, HDR10, Easy Se...",28399.0,81.28,3840x2160,,5.0,LS32D700EAWXXL,60.0,340.79,Unknown
ASUS ROG 80.01 cm (31.5 inch) Curved WQHD LED Backlit VA Panel Gaming Monitor (ROG Strix XG32VC),38999.0,80.01,2560x1440,16:09,1.0,ROG Strix XG32VC,170.0,467.99,Unknown
Enter 43.43 cm (17.1 inch) SXGA Monitor (VGA led Monitor),2400.0,43.43,1280x1024,16:07,5.0,VGA led Monitor,60.0,28.8,Unknown
SAMSUNG 55.88 cm (22 inch) Full HD IPS Panel Monitor (LS22C310EAWXXL),7599.0,55.88,1920x1080,16:09,5.0,LS22C310EAWXXL,75.0,91.19,Unknown
ZEBRONICS 81.28 cm (32 inch) Curved Full HD VA Panel Wall Mountable Monitor (ZEB -AC32FHD LED),11999.0,81.28,1920x1080,16:09,8.0,ZEB -AC32FHD LED,75.0,143.99,Unknown
"LG 60.45 cm (23.8 inch) Full HD IPS Panel with 3-Side Borderless Display,Tilt-able Stand, Black Stabil...",7599.0,60.45,,16:09,5.0,24MR400-BA.CTRRMV,100.0,91.19,Unknown
ASUS TUF 68.58 cm (27 inch) Full HD LED Backlit IPS Panel Gaming Monitor (VG279Q1R),16999.0,68.58,1920x1080,16:09,1.0,VG279Q1R,144.0,203.99,Unknown
Acer 60.45 cm (23.8 inch) HD IPS Panel Monitor (EK240Y G0),8496.0,60.45,,,1.0,EK240Y G0,120.0,101.95,Unknown
"ZEBRONICS 39.62 cm (15.6 inch) Full HD IPS Panel with 180-degree Adjustable Stand, 16:9 Aspect Ratio, ...",9999.0,39.62,1920x1080,16:09,25.0,(Zeb-Pixigo A16 (Zeb-KPM 2)),60.0,119.99,Unknown
"ZEBRONICS 81.28 cm (32 inch) Curved Full HD VA Panel 80 cm, Wall Mountable, Slim Gaming Monitor (ZEB-A...",15999.0,81.28,1920x1080,16:09,12.0,ZEB-AC32FHD LED,165.0,191.99,Unknown
"Enter 39.12 cm (15.4 inch) HD TN Panel Monitor (Black HD LED Backlit 15.4"" inch Monitor with HDMI and ...",2199.0,39.12,,,3.0,"Black HD LED Backlit 15.4"" inch Monitor with HDMI and VGA",60.0,26.39,Unknown
ASUS ROG 80.01 cm (31.5 inch) Curved WQHD LED Backlit VA Panel Gaming Monitor (XG32VC),48999.0,80.01,2560x1440,,1.0,XG32VC,170.0,587.99,Unknown
Frontech - 46.99 cm (18.5 inch) HD LED Backlit VA Panel Monitor (MON-0061),2743.0,46.99,1366x768,16:09,5.0,MON-0061,60.0,32.92,Unknown
Enter 46.99 cm (18.5 inch) HD LED Backlit Monitor (E-M0-A03),2560.0,46.99,,,5.0,E-M0-A03,60.0,30.72,Unknown
Lenovo 60.45 cm (23.8 inch) Full HD VA Panel 3-Side Near Edgeless with TUV Eye Care Monitor (D24-20/D2...,6599.0,60.45,,,4.0,D24-20/D24-40,75.0,79.19,Unknown
Frontech - 43.18 cm (17 inch) HD LED Backlit VA Panel Monitor (MON-0065),2469.0,43.18,1280x1024,5:04,5.0,MON-0065,60.0,29.63,Unknown
Enter 55.88 cm (22 inch) HD Monitor (E-MO-A03),3650.0,55.88,1680x1050,,5.0,E-MO-A03,60.0,43.8,Unknown
Enter 48.26 cm (19 inch) HD Monitor (E-MO-A00),2617.0,48.26,,,5.0,E-MO-A00,60.0,31.4,Unknown
"DELL S Series 60.45 cm (23.8 inch) Full HD IPS Panel with 3-Years warranty, 99% sRGB, Low Blue Light t...",9799.0,60.45,1920x1080,16:09,4.0,S2421HNM / S2421HN,75.0,117.59,Unknown
"ZEBRONICS 68.58 cm (27 inch) Full HD IPS Panel with 300 Nits Brightness, HDR10, 99% sRGB 1 x DP, 1 x H...",11799.0,68.58,1920x1080,16:09,1.0,"ZEB-IGM 102,ZEB-N27A",180.0,141.59,Unknown
Data not available,,60.45,,,5.0,nan,,,Unknown
Data not available,,60.45,,,5.0,nan,,,Unknown
Data not available,,60.45,,,5.0,nan,,,Unknown
Data not available,,60.45,,,5.0,nan,,,Unknown
Data not available,,60.45,,,5.0,nan,,,Unknown
"Lenovo L-Series 60.96 cm (24 inch) Full HD LED Backlit IPS Panel with 99% sRGB, 1xHDMI1.4, 1xVGA, Tilt...",8999.0,60.96,,16:09,1.0,L24i-4A,100.0,107.99,Unknown
"ViewSonic VA Series 60.45 cm (23.8 inch) Full HD LED Backlit VA Panel White colour, Frameless Monitor ...",9999.0,60.45,1920x1080,16:09,4.0,VA2430-H-W-6,60.0,119.99,Unknown
Enter 39.12 cm (15.4 inch) HD Monitor (EN_-MO-A06(N)),2340.0,39.12,,,6.0,EN_-MO-A06(N),60.0,28.08,Unknown
Enter 48.26 cm (19 inch) HD VA Panel Monitor (HD VGA & Monitor),2580.0,48.26,,,5.0,HD VGA & Monitor,60.0,30.96,Unknown
Frontech - 50.8 cm (20 inch) HD LED Backlit VA Panel Monitor (MON-0054),3154.0,50.8,1600x900,16:09,5.0,MON-0054,60.0,37.85,Unknown
Frontech - 50.8 cm (20 inch) HD LED Backlit VA Panel Monitor (MON-0074),2699.0,50.8,1600x900,16:09,3.0,MON-0074,60.0,32.39,Unknown
Lenovo L 54.61 cm (21.5 inch) Full HD IPS Panel Monitor (L22i-40),7990.0,54.61,1920x1080,16:09,4.0,L22i-40,75.0,95.88,Unknown
Enter 39.12 cm (15.4 inch) HD LED Backlit Monitor (E-M0-AO8),2400.0,39.12,,,5.0,E-M0-AO8,60.0,28.8,Unknown
ZEBRONICS 81.28 cm (32 inch) Curved Full HD VA Panel Wall Mountable Monitor (ZEB -AC32FHD LED),11999.0,81.28,1920x1080,16:09,8.0,ZEB -AC32FHD LED,75.0,143.99,Unknown
"LG 60.45 cm (23.8 inch) Full HD IPS Panel with 3-Side Borderless Display,Tilt-able Stand, Black Stabil...",7599.0,60.45,,16:09,5.0,24MR400-BA.CTRRMV,100.0,91.19,Unknown
"LG UltraFine 68.58 cm (27 inch) 4K Ultra HD IPS Panel HDR10, Ergonomic, USB Type-C Monitor (27UN880)",38199.0,68.58,,16:09,5.0,27UN880,60.0,458.39,Unknown
Enter NA 39.12 cm (15.4 inch) HD LED Backlit Monitor (E-M0-AO6),2150.0,39.12,1280x800,16:09,6.0,E-M0-AO6,60.0,25.8,Unknown
SAMSUNG A334 55.88 cm (22 inch) Full HD LED Backlit VA Panel Monitor (S22A330 ( Full HD LED Backlit VA...,7131.0,55.88,920x1,16:09,6.5,"S22A330 ( Full HD LED Backlit VA Panel, 60 Hz Refresh Rate, Response Time 6.5 ms , AMD Free Sync",60.0,85.57,Unknown
"Acer HC5 Series 68.58 cm (27 inch) Curved Full HD LED Backlit VA Panel with HDR10 Support, 1500R Curva...",12998.0,68.58,1920x1080,16:09,1.0,27HC5R X2,240.0,155.98,Unknown
"ZEBRONICS 39.62 cm (15.6 inch) Full HD IPS Panel with 180-degree Adjustable Stand, 16:9 Aspect Ratio, ...",9999.0,39.62,1920x1080,16:09,25.0,(Zeb-Pixigo A16 (Zeb-KPM 2)),60.0,119.99,Unknown
"ZEBRONICS 81.28 cm (32 inch) Curved Full HD VA Panel 80 cm, Wall Mountable, Slim Gaming Monitor (ZEB-A...",15999.0,81.28,1920x1080,16:09,12.0,ZEB-AC32FHD LED,165.0,191.99,Unknown
Frontech Gaming 81.28 cm (32 inch) Curved Full HD LED Backlit VA Panel Gaming Monitor (MON-0076),14589.0,81.28,1920x1080,16:09,1.0,MON-0076,165.0,175.07,Unknown
Enter 39.12 cm (15.4 inch) HD Monitor (e-m16a),2140.0,39.12,,,6.0,e-m16a,60.0,25.68,Unknown
Lenovo 60.45 cm (23.8 inch) Full HD VA Panel 3-Side Near Edgeless with TUV Eye Care Monitor (D24-20/D2...,6599.0,60.45,,,4.0,D24-20/D24-40,75.0,79.19,Unknown
Frontech - 43.18 cm (17 inch) HD LED Backlit VA Panel Monitor (MON-0065),2469.0,43.18,1280x1024,5:04,5.0,MON-0065,60.0,29.63,Unknown
HP 68.58 cm (27 inch) Curved Full HD LED Backlit VA Panel Gaming Monitor (X27c),19999.0,68.58,1920x1080,16.9,1.0,X27c,165.0,239.99,Unknown
"LG Ultra Fine Monitor 68.58 cm (27 inch) 4K Ultra HD LED Backlit IPS Panel with VESA DisplayHDR 400, U...",30500.0,68.58,3840x2160,16:09,5.0,27UP850N-WT.ATRDCKN,60.0,366.0,Unknown
ViewSonic 39.62 cm (15.6 Inch) Full HD LED Backlit IPS Panel with AudioVisual Extension for Mobiles & ...,11999.0,39.62,1920x1080,16:09,7.0,VA1655,60.0,143.99,Unknown
"BenQ GW 55.88 cm (22 inch) Full HD LED Backlit IPS Panel Bezel-Less, Eye Care, Anti-Glare, Low Blue Li...",7298.0,55.88,1920x1080,16:09,5.0,GW2283,60.0,87.58,Unknown
Data not available,,60.45,,,5.0,nan,,,Unknown
Data not available,,60.45,,,5.0,nan,,,Unknown
Data not available,,60.45,,,5.0,nan,,,Unknown
Data not available,,60.45,,,5.0,nan,,,Unknown
Data not available,,60.45,,,5.0,nan,,,Unknown
Frontech - 50.8 cm (20 inch) HD LED Backlit VA Panel Monitor (MON-0054),3154.0,50.8,1600x900,16:09,5.0,MON-0054,60.0,37.85,Unknown
Frontech - 50.8 cm (20 inch) HD LED Backlit VA Panel Monitor (MON-0074),2699.0,50.8,1600x900,16:09,3.0,MON-0074,60.0,32.39,Unknown
"MSI 81.28 cm (32 inch) Curved WQHD VA Panel with 1500R Curved� display, Anti-Flicker, Less Blue Light,...",25476.0,81.28,2560x1440,16:09,1.0,G32CQ5P,170.0,305.71,Unknown
Lenovo 62.23 cm (24.5 Inch) Full HD TN Panel Ultra Slim Bezel Gaming Monitor (G25-10),10999.0,62.23,,,1.0,G25-10,144.0,131.99,Unknown
ZEBRONICS 81.28 cm (32 inch) Curved Full HD VA Panel Wall Mountable Monitor (ZEB -AC32FHD LED),11999.0,81.28,1920x1080,16:09,8.0,ZEB -AC32FHD LED,75.0,143.99,Unknown
"LG 60.45 cm (23.8 inch) Full HD IPS Panel with 3-Side Borderless Display,Tilt-able Stand, Black Stabil...",7599.0,60.45,,16:09,5.0,24MR400-BA.CTRRMV,100.0,91.19,Unknown
"ZEBRONICS 68.58 cm (27 inch) Full HD IPS Panel with 300 Nits Brightness, HDR10, 99% sRGB 1 x DP, 1 x H...",11799.0,68.58,1920x1080,16:09,1.0,"ZEB-IGM 102,ZEB-N27A",180.0,141.59,Unknown
zebion 50.8 cm (20 inch) HD TN Panel Monitor (LED Monitor 20 HD),3499.0,50.8,,,5.0,LED Monitor 20 HD,60.0,41.99,Unknown
"Acer HC5 Series 80.01 cm (31.5 inch) Curved Full HD LED Backlit VA Panel with 1500R Curvature, BlueLig...",15849.0,80.01,1920x1080,16:09,1.0,32HC5Q S3,180.0,190.19,Unknown
SAMSUNG 48.26 cm (19 inch) HD VA Panel Monitor (LS19A330NHWXXL),6500.0,48.26,,,6.0,LS19A330NHWXXL,60.0,78.0,Unknown
"ZEBRONICS 39.62 cm (15.6 inch) Full HD IPS Panel with 180-degree Adjustable Stand, 16:9 Aspect Ratio, ...",9999.0,39.62,1920x1080,16:09,25.0,(Zeb-Pixigo A16 (Zeb-KPM 2)),60.0,119.99,Unknown
"ZEBRONICS 81.28 cm (32 inch) Curved Full HD VA Panel 80 cm, Wall Mountable, Slim Gaming Monitor (ZEB-A...",15999.0,81.28,1920x1080,16:09,12.0,ZEB-AC32FHD LED,165.0,191.99,Unknown
"MSI 60.96 cm (24 inch) Curved Full HD VA Panel with 1500R Curved display, Anti-Flicker, Less Blue Ligh...",11999.0,60.96,1920x1080,16:09,1.0,G2422C,180.0,143.99,Unknown
"OnePlus 68.58 cm (27 inch) Quad HD LED Backlit IPS Panel with HDR400, Type-C, 3-Side Bezel Less, Flick...",39999.0,68.58,2560x1440,16:09,1.0,X 27,165.0,479.99,Unknown
Lenovo 60.45 cm (23.8 inch) Full HD VA Panel 3-Side Near Edgeless with TUV Eye Care Monitor (D24-20/D2...,6599.0,60.45,,,4.0,D24-20/D24-40,75.0,79.19,Unknown
Frontech - 43.18 cm (17 inch) HD LED Backlit VA Panel Monitor (MON-0065),2469.0,43.18,1280x1024,5:04,5.0,MON-0065,60.0,29.63,Unknown
"Prizor 55.88 cm (22 inch) HD+ IPS Panel Monitor (Full HD Monitor, Inbuilt Speaker, 4K Resolution Suppo...",4999.0,55.88,,,4.0,"Full HD Monitor, Inbuilt Speaker, 4K Resolution Supported",75.0,59.99,Unknown
Acer Nitro 74.93 cm (29.5 inch) Curved WFHD LED Backlit VA Panel Gaming Monitor (XZ306CX),25479.0,74.93,2560x1080,21:09,1.0,XZ306CX,200.0,305.75,Unknown
"LAPCARE 48.26 cm (19 inch) HD LED Backlit TN Panel with VGA & HDMI Port, Light Weight, Power Saver, Wa...",3699.0,48.26,1440x900,16:10,4.0,LM195WDH,60.0,44.39,Unknown
"Lenovo R-Series 68.58 cm (27 inch) Full HD IPS Panel with 99%sRGB, 90% DCI-P3, 3Wx2 Built-in Speakers,...",16999.0,68.58,,,0.5,Legion R27i-30,180.0,203.99,Unknown
"DELL S Series 60.45 cm (23.8 inch) Full HD IPS Panel with 3-Years warranty, 99% sRGB, Low Blue Light t...",9799.0,60.45,1920x1080,16:09,4.0,S2421HNM / S2421HN,75.0,117.59,Unknown
"DELL S Series 68.58 cm (27 inch) Full HD IPS Panel with 5-Years warranty, 99% sRGB, Low Blue Light tec...",11999.0,68.58,1920x1080,,4.0,S2721HNM / S2721HN,75.0,143.99,Unknown
LG 27SR50F-W MyView Smart Monitor WITH WEB OS 68.58 cm (27 inch) Full HD LED Backlit IPS Panel Monitor...,15999.0,68.58,1920x1080,16:09,5.0,"Built in Speakers,Wifi & Bluetooth, Airplay 2, Smart TV Apps with Remote Control",60.0,191.99,Unknown
"Prizor 48.26 cm (19 inch) HD+ IPS Panel Monitor (Full HD Monitor, Inbuilt Speaker, 4K Resolution Suppo...",4499.0,48.26,,,4.0,"Full HD Monitor, Inbuilt Speaker, 4K Resolution Supported",75.0,53.99,Unknown
Data not available,,60.45,,,5.0,nan,,,Unknown
Data not available,,60.45,,,5.0,nan,,,Unknown
Data not available,,60.45,,,5.0,nan,,,Unknown
Data not available,,60.45,,,5.0,nan,,,Unknown
Data not available,,60.45,,,5.0,nan,,,Unknown
Frontech - 50.8 cm (20 inch) HD LED Backlit VA Panel Monitor (MON-0054),3154.0,50.8,1600x900,16:09,5.0,MON-0054,60.0,37.85,Unknown
Frontech - 50.8 cm (20 inch) HD LED Backlit VA Panel Monitor (MON-0074),2699.0,50.8,1600x900,16:09,3.0,MON-0074,60.0,32.39,Unknown
"SAMSUNG M5 81.28 cm (32 inch) Full HD LED Backlit VA Panel with embedded TV Apps, PC-less productivity...",18899.0,81.28,,,4.0,LS32CM501EWXXL,60.0,226.79,Unknown
"LG UltraFine 80.01 cm (31.5 inch) 4K Ultra HD IPS Panel HDR10, Ergonomic, USB Type-C Monitor (32UN880)",49799.0,80.01,,16:09,5.0,32UN880,60.0,597.59,Unknown
"MSI 68.58 cm (27 inch) Full HD IPS Panel with Anti-Flicker Technology, Less Blue, Light, HDR Ready Gam...",14998.0,68.58,,,1.0,G274F,180.0,179.98,Unknown
"SAMSUNG M7 81.28 cm (32 inch) 4K Ultra HD VA Panel with Mouse & Keyboard Control, OTT Apps, IoT Hub, O...",30999.0,81.28,3840x2160,,4.0,LS32DM701UWXXL,60.0,371.99,Unknown
ZEBRONICS 81.28 cm (32 inch) Curved Full HD VA Panel Wall Mountable Monitor (ZEB -AC32FHD LED),11999.0,81.28,1920x1080,16:09,8.0,ZEB -AC32FHD LED,75.0,143.99,Unknown
"LG 60.45 cm (23.8 inch) Full HD IPS Panel with 3-Side Borderless Display,Tilt-able Stand, Black Stabil...",7599.0,60.45,,16:09,5.0,24MR400-BA.CTRRMV,100.0,91.19,Unknown
"HP G-Series 60.45 cm (23.8 inch) Full HD LED Backlit IPS Panel with On-Screen Controls, Low Blue Light...",11060.0,60.45,,16:09,5.0,V24i G5,75.0,132.72,Unknown
AOC 46.99 cm (18.5 inch) HD LED Backlit TN Panel Monitor (e970Swnl),4676.0,46.99,1366x768,,5.0,e970Swnl,60.0,56.11,Unknown
"ZEBRONICS 39.62 cm (15.6 inch) Full HD IPS Panel with 180-degree Adjustable Stand, 16:9 Aspect Ratio, ...",9999.0,39.62,1920x1080,16:09,25.0,(Zeb-Pixigo A16 (Zeb-KPM 2)),60.0,119.99,Unknown
"ZEBRONICS 81.28 cm (32 inch) Curved Full HD VA Panel 80 cm, Wall Mountable, Slim Gaming Monitor (ZEB-A...",15999.0,81.28,1920x1080,16:09,12.0,ZEB-AC32FHD LED,165.0,191.99,Unknown
"SAMSUNG ViewFinity S6 68.58 cm (27 inch) Quad HD IPS Panel with USB Type-C, LAN Port, DP, HDR10, KVM S...",28599.0,68.58,2560x1440,,5.0,LS27D604UAWXXL,100.0,343.19,Unknown
"HP G-Series 68.58 cm (27 inch) Full HD LED Backlit IPS Panel with On-Screen Controls, Low Blue Light M...",13365.0,68.58,,16:09,5.0,V27i G5,75.0,160.38,Unknown
LG UltraGear 85.09 cm (33.5 inch) Curved Quad HD LED Backlit VA Panel Gaming Monitor (34GP63A-BB.ATRRM...,36499.0,85.09,3440x1440,21:09,1.0,34GP63A-BB.ATRRMKN,160.0,437.99,Unknown
Enter 39.12 cm (15.4 inch) HD LED Backlit Monitor (E-M16B),2499.0,39.12,1280x800,16:09,3.0,E-M16B,60.0,29.99,Unknown
Lenovo 60.45 cm (23.8 inch) Full HD VA Panel 3-Side Near Edgeless with TUV Eye Care Monitor (D24-20/D2...,6599.0,60.45,,,4.0,D24-20/D24-40,75.0,79.19,Unknown
Frontech - 43.18 cm (17 inch) HD LED Backlit VA Panel Monitor (MON-0065),2469.0,43.18,1280x1024,5:04,5.0,MON-0065,60.0,29.63,Unknown
"OnePlus 68.58 cm (27 inch) Quad HD LED Backlit IPS Panel with HDR400, Type-C, 3-Side Bezel Less, Flick...",39999.0,68.58,2560x1440,16:09,1.0,X 27,165.0,479.99,Unknown
"BenQ PD 63.5 cm (25 inch) Quad HD LED Backlit IPS Panel HDR10, 95%P3, 100% Rec709, 100% sRGB, Pantone ...",29750.0,63.5,2560x1440,16:09,5.0,PD2506Q,60.0,357.0,Unknown
"DELL S Series 60.45 cm (23.8 inch) Full HD IPS Panel with 3-Years warranty, 99% sRGB, Low Blue Light t...",9799.0,60.45,1920x1080,16:09,4.0,S2421HNM / S2421HN,75.0,117.59,Unknown
"ZEBRONICS 68.58 cm (27 inch) Full HD IPS Panel with 300 Nits Brightness, HDR10, 99% sRGB 1 x DP, 1 x H...",11799.0,68.58,1920x1080,16:09,1.0,"ZEB-IGM 102,ZEB-N27A",180.0,141.59,Unknown
Acer 49.53 cm (19.5 inch) HD LED Backlit TN Panel Monitor (20CH1Q),7880.0,49.53,1366x768,16:09,5.0,20CH1Q,60.0,94.56,Unknown
"Lenovo L - Series 60.45 cm (23.8 Inch) Full HD LED Backlit IPS Panel with TUV Eye Care, Smart Display ...",7999.0,60.45,1920x1080,16:09,4.0,"L24i-30,C20238FL0",75.0,95.99,Unknown
Data not available,,60.45,,,5.0,nan,,,Unknown
Data not available,,60.45,,,5.0,nan,,,Unknown
Data not available,,60.45,,,5.0,nan,,,Unknown
Data not available,,60.45,,,5.0,nan,,,Unknown
Data not available,,60.45,,,5.0,nan,,,Unknown
"DELL 46.99 cm (18.5 inch) HD LED Backlit TN Panel with 3-Years Warranty, Brightness 200 cd/m�, Contras...",6711.0,46.99,1366x768,16:09,5.0,D1918H,60.0,80.53,Unknown
"DELL 68.58 cm (27 inch) Full HD LED Backlit IPS Panel with Built-In 5W Dual Speaker, 99% sRGB(typical)...",15699.0,68.58,,16:09,4.0,S2725HS,100.0,188.39,Unknown
Frontech - 50.8 cm (20 inch) HD LED Backlit VA Panel Monitor (MON-0054),3154.0,50.8,1600x900,16:09,5.0,MON-0054,60.0,37.85,Unknown
Frontech - 50.8 cm (20 inch) HD LED Backlit VA Panel Monitor (MON-0074),2699.0,50.8,1600x900,16:09,3.0,MON-0074,60.0,32.39,Unknown
"DELL 60.96 cm (24 inch) Full HD LED Backlit IPS Panel with 99% sRGB Color Gamut, Flicker Free Technolo...",9299.0,60.96,1920x1080,16:09,4.0,S2421HNM,75.0,111.59,Unknown
LG 86.36 cm (34 inch) Quad HD IPS Panel Monitor (34WN780-BM.ATRDMSN),42200.0,86.36,,,5.0,34WN780-BM.ATRDMSN,60.0,506.4,Unknown
ZEBRONICS 81.28 cm (32 inch) Curved Full HD VA Panel Wall Mountable Monitor (ZEB -AC32FHD LED),11999.0,81.28,1920x1080,16:09,8.0,ZEB -AC32FHD LED,75.0,143.99,Unknown
"LG 60.45 cm (23.8 inch) Full HD IPS Panel with 3-Side Borderless Display,Tilt-able Stand, Black Stabil...",7599.0,60.45,,16:09,5.0,24MR400-BA.CTRRMV,100.0,91.19,Unknown
FINGERS Satin 54.48 cm (21.45 inch) Full HD LED Backlit VA Panel Monitor (The Big Picture),6299.0,54.48,1920x1080,0.6729166666666666,20.0,The Big Picture,100.0,75.59,Unknown
"HP 60.45 cm (23.8 inch) Full HD IPS Panel with 99% sRGB, Height Adjustable/Tilt/Swivel/Pivot, Gaming C...",17990.0,60.45,,16:09,1.0,OMEN 24,165.0,215.88,Unknown
"DELL 68.58 cm (27 inch) Full HD LED Backlit IPS Panel with 99% sRGB Color Gamut, Flicker Free Technolo...",12499.0,68.58,1920x1080,16:09,4.0,S2721HNM,75.0,149.99,Unknown
"Lenovo L-Series 60.96 cm (24 inch) Full HD IPS Panel with HDMI, USB-C Port, 3Wx2 Speakers, HDMI, VGA, ...",13249.0,60.96,1920x1080,16:09,4.0,L24m-40,100.0,158.99,Unknown
"ZEBRONICS 39.62 cm (15.6 inch) Full HD IPS Panel with 180-degree Adjustable Stand, 16:9 Aspect Ratio, ...",9999.0,39.62,1920x1080,16:09,25.0,(Zeb-Pixigo A16 (Zeb-KPM 2)),60.0,119.99,Unknown
"ZEBRONICS 81.28 cm (32 inch) Curved Full HD VA Panel 80 cm, Wall Mountable, Slim Gaming Monitor (ZEB-A...",15999.0,81.28,1920x1080,16:09,12.0,ZEB-AC32FHD LED,165.0,191.99,Unknown
Frontech Ultima Series 60.96 cm (24 inch) Full HD LED Backlit IPS Panel Monitor (MON-0072),6070.0,60.96,1920x1080,16:09,12.0,MON-0072,75.0,72.84,Unknown
Acer Nitro 60.45 cm (23.8 inch) Full HD LED Backlit IPS Panel Gaming Monitor (VG240Y),9999.0,60.45,1920x1080,16:09,0.5,VG240Y,165.0,119.99,Unknown
Lenovo 60.45 cm (23.8 inch) Full HD VA Panel 3-Side Near Edgeless with TUV Eye Care Monitor (D24-20/D2...,6599.0,60.45,,,4.0,D24-20/D24-40,75.0,79.19,Unknown
Frontech - 43.18 cm (17 inch) HD LED Backlit VA Panel Monitor (MON-0065),2469.0,43.18,1280x1024,5:04,5.0,MON-0065,60.0,29.63,Unknown
Enter HDMI and VGA LED 50.8 cm (20 inch) Full HD TN Panel Monitor (20 inch),2998.0,50.8,,,6.0,20 inch,60.0,35.98,Unknown
Enter 39.12 cm (15.4 inch) HD Monitor (15.4 inch HD LED Backlit Monitor with HDMI & VGA (E-MO-A06)),2500.0,39.12,,,1.0,15.4 inch HD LED Backlit Monitor with HDMI & VGA (E-MO-A06),60.0,30.0,Unknown
"LG Led-Monitor 54.61 cm (21.5 inch) Full HD LED Backlit VA Panel with OnScreen Control, Reader Mode, F...",6800.0,54.61,1920x1080,16:09,20.0,22MP410-B.ATR,75.0,81.6,Unknown
Acer 68.58 cm (27 inch) Full HD LED Backlit IPS Panel Monitor (RS272),9499.0,68.58,1920x1080,16:09,1.0,RS272,100.0,113.99,Unknown
"DELL S Series 60.45 cm (23.8 inch) Full HD IPS Panel with 3-Years warranty, 99% sRGB, Low Blue Light t...",9799.0,60.45,1920x1080,16:09,4.0,S2421HNM / S2421HN,75.0,117.59,Unknown
"ZEBRONICS 68.58 cm (27 inch) Full HD IPS Panel with 300 Nits Brightness, HDR10, 99% sRGB 1 x DP, 1 x H...",11799.0,68.58,1920x1080,16:09,1.0,"ZEB-IGM 102,ZEB-N27A",180.0,141.59,Unknown
Data not available,,60.45,,,5.0,nan,,,Unknown
Data not available,,60.45,,,5.0,nan,,,Unknown
Data not available,,60.45,,,5.0,nan,,,Unknown
Data not available,,60.45,,,5.0,nan,,,Unknown
Data not available,,60.45,,,5.0,nan,,,Unknown
"Acer 59.94 cm (23.6 inch) Curved Full HD VA Panel with VESA Mount Support, 1500R Curvature, HDMI 1.4, ...",,59.94,1920x1080,,1.0,ED240Q,75.0,,Unknown
"LG Ultra-Gear 80.01 cm (31.5 inch) Quad HD LED Backlit VA Panel with HDR10,Black Stabilizer, 3-Side Vi...",21500.0,80.01,2560x1440,16:09,1.0,32GN600,165.0,258.0,Unknown
Frontech - 50.8 cm (20 inch) HD LED Backlit VA Panel Monitor (MON-0054),3154.0,50.8,1600x900,16:09,5.0,MON-0054,60.0,37.85,Unknown
Frontech - 50.8 cm (20 inch) HD LED Backlit VA Panel Monitor (MON-0074),2699.0,50.8,1600x900,16:09,3.0,MON-0074,60.0,32.39,Unknown
"SAMSUNG M7 81.28 cm (32 inch) 4K Ultra HD VA Panel with Mouse & Keyboard Control, OTT Apps, IoT Hub, O...",30499.0,81.28,3840x2160,,4.0,LS32DM700UWXXL,60.0,365.99,Unknown
Acer KG1 71.12 cm (28 inch) 4K Ultra HD TN Panel Monitor (KG281K),19999.0,71.12,3840x2160,,1.0,KG281K,60.0,239.99,Unknown
HP 86.36 cm (34 inch) Curved WQHD VA Panel Gaming Monitor (OMEN 34c),52499.0,86.36,,21:09,1.0,OMEN 34c,165.0,629.99,Unknown
"SAMSUNG M5 68.58 cm (27 inch) Full HD LED Backlit VA Panel Monitor (1 Billion Color, Smart TV Bluetoot...",16498.0,68.58,920x1,16:09,4.0,"1 Billion Color, Smart TV Bluetooth, IOT, Speakers, Remote LS27BM500EWXXL Black",60.0,197.98,Unknown
ZEBRONICS 81.28 cm (32 inch) Curved Full HD VA Panel Wall Mountable Monitor (ZEB -AC32FHD LED),11999.0,81.28,1920x1080,16:09,8.0,ZEB -AC32FHD LED,75.0,143.99,Unknown
"LG 60.45 cm (23.8 inch) Full HD IPS Panel with 3-Side Borderless Display,Tilt-able Stand, Black Stabil...",7599.0,60.45,,16:09,5.0,24MR400-BA.CTRRMV,100.0,91.19,Unknown
"LG 55.88 cm (22 inch) Full HD LED Backlit IPS Panel with HDMI, DVI,VGA, Audio-IN Ports, Monitor (22MP6...",12899.0,55.88,1920x1080,16:09,5.0,22MP68VQ,75.0,154.79,Unknown
"Acer 86.36 cm (34 inch) Quad HD IPS Panel with Comfy Viewing, HDR Ready Technology, 6 axis Color Adjus...",28582.0,86.36,,,1.0,CB342CK,75.0,342.98,Unknown
"ZEBRONICS 39.62 cm (15.6 inch) Full HD IPS Panel with 180-degree Adjustable Stand, 16:9 Aspect Ratio, ...",9999.0,39.62,1920x1080,16:09,25.0,(Zeb-Pixigo A16 (Zeb-KPM 2)),60.0,119.99,Unknown
"ZEBRONICS 81.28 cm (32 inch) Curved Full HD VA Panel 80 cm, Wall Mountable, Slim Gaming Monitor (ZEB-A...",15999.0,81.28,1920x1080,16:09,12.0,ZEB-AC32FHD LED,165.0,191.99,Unknown
ZEBRONICS 68.58 cm (27 inch) Full HD LED Backlit VA Panel Wall Mountable Slim Gaming Monitor (ZEB A27F...,11999.0,68.58,1920x1080,16:09,12.0,ZEB A27FHD,165.0,143.99,Unknown
"ASUS 60.45 cm (23.8 inch) Full HD IPS Panel VESA Mountable, Tilt, Low Blue Light, Flicker Free, HDMI E...",8999.0,60.45,,16:09,1.0,VA24EHF,100.0,107.99,Unknown
Acer Vero Series 68.58 cm (27 inch) Full HD LED Backlit IPS Panel with Colorful Patterned Back Mood li...,9499.0,68.58,1920x1080,16:09,1.0,RS272,100.0,113.99,Unknown
"SAMSUNG S4 60.96 cm (24 inch) Full HD IPS Panel with Eye Saver Mode, Flicker Free, Height Adjustable S...",11599.0,60.96,1920x1080,16:09,4.0,LS24C430GAWXXL,100.0,139.19,Unknown
Lenovo 60.45 cm (23.8 inch) Full HD VA Panel 3-Side Near Edgeless with TUV Eye Care Monitor (D24-20/D2...,6599.0,60.45,,,4.0,D24-20/D24-40,75.0,79.19,Unknown
Frontech - 43.18 cm (17 inch) HD LED Backlit VA Panel Monitor (MON-0065),2469.0,43.18,1280x1024,5:04,5.0,MON-0065,60.0,29.63,Unknown
"Matrix 48.26 cm (19 inch) Full HD VA Panel Monitor (VisionEdge 19"" LED Monitor)",3499.0,48.26,1366x768,1899-12-31,5.0,"VisionEdge 19"" LED Monitor",60.0,41.99,Unknown
"HP Series 5 80.01 cm (31.5 inch) Full HD LED Backlit VA Panel with On-screen controls, Anti-glare, 300...",25200.0,80.01,1920x1080,,7.0,532sf,100.0,302.4,Unknown
"DELL S Series 60.45 cm (23.8 inch) Full HD IPS Panel with 3-Years warranty, 99% sRGB, Low Blue Light t...",9799.0,60.45,1920x1080,16:09,4.0,S2421HNM / S2421HN,75.0,117.59,Unknown
"ZEBRONICS 68.58 cm (27 inch) Full HD IPS Panel with 300 Nits Brightness, HDR10, 99% sRGB 1 x DP, 1 x H...",11799.0,68.58,1920x1080,16:09,1.0,"ZEB-IGM 102,ZEB-N27A",180.0,141.59,Unknown
Data not available,,60.45,,,5.0,nan,,,Unknown
Data not available,,60.45,,,5.0,nan,,,Unknown
Data not available,,60.45,,,5.0,nan,,,Unknown
Data not available,,60.45,,,5.0,nan,,,Unknown
Data not available,,60.45,,,5.0,nan,,,Unknown
iVoomi 55.88 cm (22 inch) Full HD LED Backlit IPS Panel Monitor (IV-L2003AHD),7399.0,55.88,1920x1080,16:9 Flat,5.0,IV-L2003AHD,75.0,88.79,Unknown
HP 60.45 cm (23.8 inch) Full HD IPS Panel Gaming Monitor (Omen 24),19600.0,60.45,1920x1080,0.672916667,1.0,Omen 24,165.0,235.2,Unknown
"SAMSUNG 68.58 cm (27 inch) 4K Ultra HD LED Backlit IPS Panel with HDR10, Wide Viewing Angle, Borderles...",24599.0,68.58,3840x2160,16:09,5.0,LS27A700NWWXXL,60.0,295.19,Unknown
Enter 43.43 cm (17.1 inch) HD LED Backlit Monitor (E-M0-A02),2450.0,43.43,,16:07,4.0,E-M0-A02,60.0,29.4,Unknown
Frontech - 50.8 cm (20 inch) HD LED Backlit VA Panel Monitor (MON-0054),3154.0,50.8,1600x900,16:09,5.0,MON-0054,60.0,37.85,Unknown
Frontech - 50.8 cm (20 inch) HD LED Backlit VA Panel Monitor (MON-0074),2699.0,50.8,1600x900,16:09,3.0,MON-0074,60.0,32.39,Unknown
"SAMSUNG M8 81.28 cm (32 inch) 4K Ultra HD VA Panel AI Upscaling, Mouse & Keyboard Control, OTT Apps, I...",47999.0,81.28,3840x2160,,4.0,LS32DM801UWXXL,60.0,575.99,Unknown
AOC 59.94 cm (23.6 inch) Curved Full HD IPS Panel Gaming Monitor (C24G1),12999.0,59.94,1920x1080,,1.0,C24G1,144.0,155.99,Unknown
ZEBRONICS 81.28 cm (32 inch) Curved Full HD VA Panel Wall Mountable Monitor (ZEB -AC32FHD LED),11999.0,81.28,1920x1080,16:09,8.0,ZEB -AC32FHD LED,75.0,143.99,Unknown
"LG 60.45 cm (23.8 inch) Full HD IPS Panel with 3-Side Borderless Display,Tilt-able Stand, Black Stabil...",7599.0,60.45,,16:09,5.0,24MR400-BA.CTRRMV,100.0,91.19,Unknown
LG ULTRAGEAR GAMING 60.96 cm (24 inch) Full HD LED Backlit IPS Panel Gaming Monitor ((24GN65R)- 1920x1...,12818.0,60.96,1920x1080,16:09,1.0,"(24GN65R)- 1920x1080,HDR 10, sRGB 99%, DP,HDMI, Height,Tilt & Pivot Adjust Stand",144.0,153.82,Unknown
Enter 48.26 cm (19 inch) HD LED Backlit VA Panel Monitor (19 INCH HD LED Backlit Gaming Monitor (E-MO-...,2849.0,48.26,1440x900,"16:9,4:3",5.0,19 INCH HD LED Backlit Gaming Monitor (E-MO-A01) (Response Time: 5 ms),60.0,34.19,Unknown
"LG Ultra-Gear 68.58 cm (27 Inches) Full HD LED Backlit IPS Panel with Height Adjustable Stand, HDR 10,...",22000.0,68.58,1920x1080,16:09,1.0,27GP750-B.ATR,240.0,264.0,Unknown
"DELL 68.58 cm (27 inch) Full HD LED Backlit IPS Panel with Built-In 5W Dual Speaker, 99% sRGB (typical...",14999.0,68.58,,16:09,4.0,S2725H,100.0,179.99,Unknown
"ZEBRONICS 39.62 cm (15.6 inch) Full HD IPS Panel with 180-degree Adjustable Stand, 16:9 Aspect Ratio, ...",9999.0,39.62,1920x1080,16:09,25.0,(Zeb-Pixigo A16 (Zeb-KPM 2)),60.0,119.99,Unknown
"ZEBRONICS 81.28 cm (32 inch) Curved Full HD VA Panel 80 cm, Wall Mountable, Slim Gaming Monitor (ZEB-A...",15999.0,81.28,1920x1080,16:09,12.0,ZEB-AC32FHD LED,165.0,191.99,Unknown
"Acer Nitro ED3 86.36 cm (34 inch) Curved UWQHD LED Backlit VA Panel with HDR10 Support, AdobeRGB 90%, ...",28299.0,86.36,3440x1440,21:09,0.5,ED343CUR,180.0,339.59,Unknown
PHILIPS 54.61 cm (21.5 Inch) Full HD VA Panel Monitor (222V8LA/94 22 inch VA Panel LCD Monitor with Fu...,5990.0,54.61,1920x1080,16:09,4.0,222V8LA/94 22 inch VA Panel LCD Monitor with Full HD,75.0,71.88,Unknown
Lenovo 60.45 cm (23.8 inch) Full HD VA Panel 3-Side Near Edgeless with TUV Eye Care Monitor (D24-20/D2...,6599.0,60.45,,,4.0,D24-20/D24-40,75.0,79.19,Unknown
Frontech - 43.18 cm (17 inch) HD LED Backlit VA Panel Monitor (MON-0065),2469.0,43.18,1280x1024,5:04,5.0,MON-0065,60.0,29.63,Unknown
ASUS 68.58 cm (27 inch) Full HD LED Backlit IPS Panel Gaming Monitor (TUF VG279QM),31790.0,68.58,1920x1080,,1.0,TUF VG279QM,280.0,381.48,Unknown
DELL 68.58 cm (27 inch) Quad HD LED Backlit IPS Panel Monitor (27 QHD Monitor - SE2723DS),22299.0,68.58,2560x1440,,4.0,27 QHD Monitor - SE2723DS,75.0,267.59,Unknown
MarQ by Flipkart 55.88 cm (22 inch) Full HD LED Backlit VA Panel with 2 X 3W Inbuilt Speakers Monitor ...,5899.0,55.88,1920x1080,16:09,5.0,22FHDMVQIIHB,75.0,70.79,Unknown
SAMSUNG 68.58 cm (27 inch) Curved Full HD VA Panel Gaming Monitor (LC27R500FHWXXL),11999.0,68.58,,,4.0,LC27R500FHWXXL,60.0,143.99,Unknown
Data not available,,60.45,,,5.0,nan,,,Unknown
Data not available,,60.45,,,5.0,nan,,,Unknown
Data not available,,60.45,,,5.0,nan,,,Unknown
Data not available,,60.45,,,5.0,nan,,,Unknown
Data not available,,60.45,,,5.0,nan,,,Unknown
Frontech - 50.8 cm (20 inch) HD LED Backlit VA Panel Monitor (MON-0054),3154.0,50.8,1600x900,16:09,5.0,MON-0054,60.0,37.85,Unknown
Frontech - 50.8 cm (20 inch) HD LED Backlit VA Panel Monitor (MON-0074),2699.0,50.8,1600x900,16:09,3.0,MON-0074,60.0,32.39,Unknown
Acer UT222Q 54.61 cm (21.5 inch) Full HD LED Backlit IPS Panel Monitor (UT222Q 21.5 Inch Full HD IPS 1...,18999.0,54.61,1920x1080,16:09,4.0,UT222Q 21.5 Inch Full HD IPS 10 Point Touch Monitor with AMD FreeSync Technology,75.0,227.99,Unknown
PHILIPS 68.58 cm (27 inch) Full HD Wall Mountable Monitor (271V8/94),10049.0,68.58,,,4.0,271V8/94,60.0,120.59,Unknown
ZEBRONICS 81.28 cm (32 inch) Curved Full HD VA Panel Wall Mountable Monitor (ZEB -AC32FHD LED),11999.0,81.28,1920x1080,16:09,8.0,ZEB -AC32FHD LED,75.0,143.99,Unknown
"LG 60.45 cm (23.8 inch) Full HD IPS Panel with 3-Side Borderless Display,Tilt-able Stand, Black Stabil...",7599.0,60.45,,16:09,5.0,24MR400-BA.CTRRMV,100.0,91.19,Unknown
Enter 43.18 cm (17 inch) HD Monitor (17.1 inch HD LED Backlit Monitor (E-M0-A02) (Response Time: 4 ms)...,2299.0,43.18,,,4.0,17.1 inch HD LED Backlit Monitor (E-M0-A02) (Response Time: 4 ms),60.0,27.59,Unknown
Enter 39.12 cm (15.4 inch) Full HD Monitor (E-MO-A05),2299.0,39.12,,,3.0,E-MO-A05,60.0,27.59,Unknown
"LG Ultra Gear Monitor 81.28 cm (32 inch) Full HD LED Backlit VA Panel with HDR 10, sRGB 95%, DP, HDMI,...",21300.0,81.28,1920x1080,16:09,1.0,32GN50R-BB.ATRUMVN,165.0,255.6,Unknown
DELL 49.53 cm (19.5 inch) HD+ LED Backlit TN Panel Monitor (D2020H),6999.0,49.53,,,5.0,D2020H,60.0,83.99,Unknown
"ZEBRONICS 39.62 cm (15.6 inch) Full HD IPS Panel with 180-degree Adjustable Stand, 16:9 Aspect Ratio, ...",9999.0,39.62,1920x1080,16:09,25.0,(Zeb-Pixigo A16 (Zeb-KPM 2)),60.0,119.99,Unknown
"ZEBRONICS 81.28 cm (32 inch) Curved Full HD VA Panel 80 cm, Wall Mountable, Slim Gaming Monitor (ZEB-A...",15999.0,81.28,1920x1080,16:09,12.0,ZEB-AC32FHD LED,165.0,191.99,Unknown
"Lenovo L - Series 68.58 cm (27 inch) Full HD LED Backlit IPS Panel with TUV Eye Care, Smart Display Cu...",17499.0,68.58,1920x1080,16:09,4.0,L27i-30,75.0,209.99,Unknown
SAMSUNG 55.88 cm (22 inch) Full HD LED Backlit IPS Panel Monitor (LF22T354FHWXXL),7449.0,55.88,1920x1080,16.9,5.0,LF22T354FHWXXL,75.0,89.39,Unknown
Lenovo 60.45 cm (23.8 inch) Full HD VA Panel 3-Side Near Edgeless with TUV Eye Care Monitor (D24-20/D2...,6599.0,60.45,,,4.0,D24-20/D24-40,75.0,79.19,Unknown
Frontech - 43.18 cm (17 inch) HD LED Backlit VA Panel Monitor (MON-0065),2469.0,43.18,1280x1024,5:04,5.0,MON-0065,60.0,29.63,Unknown
Acer 80.01 cm (31.5 inch) Curved Full HD LED Backlit VA Panel Gaming Monitor (ED320QR),16999.0,80.01,1920x1080,16:09,1.0,ED320QR,165.0,203.99,Unknown
"MSI 59.94 cm (23.6 inch) Curved Full HD VA Panel Eye-Friendly Screen, Built-in Speakers Anti Glare Bus...",9997.0,59.94,,16:09,5.0,Pro MP242C,60.0,119.96,Unknown
"LG 81.28 cm (32 inch) 4K Ultra HD VA Panel with Height/Tilt Adjustable Stand, Display Port, VESA Displ...",36499.0,81.28,,,5.0,32UL750,60.0,437.99,Unknown
Acer 60.45 cm (23.8 inch) Full HD LED Backlit IPS Panel Monitor (RS242Y),7685.0,60.45,1920x1080,16:09,1.0,RS242Y,100.0,92.22,Unknown
"DELL S Series 60.45 cm (23.8 inch) Full HD IPS Panel with 3-Years warranty, 99% sRGB, Low Blue Light t...",9799.0,60.45,1920x1080,16:09,4.0,S2421HNM / S2421HN,75.0,117.59,Unknown
"ZEBRONICS 68.58 cm (27 inch) Full HD IPS Panel with 300 Nits Brightness, HDR10, 99% sRGB 1 x DP, 1 x H...",11799.0,68.58,1920x1080,16:09,1.0,"ZEB-IGM 102,ZEB-N27A",180.0,141.59,Unknown
Enter 39.12 cm (15.4 inch) HD Monitor (E-M16HB),2480.0,39.12,,,5.0,E-M16HB,80.0,29.76,Unknown
Acer 54.61 cm (21.5 inch) Full HD IPS Panel Monitor (B227Q),13495.0,54.61,1920x1080,,4.0,B227Q,75.0,161.94,Unknown
Data not available,,60.45,,,5.0,nan,,,Unknown
Data not available,,60.45,,,5.0,nan,,,Unknown
Data not available,,60.45,,,5.0,nan,,,Unknown
Data not available,,60.45,,,5.0,nan,,,Unknown
Data not available,,60.45,,,5.0,nan,,,Unknown
Frontech - 50.8 cm (20 inch) HD LED Backlit VA Panel Monitor (MON-0054),3154.0,50.8,1600x900,16:09,5.0,MON-0054,60.0,37.85,Unknown
Frontech - 50.8 cm (20 inch) HD LED Backlit VA Panel Monitor (MON-0074),2699.0,50.8,1600x900,16:09,3.0,MON-0074,60.0,32.39,Unknown
"Lenovo L - Series 68.58 cm (27 inch) Full HD LED Backlit IPS Panel with TUV Eye Care, Smart Display Cu...",17499.0,68.58,1920x1080,16:09,4.0,L27i-30,75.0,209.99,Unknown
iVoomi 60.96 cm (24 inch) Full HD LED Backlit Monitor (IV-L1901HDF),6479.0,60.96,1920x1080,,5.0,IV-L1901HDF,60.0,77.75,Unknown
"SAMSUNG M8 81.28 cm (32 inch) 4K Ultra HD VA Panel with embedded TV Apps, Multiple Voice Assistants, S...",47599.0,81.28,3840x2160,16:09,4.0,LS32CM80GUWXXL,60.0,571.19,Unknown
DELL 60.96 cm (24 inch) HD Monitor (E2422HS - Full HD (1920 x 1080) LED Backlit Monitor - IPS Panel - ...,13399.0,60.96,,,5.0,"E2422HS - Full HD (1920 x 1080) LED Backlit Monitor - IPS Panel - VGA, HDMI & DISPLAY PORT, Inbuilt Speakers, Height Adjustable, 3 Years Warranty ( Black)) (Response Time: 10 ms)",60.0,160.79,Unknown
ZEBRONICS 81.28 cm (32 inch) Curved Full HD VA Panel Wall Mountable Monitor (ZEB -AC32FHD LED),11999.0,81.28,1920x1080,16:09,8.0,ZEB -AC32FHD LED,75.0,143.99,Unknown
"LG 60.45 cm (23.8 inch) Full HD IPS Panel with 3-Side Borderless Display,Tilt-able Stand, Black Stabil...",7599.0,60.45,,16:09,5.0,24MR400-BA.CTRRMV,100.0,91.19,Unknown
HP 68.58 cm (27 inch) Full HD LED Backlit Monitor (P27v),17499.0,68.58,1920x1080,16:09,5.0,P27v,75.0,209.99,Unknown
AOC 54.61 cm (21.5 inch) Full HD Monitor (22E1Q 21.5 inch Full HD Monitor),6999.0,54.61,1920x1080,16:09,8.0,22E1Q 21.5 inch Full HD Monitor,60.0,83.99,Unknown
"ZEBRONICS 39.62 cm (15.6 inch) Full HD IPS Panel with 180-degree Adjustable Stand, 16:9 Aspect Ratio, ...",9999.0,39.62,1920x1080,16:09,25.0,(Zeb-Pixigo A16 (Zeb-KPM 2)),60.0,119.99,Unknown
"ZEBRONICS 81.28 cm (32 inch) Curved Full HD VA Panel 80 cm, Wall Mountable, Slim Gaming Monitor (ZEB-A...",15999.0,81.28,1920x1080,16:09,12.0,ZEB-AC32FHD LED,165.0,191.99,Unknown
"LAPCARE 60.45 cm (23.8 inch) Full HD LED Backlit IPS Panel with Metal Stand, VGA & HDMI Port, Light We...",7199.0,60.45,1920x1080,16:09,5.0,LM24WFHD,60.0,86.39,Unknown
FINGERS Satin 60.45 cm (23.8 inch) Full HD LED Backlit VA Panel Monitor (The Big Picture),7999.0,60.45,1920x1080,0.6729166666666666,20.0,The Big Picture,100.0,95.99,Unknown
"MSI 86.36 cm (34 inch) Curved UWQHD VA Panel with AI Vision Technology, 1500R Curvature, 119% SRGB, HD...",34996.0,86.36,3440x1440,16:09,1.0,MAG342CQR E2,180.0,419.95,Unknown
"DELL P SERIES 60.96 cm (24 inch) Full HD LED Backlit IPS Panel Monitor ((P2425H, 99% sRGB,1x HDMI|1x D...",14299.0,60.96,1920x1080,16:09,5.0,"(P2425H, 99% sRGB,1x HDMI|1x DP|1x VGA| 5x USB 3.2 Gen1,Height Adjustable,Pivot",100.0,171.59,Unknown
Lenovo 60.45 cm (23.8 inch) Full HD VA Panel 3-Side Near Edgeless with TUV Eye Care Monitor (D24-20/D2...,6599.0,60.45,,,4.0,D24-20/D24-40,75.0,79.19,Unknown
Frontech - 43.18 cm (17 inch) HD LED Backlit VA Panel Monitor (MON-0065),2469.0,43.18,1280x1024,5:04,5.0,MON-0065,60.0,29.63,Unknown
Acer SA2-Series 68.58 cm (27 inch) Full HD LED Backlit IPS Panel Monitor (SA272 G),9601.0,68.58,1920x1080,16:09,1.0,SA272 G,120.0,115.21,Unknown
SAMSUNG 55.88 cm (22 inch) Full HD LED Backlit IPS Panel Monitor (LF22T354FHWXXL),7449.0,55.88,1920x1080,16.9,5.0,LF22T354FHWXXL,75.0,89.39,Unknown
"DELL S Series 60.45 cm (23.8 inch) Full HD IPS Panel with 3-Years warranty, 99% sRGB, Low Blue Light t...",9799.0,60.45,1920x1080,16:09,4.0,S2421HNM / S2421HN,75.0,117.59,Unknown
"ZEBRONICS 68.58 cm (27 inch) Full HD IPS Panel with 300 Nits Brightness, HDR10, 99% sRGB 1 x DP, 1 x H...",11799.0,68.58,1920x1080,16:09,1.0,"ZEB-IGM 102,ZEB-N27A",180.0,141.59,Unknown
Enter 39.12 cm (15.4 inch) Full HD Monitor (15.4 inch Full HD Monitor (E-MO-A05) (Response Time: 3 ms)...,2490.0,39.12,,,3.0,15.4 inch Full HD Monitor (E-MO-A05) (Response Time: 3 ms),60.0,29.88,Unknown
LG M39 49.53 cm (19.5 inch) HD LED Backlit TN Panel Monitor (20M39H),6599.0,49.53,1366x768,16.9,5.0,20M39H,60.0,79.19,Unknown
Data not available,,60.45,,,5.0,nan,,,Unknown
Data not available,,60.45,,,5.0,nan,,,Unknown
Data not available,,60.45,,,5.0,nan,,,Unknown
Data not available,,60.45,,,5.0,nan,,,Unknown
Data not available,,60.45,,,5.0,nan,,,Unknown
"SAMSUNG Odyssey G6 81.28 cm (32 inch) Curved Quad HD VA Panel with Display HDR600, Gaming Hub, Embedde...",46899.0,81.28,,16:09,1.0,LS32BG650EWXXL,240.0,562.79,Unknown
PHILIPS 54.61 cm (21.5 Inch) Full HD VA Panel Monitor (222V8LA/94 22 inch VA Panel LCD Monitor with Fu...,5990.0,54.61,1920x1080,16:09,4.0,222V8LA/94 22 inch VA Panel LCD Monitor with Full HD,75.0,71.88,Unknown
Smart Pixel 165.1 cm (65 inch) Full HD LED Backlit IPS Panel Monitor (Monitor),99005.0,165.1,,,2.0,Monitor,60.0,1188.06,Unknown
"DELL 60.96 cm (24 inch) Full HD LED Backlit VA Panel with Built-in Dual Speaker, 16:9 Aspect Ratio, 25...",10599.0,60.96,1920x1080,16:09,5.0,E2425HS,75.0,127.19,Unknown
Acer EB1 203.2 cm (80 cm) WQHD LED Backlit IPS Panel Monitor (EB321HQU Cbidpx),21997.0,203.2,2560x1440,16:09,4.0,EB321HQU Cbidpx,60.0,263.96,Unknown
Enter 48.26 cm (19 inch) SXGA Monitor (19 INCH LED MONITOR),2555.0,48.26,1440x990,16:07,5.0,19 INCH LED MONITOR,60.0,30.66,Unknown
LG 19M 46.99 cm (18.5 inches) HD LED Backlit TN Panel Monitor (19M38AB),6149.0,46.99,1366x768,16:09,5.0,19M38AB,60.0,73.79,Unknown
iVoomi 48.26 cm (19 inch) HD Monitor (V-L1901HD),2900.0,48.26,,,5.0,V-L1901HD,60.0,34.8,Unknown
ASUS 68.58 cm (27 inch) Full HD LED Backlit IPS Panel Gaming Monitor (TUF VG279QM),31999.0,68.58,1920x1080,,1.0,TUF VG279QM,280.0,383.99,Unknown
"MSI 60.96 cm (24 inch) Curved Full HD VA Panel with 1500R Curved display, Anti-Flicker, Less Blue Ligh...",11999.0,60.96,1920x1080,16:09,1.0,G2422C,180.0,143.99,Unknown
"SAMSUNG M8 81.28 cm (32 inch) 4K Ultra HD VA Panel AI Upscaling, Mouse & Keyboard Control, OTT Apps, I...",47999.0,81.28,3840x2160,,4.0,LS32DM801UWXXL,60.0,575.99,Unknown
rionix zebion 55.88 cm (22 inch) HD VA Panel Monitor (22HD),3251.0,55.88,1680x1050,,5.0,22HD,60.0,39.01,Unknown
"LAPCARE 50.8 cm (20 inch) HD LED Backlit TN Panel with VGA & HDMI Port, Light Weight, Power Saver, Wal...",3845.0,50.8,1600x900,16:09,5.0,LM21WHD,60.0,46.14,Unknown
DELL P-Series 86.36 cm (34 inch) Curved WQHD LED Backlit IPS Panel Monitor (P3424WEB),58999.0,86.36,3440x1440,21:09,5.0,P3424WEB,60.0,707.99,Unknown
Enter 39.12 cm (15.4 inch) HD Monitor (E-M16A),2500.0,39.12,1920x1080,16:09,4.0,E-M16A,60.0,30.0,Unknown
"MSI 59.94 cm (23.6 inch) Curved Full HD VA Panel Eye-Friendly Screen, Built-in Speakers Anti Glare Bus...",9997.0,59.94,,16:09,5.0,Pro MP242C,60.0,119.96,Unknown
Enter 39.12 cm (15.4 inch) SVGA Monitor (E-MO-A07),2398.0,39.12,,,3.0,E-MO-A07,75.0,28.78,Unknown
Acer 68.58 cm (27 inch) Full HD LED Backlit VA Panel Gaming Monitor (ED270 X2),13239.0,68.58,1920x1080,,1.0,ED270 X2,240.0,158.87,Unknown
DELL P SERIES 2024 MODEL WITH USB Type-C Port (data only) 68.58 cm (27 inch) Full HD LED Backlit IPS P...,16999.0,68.58,1920x1080,16:09,5.0,"P2725H-99% sRGB,1xHDMI,1x DP, 5x USB 3.2 Gen1,Height Adjust, Tilt, Pivot, Swivel",100.0,203.99,Unknown
DELL 49.53 cm (19.5 inch) HD+ LED Backlit TN Panel Monitor (D2020H),6999.0,49.53,,,5.0,D2020H,60.0,83.99,Unknown
"studynlearn 75-Inch Interactive Flat Panel Multitouch Screen Display, Android 14, 8 GB RAM | 128 GB RO...",119849.0,190.5,3840x2160,0.672916667,5.0,I7501,60.0,1438.19,Unknown
ASUS ROG 80.01 cm (31.5 inch) Curved WQHD LED Backlit VA Panel Gaming Monitor (ROG Strix XG32VC),38999.0,80.01,2560x1440,16:09,1.0,ROG Strix XG32VC,170.0,467.99,Unknown
iVoomi 55.88 cm (22 inch) Full HD LED Backlit Monitor (Wide IV-L19O1HDE),5399.0,55.88,1680x1050,,5.0,Wide IV-L19O1HDE,60.0,64.79,Unknown
LG ULTRAGEAR 68.58 cm (27 inch) Full HD LED Backlit IPS Panel Gaming Monitor (27GS65F-(1920 X1080)-99%...,17499.0,68.58,1920x1080,16:09,1.0,"27GS65F-(1920 X1080)-99%sRGB,HDMI,DP,NVIDIA G-Sync Compatible,HDR10,Height,Pivot",180.0,209.99,Unknown
Data not available,,60.45,,,5.0,nan,,,Unknown
Data not available,,60.45,,,5.0,nan,,,Unknown
Data not available,,60.45,,,5.0,nan,,,Unknown
Data not available,,60.45,,,5.0,nan,,,Unknown
Data not available,,60.45,,,5.0,nan,,,Unknown
HP 60.45 cm (23.8 inch) Full HD LED Backlit IPS Panel Gaming Monitor (X24ih),13999.0,60.45,1920x1080,16.9,1.0,X24ih,144.0,167.99,Unknown
iVoomi 48.26 cm (19 inch) HD Monitor (V-L1901HD),2900.0,48.26,,,5.0,V-L1901HD,60.0,34.8,Unknown
Frontech - 50.8 cm (20 inch) HD LED Backlit VA Panel Monitor (MON-0054),3154.0,50.8,1600x900,16:09,5.0,MON-0054,60.0,37.85,Unknown
Frontech - 50.8 cm (20 inch) HD LED Backlit VA Panel Monitor (MON-0074),2699.0,50.8,1600x900,16:09,3.0,MON-0074,60.0,32.39,Unknown
Enter 39.12 cm (15.4 inch) HD Monitor (E-M16A),2500.0,39.12,1920x1080,16:09,4.0,E-M16A,60.0,30.0,Unknown
Enter 39.12 cm (15.4 inch) SXGA Monitor (HDMI led Monitor),2400.0,39.12,1280x800,,5.0,HDMI led Monitor,60.0,28.8,Unknown
DELL E-Series 55.88 cm (22 inch) Full HD LED Backlit TN Panel Monitor (E2221HN),8899.0,55.88,1920x1080,16:09,5.0,E2221HN,60.0,106.79,Unknown
ViewSonic VX 60.45 cm (23.8 inch) Full HD LED Backlit IPS Panel Monitor (VX2476-SMHD),9499.0,60.45,1920x1080,16.9,4.0,VX2476-SMHD,75.0,113.99,Unknown
ZEBRONICS 81.28 cm (32 inch) Curved Full HD VA Panel Wall Mountable Monitor (ZEB -AC32FHD LED),11999.0,81.28,1920x1080,16:09,8.0,ZEB -AC32FHD LED,75.0,143.99,Unknown
"LG 60.45 cm (23.8 inch) Full HD IPS Panel with 3-Side Borderless Display,Tilt-able Stand, Black Stabil...",7599.0,60.45,,16:09,5.0,24MR400-BA.CTRRMV,100.0,91.19,Unknown
"GIGABYTE 68.58 cm (27 inch) Full HD IPS Panel Gaming Monitor (GS27F IPS, 1920 x 1080)",15681.0,68.58,,,1.0,"GS27F IPS, 1920 x 1080",165.0,188.17,Unknown
Enter 55.88 cm (22 inch) HD Monitor (E-MO-A03),3650.0,55.88,1680x1050,,5.0,E-MO-A03,60.0,43.8,Unknown
"ZEBRONICS 39.62 cm (15.6 inch) Full HD IPS Panel with 180-degree Adjustable Stand, 16:9 Aspect Ratio, ...",9999.0,39.62,1920x1080,16:09,25.0,(Zeb-Pixigo A16 (Zeb-KPM 2)),60.0,119.99,Unknown
"ZEBRONICS 81.28 cm (32 inch) Curved Full HD VA Panel 80 cm, Wall Mountable, Slim Gaming Monitor (ZEB-A...",15999.0,81.28,1920x1080,16:09,12.0,ZEB-AC32FHD LED,165.0,191.99,Unknown
LG 21:9 ULTRAWIDE 86.36 cm (34 inch) Curved WQHD LED Backlit VA Panel Monitor (34WR50QC- (3440 x 1440 ...,31899.0,86.36,3440x1440,21:09,5.0,"34WR50QC- (3440 x 1440 Pixels), 1800R Curved, sRGB 99%, HDR 10, HDMI, DP",100.0,382.79,Unknown
"Dyanora 68.58 cm (27 inch) Full HD VA Panel Anti-Glare Screen with Ultra Slim Bezel-Less Design, Free ...",8999.0,68.58,1920x1080,0.672916667,5.0,DY-MN27F0N,75.0,107.99,Unknown
FINGERS Satin 60.45 cm (23.8 inch) Full HD LED Backlit VA Panel Monitor (The Big Picture),7999.0,60.45,1920x1080,0.6729166666666666,20.0,The Big Picture,100.0,95.99,Unknown
"HP 55.88 cm (22 inch) Full HD LED Backlit VA Panel with On-screen controls, Anti-glare, Low blue light...",8260.0,55.88,1920x1080,,5.0,V22v G5,75.0,99.12,Unknown
Lenovo 60.45 cm (23.8 inch) Full HD VA Panel 3-Side Near Edgeless with TUV Eye Care Monitor (D24-20/D2...,6599.0,60.45,,,4.0,D24-20/D24-40,75.0,79.19,Unknown
Frontech - 43.18 cm (17 inch) HD LED Backlit VA Panel Monitor (MON-0065),2469.0,43.18,1280x1024,5:04,5.0,MON-0065,60.0,29.63,Unknown
"HP Series 5 68.58 cm (27 inch) Full HD LED Backlit IPS Panel with On-screen controls, Anti-glare, 300 ...",16390.0,68.58,1920x1080,,5.0,527sh,100.0,196.68,Unknown
"LG UltraGear 68.58 cm (27 inch) WQHD LED Backlit IPS Panel with HDMI & DP Ports, Height Adjustable Sta...",32999.0,68.58,2560x1440,16:09,1.0,27GL850,144.0,395.99,Unknown
"DELL S Series 60.45 cm (23.8 inch) Full HD IPS Panel with 3-Years warranty, 99% sRGB, Low Blue Light t...",9799.0,60.45,1920x1080,16:09,4.0,S2421HNM / S2421HN,75.0,117.59,Unknown
"ZEBRONICS 68.58 cm (27 inch) Full HD IPS Panel with 300 Nits Brightness, HDR10, 99% sRGB 1 x DP, 1 x H...",11799.0,68.58,1920x1080,16:09,1.0,"ZEB-IGM 102,ZEB-N27A",180.0,141.59,Unknown
Data not available,,60.45,,,5.0,nan,,,Unknown
Data not available,,60.45,,,5.0,nan,,,Unknown
Data not available,,60.45,,,5.0,nan,,,Unknown
Data not available,,60.45,,,5.0,nan,,,Unknown
