Title,Price,Screen Size,Maximum Resolution,Aspect Ratio,Refresh Rate,Response Time,Brand,Model,Collection Date
49 Inch Curved Monitor 120HZ Computer Screen LCD Monito r 5K,$360.75/ea,38 in,N/A,21:9,144 Hz,1 ms,sarpory,N/A,2025-01-30 19:30:29
Rehisk 24Inch 180Hz Full HD 1080P Gaming Monitor,US $79.99,N/A,N/A,N/A,N/A,N/A,N/A,N/A,2025-01-30 19:30:13
Samsung Curved LED Monitor C24F390FHN CF390 Series 24 inch - LC24F390FHNXZA,$79.99/ea,24 in,N/A,16:9,60 Hz,4 ms,Samsung,CF390,2025-01-30 19:30:33
"Dell UP2716D 27"" IPS LCD Monitor UltraSharp QHD 2560 x 1440 HDMI w/Stand Cables",$109.88,27 in,N/A,16:9,60 Hz,6 ms,Dell,UP2716D,2025-01-30 19:30:17
"Dual HP DELL LG Monitor 19"" 22"" 23"" 24"" Inch FHD LCD Widescreen Monitor w/Cable",US $49.99,N/A,N/A,N/A,N/A,N/A,N/A,N/A,2025-01-30 19:30:10
"HP EliteDisplay E231 23"" inch 1920 x 1080 Monitor DVI VGA DP-",EUR 37.90,N/A,N/A,N/A,N/A,N/A,N/A,N/A,2025-01-30 19:30:18
"MSI G274QPF 27"" WQHD Flat Rapid IPS Gaming Monitor, 170Hz/1ms HDR400",$129.99,"27"" inches",N/A,16:9,170 Hz,1 ms (GTG),MSI,N/A,2025-01-30 19:30:18
Rehisk 24Inch 180Hz 1ms Response Time Full HD 1080P Gaming Monitor,$89.99,N/A,N/A,N/A,180 Hz,1 ms,Bolt Buy,Rehisk,2025-01-30 19:30:30
Dell Monitor 22” U2211Ht FHD 1920x1080 Widescreen VGA DVI DisplayPort NO STAND,$24.74,22 in,N/A,16:9,60 Hz,5 ms,Dell,U2211Ht,2025-01-30 19:30:06
HP E24i G4 24 inch IPS LED WUXGA Monitor - Black,$62.53,N/A,N/A,N/A,N/A,N/A,N/A,N/A,2025-01-30 19:30:42
LG 32MR50C 31.5IN FULL HD CURVED LCD MONITOR,$112.30,32&quot;,N/A,N/A,N/A,N/A,LG,N/A,2025-01-30 19:30:09
"Laptop Screen Extender 15.6"" FHD 1080P IPS Triple Portable Monitor Secondhand",US $219.99,N/A,N/A,N/A,N/A,N/A,N/A,N/A,2025-01-30 19:30:46
Acer V203H A 20’ Widescreen LCD Monitor *Tested* *Power and VGA Cables Included*,$14.99,20 in,N/A,16:9,60 Hz,N/A,Acer,Acer V203H A,2025-01-30 19:30:10
SANSUI ES-24x3A 24 inch FHD 1080p 100HZ  IPS Display Computer Monitor &Speakers,$64.99,24 in,N/A,16:9,100 Hz,5 ms,Sansui,ES-24x3A,2025-01-30 19:30:25
"HP 27H G4 27"" IPS FHD 60Hz Monitor 5ms Height/Tilt, VGA, HDMI & DisplayPort",$88.00,27 in,N/A,16:9,60 Hz,5 ms,HP,27H G4,2025-01-30 19:30:27
"HP EliteDisplay E223 21.5"" IPS Full HD Monitor 1080p Anti-Glare New Open Box",$71.99,"21.5""",N/A,N/A,N/A,N/A,HP,EliteDisplay E223,2025-01-30 19:30:10
"HP 27H G4 27"" IPS FHD 60Hz Monitor 5ms Height/Tilt, VGA, HDMI & DisplayPort",$88.00,27 in,N/A,16:9,60 Hz,5 ms,HP,27H G4,2025-01-30 19:30:20
"11.6"" Triple Laptop Monitor Extender 1080P FHD IPS 60Hz Screen Panel Secondhand",US $139.99,N/A,N/A,N/A,N/A,N/A,N/A,N/A,2025-01-30 19:30:46
"MSI 27"" Gaming Monitor 1ms 170Hz (2560x1440) QHD Rapid IPS G-Sync HDR",$130.79,27 in,N/A,16:09,170 Hz,1 ms,MSI,G274QPF,2025-01-30 19:30:40
"GOOG Dual HP DELL LG Monitor 19"" 22"" 23"" 24""  FHD LCD Widescreen Monitor w/Cable",$35.99/ea,19/22/23/24,N/A,16:9,N/A,N/A,Dell/HP and more,N/A,2025-01-30 19:30:35
Computer Monitor 22 Inch FHD 1080P Thin LED Monitor Built-in Speaker Eye Care,$57.99/ea,22 in,N/A,N/A,N/A,5 ms,Unbranded,LED-22,2025-01-30 19:30:34
Acer V203H A 20’ Widescreen LCD Monitor *Tested* *Power and VGA Cables Included*,$14.99,20 in,N/A,16:9,60 Hz,N/A,Acer,Acer V203H A,2025-01-30 19:30:06
"LG 27"" inch UltraGear Widescreen Full HD Computer Monitor AMD Freesync 165hz 1ms",US $75.05/ea,27 in,N/A,16:9,165 Hz,1 ms,LG,UltraGear,2025-01-30 19:30:13
Portable Dual Monitor Screen Tri-Screen Extender Workstation for 13-17.3''Laptop,$254.25,11.6 in,N/A,16:9,60 Hz,8 ms,GTMEDIA,Mate X,2025-01-30 19:30:20
Sceptre C25 curved Gaming monitor,$100.00,24 in,N/A,N/A,240 Hz,N/A,Sceptre,N/A,2025-01-30 19:30:36
"Viotek 22"" LED Monitor GFV22CB, 1080P 5ms, 144Hz, G-Sync-Compatible FreeSync",$74.98,22 in,N/A,16:9,144 Hz,5 ms,VIOTEK,GFV22CB,2025-01-30 19:30:24
C24F390FHN Samsung CF390 Series 24 inch Curved LED Monitor- LC24F390FHNXZA,$64.99,24 in,N/A,16:9,60 Hz,4 ms,Samsung,CF390,2025-01-30 19:30:24
"DUAL PAIR TWO DELL 22"" Matching LCD LED FULL HD Monitors Gaming cable 2 Grade A",$99.88,22 in,N/A,16:9,60 Hz,N/A,Dell,Models Vary,2025-01-30 19:30:37
"Viotek 32"" Curved Gaming Monitor 144Hz 4ms 2560 x 1440p 3XHDMI, DP, Audio Out",$148.99,32 in,N/A,16:9,144 Hz,4 ms,VIOTEK,GNV32DB,2025-01-30 19:30:21
"HP EliteDisplay E243m 23.8-Inch LED-Lit Monitor Black/Silver Used, Grade B",$85.00,23.8 in,N/A,16:9,60 Hz,5 ms,HP,E243M,2025-01-30 19:30:35
"HP Elite Display S140U 14"" HD 1366x768 Portable Monitor 2015/2016/2017- B-",$23.90/ea,14 in,N/A,N/A,N/A,N/A,HP,HP Elite S140U,2025-01-30 19:30:27
"Dell UltraSharp U2412M 24"" Widescreen IPS LED Monitor FHD 1920x1200 USB GRADE C",$59.99,24 in,N/A,16:10,60 Hz,8 ms,Dell,"U2412M, U2412MB",2025-01-30 19:30:40
"Dell P2719H 27"" Widescreen 1920x1080 IPS Backlit LED LCD Monitor ONLY - Grade B",$114.99,27 in,N/A,16:9,60 Hz,8 ms,Dell,P2719H,2025-01-30 19:30:30
"10.1"" LCD Home Security Monitor TV & Computer Display Screen 2CH w/ Speaker VGA",$69.99,10.1 in,N/A,16:9,N/A,N/A,iPoster,IP-1010PCM,2025-01-30 19:30:41
Gaming moniter,$105.84,21.45,N/A,N/A,75 Hz,1 ms,Xiaomi,Acer Nitro VG270,2025-01-30 19:30:24
"Lenovo 23"" IPS LED HD Monitor",$78.99,23 in,N/A,16:9,60 Hz,7 ms,Lenovo,LI2323swA,2025-01-30 19:30:23
"HP 27WM 27"" LED Backlit IPS Monitor 1920x1080 HD Grade B DVI-D HDMI no stand",US $65.00,N/A,N/A,N/A,N/A,N/A,N/A,N/A,2025-01-30 19:30:14
"Dell UltraSharp U2415 24"" FHD LED Monitor 1900 x 1200 HDMI DP miniDP - *Grade B*",$79.99,24 in,N/A,16:10,60 Hz,8 ms,Dell,Dell U2415,2025-01-30 19:30:42
"Dell UltraSharp U2412M 24"" Widescreen IPS LED Monitor FHD 1920x1200 USB GRADE A",US $89.99,N/A,N/A,N/A,N/A,N/A,N/A,N/A,2025-01-30 19:30:26
LOT OF 2! Planar PL2210W 1920x1080 LCD Monitor - Grade A - NO STANDS - LOT OF 2!,$54.00/ea,22 in,N/A,16:9,75 Hz,N/A,Planar,PL2210W,2025-01-30 19:30:22
"Dell E2215HV f 22"" Widescreen 1920x1080 Full HD LED Monitor w/ Cables",$49.99,22 in,N/A,16:9,60Hz,5ms,Dell,E2215HVf,2025-01-30 19:30:37
PHILIPS 22 Inch Class Thin Full HD 1080p 75Hz Monitor 221V8LN Free Shipping,$52.89/ea,Does not apply,N/A,N/A,75 Hz,N/A,Philips,N/A,2025-01-30 19:30:34
HP ProDisplay P222va 21.5'' FHD LED Backlit Monitor 1920 x1080 + Power Supply,$23.66,21.5 in,N/A,16:9,60 Hz,8 ms,HP,P222VA,2025-01-30 19:30:23
"Acer G236HL 23-Inch LED-Lit Monitor High-Definition 1920 x 1080-Tested, Working",$26.99,23 in,N/A,N/A,N/A,N/A,Acer,N/A,2025-01-30 19:30:31
"Packard Bell 21 Inch Computer Monitor 1920 x 1080, VESA Mountable, Office/Home",US $59.99/ea,N/A,N/A,N/A,N/A,N/A,N/A,N/A,2025-01-30 19:30:35
"Dell UltraSharp 19"" LCD Monitor WITH POWER CORD",$40.00,19 in,N/A,5:4,75 Hz,5 ms,Dell,N/A,2025-01-30 19:30:16
"Dell S2721H 27-inch Full HD 1920 x 1080p, 75Hz IPS LED LCD Thin Bezel Adjustable",$150.00,27 in,N/A,N/A,N/A,N/A,Dell,N/A,2025-01-30 19:30:35
"Gaming Monitor 24 inch, 180Hz, 1Ms, AMD Freesync, Full HD (1920 X 1080)",$312.53,N/A,N/A,N/A,N/A,N/A,Does not apply,N/A,2025-01-30 19:30:18
"HP Series 5 527sh 27"" FHD Height Adjust Monitor 100Hz 5ms GtG Edge-lit HDMI VGA",$111.00,27 in,N/A,16:9,100 Hz,5 ms,HP,Series 5 527sh,2025-01-30 19:30:15
Durable 7'' Touch Screen Display Case HDMI HD Monitor Stand For Raspberry Pi,$15.59/ea,7 in,N/A,N/A,N/A,N/A,Unbranded,N/A,2025-01-30 19:30:36
"Used | UPERFECT 18.5"" 100Hz Portable Monitor Laptop Monitor USB C Gaming Display",$69.99,18.5 in,N/A,16:9,100 Hz,1 ms,UPERFECT,185T04,2025-01-30 19:30:24
"MSI PRO MP243XW 24"" FHD Business Flat IPS Monitor 100Hz/1ms Build-in Speaker",$67.99/ea,"23.8"" inches",N/A,16:9,N/A,1 ms (MPRT),MSI,N/A,2025-01-30 19:30:08
"Lenovo 61A9MAR1US LCD Monitor - ThinkVision T22i 10 21.5"" Full HD LED 16:9",$75.00,21.5 IN,N/A,N/A,N/A,N/A,Lenovo,N/A,2025-01-30 19:30:37
Laptop Screen Extender - 14'' Portable Monitor Plug & Play IPS Panel Secondhand,US $149.99,N/A,N/A,N/A,N/A,N/A,N/A,N/A,2025-01-30 19:30:07
Dell E2316Hf 23” FHD 1920x1080 LED LCD Monitor DP VGA 16:9 60Hz *GRADE B*,$69.99,23 in,N/A,16:9,60 Hz,5 ms,Dell,N/A,2025-01-30 19:30:11
Samsung Monitor (U28R550UQN) 28 inch UHD,$179.00,28 in,N/A,16:9,60 Hz,4 ms,Samsung,LU28R550UQNXZA,2025-01-30 19:30:12
LG Flatron E2411PU-BN 24-Inch 1920x1080 Widescreen Monitor Black,$39.50,N/A,N/A,N/A,N/A,N/A,N/A,N/A,2025-01-30 19:30:28
"Dell UltraSharp 2208WFPT 22"" Wide Screen LCD Monitor w/Stand",$30.00,22 in,N/A,N/A,60 Hz,N/A,Dell,2208WFPT,2025-01-30 19:30:06
"Dell U2412M 24"" Widescreen Monitor 1920x1200 DisplayPort DVI VGA NO STAND",US $49.99/ea,N/A,N/A,N/A,N/A,N/A,N/A,N/A,2025-01-30 19:30:12
"UPERFECT 2K 144HZ Portable Monitor, 16.0'' QHD IPS 2560*1440 USB C HDMI Monitor",$71.99,16 in,N/A,16:10,144 Hz,3 ms,UPERFECT,UP160T03,2025-01-30 19:30:15
"Dell P2418HT 24"" Touch Widescreen 1920x1080 16:9 IPS Backlit LED Monitor Grade A",$279.99,24 in,N/A,16:9,60 Hz,6 ms,Dell,P2418HT,2025-01-30 19:30:42
"Dell UltraSharp 20 inch LCD Monitor with Power cable and VGA cable Grade A+ 20""",$45.00,22 in,N/A,5:4,75 Hz,5 ms,Dell,P2016,2025-01-30 19:30:22
Name Brand 17in LCD Monitor for Desktop Computer PC (Grade A) - Lot(s) Available,US $36.56,N/A,N/A,N/A,N/A,N/A,N/A,N/A,2025-01-30 19:30:13
"HP VH22 22"" Widescreen Full HD 1920x1080 16:9 LED LCD Monitor VGA DVI DP Grade B",$59.99,21.5 in,N/A,16:9,N/A,5 ms,HP,N/A,2025-01-30 19:30:35
"KYY Portable Monitor 15.6inch 1080P FHD USB-C, HDMI Computer Display",$44.95,15.6 in,N/A,N/A,N/A,N/A,KYY,N/A,2025-01-30 19:30:19
"Dell P2422H 24"" FHD 1920x1080 DP HDMI Slim Bezel LED LCD Monitor *GRADE B*",$99.99,24 in,N/A,16:9,60 Hz,8 ms,Dell,Dell P2422H,2025-01-30 19:30:07
Westinghouse Computer Monitor 32-inch 4K 60Hz Monitor Ultra HD (UHD),$179.99/ea,32 in,N/A,N/A,60 Hz,N/A,Westinghouse,N/A,2025-01-30 19:30:09
Two Dell Monitors,US $60.00,N/A,N/A,N/A,N/A,N/A,N/A,N/A,2025-01-30 19:30:32
New Monitor 24 inch 100Hz IPS 1080P Computer Monitor HDMI VGA HDR Tilt VESA,$62.99,24 in,N/A,16:9,100 Hz,N/A,N/A,N/A,2025-01-30 19:30:36
12'' Laptop Monitor Extender Plug & Play IPS Display w/Smart Cover & Speakers,$49.99,12.3in,N/A,4:3,80 Hz,N/A,Maxfree,P1S,2025-01-30 19:30:25
"Dell Professional P2017H 20"" HD IPS LED Monitor 1600x900 USB 3.0 HUB HDMI DP VGA",$59.99,20 in,N/A,16:9,60 Hz,6 ms,Dell,P2017H,2025-01-30 19:30:05
"HP 23.8"" FHD (1080p) EliteDisplay IPS Monitor (E24G4)",$109.99,23.8 in,N/A,16:9,60 Hz,N/A,HP,HP EliteDisplay E24 G4,2025-01-30 19:30:31
"ASUS VG249Q3R TUF Gaming 23.8"" Full HD (1920 x 1080) 180Hz Gaming Monitor",US $59.99,N/A,N/A,N/A,N/A,N/A,N/A,N/A,2025-01-30 19:30:33
"ASUS ZenScreen Fold OLED MQ17QH 17.3"" QHD HDR Portable Monitor","US $2,149.00",N/A,N/A,N/A,N/A,N/A,N/A,N/A,2025-01-30 19:30:06
"Samsung T35F Series 24"" IPS LED FHD FreeSync 75Hz (LF24T350FHLXZP)",$69.99,24 in,N/A,N/A,75 Hz,N/A,Samsung,N/A,2025-01-30 19:30:26
Dell Ultrasharp Thunderbolt Hub 27 inch Monitor U2724DE New 2024 With Stand,$368.78,27 in,N/A,N/A,120 Hz,N/A,Dell,Dell U2724DE,2025-01-30 19:30:45
"Dell P2715Q 27"" IPS LCD 4K 3840 x 2160 Ultra HD Monitor w/Stand | M829",$75.00,27 in,N/A,N/A,N/A,N/A,Dell,P2715Q,2025-01-30 19:30:30
"Dell S2723HC 27"" USB-C Monitor 4 ms FHD LCD 75Hz AMD FreeSync",$142.47,27 in,N/A,16:9,75 Hz,4 ms,Dell,S2723HC,2025-01-30 19:30:22
"HP EliteDisplay E243 24"" Widescreen HDMI LED Monitor 1920 x 1080 Grade B +Cables",$74.99,24 in,N/A,16:9,60 Hz,5 ms,HP,E243,2025-01-30 19:30:09
ASUS VE247H LCD Monitor - Black,$45.08,23.6 in,N/A,N/A,N/A,N/A,ASUS,VE247H,2025-01-30 19:30:30
"*Dell UltraSharp U2419H 24"" LCD Monitor 1920 x 1080",$44.90,"23.8""",N/A,N/A,N/A,N/A,DELL,N/A,2025-01-30 19:30:38
Cooler Master Tempest GP2711 27 2K 165Hz Mini LED PC Gaming Monitor,US $145.99,N/A,N/A,N/A,N/A,N/A,N/A,N/A,2025-01-30 19:30:38
DELL SE2723DS 27in 75Hz MONITOR - SCRATCHED,$76.30,27&quot;,N/A,N/A,N/A,N/A,Dell,N/A,2025-01-30 19:30:28
"NEW Dell S2722QC 27"" inch 4K USB-C Monitor UHD (3840 x 2160) Computer Display",$214.99/ea,27 in,N/A,N/A,60 Hz,N/A,Dell,N/A,2025-01-30 19:30:05
asus monitor 24' type  vx248,$83.37,N/A,N/A,N/A,N/A,N/A,N/A,N/A,2025-01-30 19:30:39
"Raspberry Pi Display, Elerow 10.1-Inch Portable Monitor 1920X1080p Resolution",$93.78,N/A,N/A,N/A,N/A,N/A,N/A,N/A,2025-01-30 19:30:15
"Dell UltraSharp 27"" 4K USB-C Hub Monitor - SILVER",$407.53,27 in,N/A,16:9,60 Hz,8 ms,Dell,Dell UltraSharp U2723QE,2025-01-30 19:30:17
"MSI 25"" 300 Hz Rapid IPS FHD Monitor 0.5ms Adaptive Sync 1920 x 1080 MAG 255XF",US $142.99,N/A,N/A,N/A,N/A,N/A,N/A,N/A,2025-01-30 19:30:42
HMTECH 7 Inch Raspberry Pi 640X480 HDMI Portable Monitor IPS LCD,$20.24,7 in,N/A,16:9,60 Hz,N/A,HMTECH,N/A,2025-01-30 19:30:16
"Lenovo ThinkVision T23i-20 23"" Widescreen 1920x1080 LED IPS Monitor - Grade B",$79.99,23 in,N/A,16:9,60 Hz,6 ms,Dell,Lenovo ThinkVision T23i-20,2025-01-30 19:30:38
"ASUS BE24ECQK 23.8"" FHD IPS LED Monitor",$55.00/ea,23.8 in,N/A,16:9,60 Hz,5 ms,ASUS,ASUS BE24EQK,2025-01-30 19:30:41
"Asus VS248 24"" 1920x1080 60Hz LED Monitor DVI VGA HDMI no STAND",$25.00,24 in,N/A,16:9,60 Hz,2 ms,ASUS,VS248,2025-01-30 19:30:34
"UPERFECT 18.0"" 144Hz 2560*1600 IPS LCD Monitor 2K HDR 2*USB C HDMI Input Speaker",$109.99,18 in,N/A,16:10,144 Hz,3 ms,UPERFECT,UGame K118,2025-01-30 19:30:16
Portable Monitor 16'' 2K QHD HDMI USB C 120HZ Display Screen for Laptop PS4 Used,US $71.99/ea,N/A,N/A,N/A,N/A,N/A,N/A,N/A,2025-01-30 19:30:10
Gateway FHX2153L 21.5” FHD 1920x1080 LED LCD Monitor DVI VGA 60Hz *GRADE B*,$59.99,21.5 in,N/A,N/A,60 Hz,5 ms,Gateway,FHX2153L,2025-01-30 19:30:23
"Lenovo ThinkVision T24v-20  24"" LCD Monitor 1920 x 1080 Webcam w/ Stand + Cables",$64.99/ea,23.8 in,N/A,16:9,N/A,6 ms,Lenovo,T24v-20,2025-01-30 19:30:14
"Dell P2715Qt 27"" Ultra HD 4K IPS LED LCD Monitor 16:9 HDMI mDP VGA75 Hz -GRADE A",$169.99,27 in,N/A,16:9,75 Hz,6,Dell,P2715qt,2025-01-30 19:30:38
Hanns.G HL198DPB,$52.11,N/A,N/A,N/A,N/A,N/A,N/A,N/A,2025-01-30 19:30:15
"GoldFinger LED Touch Screen Monitor 22"" GF-22H22A81, 1920X1080@60Hz 16:9 ratio",$249.99,22 in,N/A,16:9,60 Hz,N/A,Gold Finger,GF-22H22A81,2025-01-30 19:30:39
"CRACKED BUT WORKS -- Lenovo G27c-10 27"" FHD Curved Gaming Monitor",$7.00,27 in,N/A,16:9,165 Hz,1 ms,Lenovo,G27c-10,2025-01-30 19:30:39
ONN 22 inch Computer Full HD LED Monitor HDMI and VGA,$49.95,22 in,N/A,16:9,60 Hz,6.5 ms,ONN,100002480,2025-01-30 19:30:16
"18.5"" Portable Monitor 1920*1080 100HZ USB C Gaming Monitor 100% sRGB VESA Used",$61.99,18.5 in,N/A,16:9,100 Hz,3 ms,EVICIV,EV185T04,2025-01-30 19:30:43
"Acer XFA240 bmjdpr 24"" Gaming G-SYNC Compatible Monitor 1920 x 1080 144hz",$44.95,24 in,N/A,16:9,144 Hz,1 ms,Acer,N/A,2025-01-30 19:30:21
"NEW Orion Images 24RPCS LED Monitor Series 24"" LED - Backlit Monitor",$120.00,24 in,N/A,N/A,75 Hz,5 ms,Orion,N/A,2025-01-30 19:30:43
Lenovo ThinkVision 17” LCD Adjustable Swivel monitor,$28.99,17 in,N/A,16:9,76 Hz,8 ms,Lenovo,9417-HB2),2025-01-30 19:30:43
"Acer ED320Q - 31.5"" LED Monitor FullHD 1920 x 1080 VA 165Hz 1ms VRB 300Nit HDMI",$150.00,"31.5""",N/A,16:9,165 Hz,1 ms VRB,Acer,ED320Q Xbmiipx,2025-01-30 19:30:43
"UStation Max 18.5"" Stacked Monitor Laptop Dual Screen Folding Display 1080P Used",$369.00,18.5 in,N/A,16:9,100 Hz,5 ms,EVICIV,UStation Max,2025-01-30 19:30:15
Used | Portable Monitor 18inch 144Hz 2560*1600 IPS Laptop USB C HDMI HDR Monitor,$99.99,18 in,N/A,16:10,144 Hz,3 ms,UPERFECT,J0205M180HWL,2025-01-30 19:30:26
"Acer V176L, LCD Computer Monitor, 17"" Screen - USED",$9.99,17 in,N/A,N/A,N/A,N/A,Acer,N/A,2025-01-30 19:30:41
"LG 27BP55U-B 27"" 4K UHD IPS 60Hz 5ms Desktop Monitor Black Silver",$180.00,27 in,N/A,N/A,N/A,N/A,LG Electronics,N/A,2025-01-30 19:30:29
"UPERFECT 15.6"" 1920x1080 HDR USB C HDMI Portable Laptop Monitor Gaming Screen",$69.99,15.6 in,N/A,16:9,60 Hz,3 ms,UPERFECT,156J03,2025-01-30 19:30:23
"19"" 48cm OPENFRAME NOVOMATIC TOUCHSCREEN MONITOR PUBLIC USE WIN 7 10 11",$156.32,N/A,N/A,N/A,N/A,N/A,N/A,N/A,2025-01-30 19:30:19
Dell SE2722HX 27 Inch 1080P Full HD Screen AMD FreeSync Portable Monitor,$109.00,27 in,N/A,N/A,N/A,N/A,Dell,Dell SE2722HX,2025-01-30 19:30:46
Motherboard LG 27UP850,$57.32,N/A,N/A,N/A,N/A,N/A,N/A,27up850,2025-01-30 19:30:15
"INNOCN 29C1F-D 29"" Ultrawide Monitor USB Type C 21:9 IPS Display WFHD 2560x1080p",$80.00,Does not apply,N/A,21:9,N/A,N/A,INNOCN,N/A,2025-01-30 19:30:13
"Acer SA242Y SA2 Series 23.8"" LCD Monitor Full HD 1920x1080 IPS 100Hz Ultra thin™",$88.48,23.8 in,N/A,N/A,100 Hz,N/A,Acer,N/A,2025-01-30 19:30:09
"HP E223 MONITOR 1920x1080, HDMI, DisplayPort, VGA, USB Hub, VESA Mountable",$56.08,21.5 in,N/A,N/A,N/A,N/A,HP,N/A,2025-01-30 19:30:10
"HP M24F (Black) FHD Monitor 23.8"" IPS Display AMD FreeSync 5ms VGA HDMI 75 Hz",$102.00,23.8 in,N/A,16:9,75 Hz,5 ms,HP,M24fe,2025-01-30 19:30:13
"Used 18.5"" 120Hz Touchscreen Portable Monitor 1080P For Xbox PS Gaming Switch",$116.33,18.5 in,N/A,16:9,120 Hz,3 ms,UPERFECT,USteam E6 Pro,2025-01-30 19:30:21
Lenovo D27-40 27-inch VA FHD 75Hz Monitor,$85.00/ea,27 in,N/A,16:9,75 Hz,4 ms,Lenovo,Lenovo D27-40,2025-01-30 19:30:37
"MSI 24"" 180Hz Rapid IPS FHD Gaming Monitor 1920 x 1080 G244PF E2",$112.49,24 in,N/A,16:9,180 Hz,1 ms,MSI,G244PF E2,2025-01-30 19:30:11
"DELL P2011HT 20"" Flat Panel LCD Monitor Widescreen 16:9 VGA DVI NO STAND",$29.99,20 in,N/A,16:9,N/A,N/A,Dell,P2011HT,2025-01-30 19:30:35
US - Portable Monitor 7 inch LCD Display Screen with AV VGA HDMI Input for PC,$38.49,7 in,N/A,16:9,75 Hz,6 ms,Unbranded/Generic,M701CH,2025-01-30 19:30:32
Dell G2724D Gaming Monitor 27-Inch QHD (2560x1440) 165Hz 1ms FAST IPS Display,$239.95,27 in,N/A,16:9,165 Hz,1 ms,Dell,Dell G2724D,2025-01-30 19:30:19
"Dell 2009Wt 2009W 20"" 1680x1050 Widescreen LCD Monitor DVI-D VGA USB NO STAND",$31.99/ea,20 in,N/A,16:10,60 Hz,5 ms,Dell,Dell 2009wt,2025-01-30 19:30:42
"Acer SA241Y 23.8"" LCD Monitor FullHD 1920x1080 IPS 75Hz 1ms VRB 250Nit™",$64.49,23.8 in,N/A,16:9,75 Hz,1 ms,Acer,SA241Y,2025-01-30 19:30:11
HP 19 MONITOR,$36.47,N/A,N/A,N/A,N/A,N/A,N/A,N/A,2025-01-30 19:30:44
120Hz Gaming Monitor 2K Portable Monitor Mini HDMI Type C VESA For PC Laptop,$89.99,15.6 in,N/A,16:9,120 Hz,3 ms,UPERFECT,M156E10,2025-01-30 19:30:21
"HP EliteDisplay E231 23"" Widescreen FHD LED Monitor 1920x1080 NO STAND",$14.99,23 in,N/A,16:9,60 Hz,8 ms,HP,E231,2025-01-30 19:30:27
"Dell P2219H 22"" FHD IPS LED UltraThin Bezel Monitor 1080p USB 3.0 HDMI DP VGA",$79.99,22 in,N/A,16:9 (Widescreen),60Hz,5 ms,Dell,"P2219H, P2219Hb",2025-01-30 19:30:33
LG 27QN880 27 IN QHD IPS HDR MONITOR WITH ERGO STAND- SCRATCHED,US $161.50,N/A,N/A,N/A,N/A,N/A,N/A,N/A,2025-01-30 19:30:07
"8.8 Inch IPS USB-C Secondary Screen for PC Monitoring - CPU GPU RAM Display, No",$130.73,Does not apply,N/A,N/A,N/A,N/A,SHCHV,N/A,2025-01-30 19:30:46
"Dell E2016HV VESA Mountable 20"" Screen LED-Lit Monitor - Black",$44.99/ea,20 in,N/A,N/A,N/A,5 ms,Dell,N/A,2025-01-30 19:30:37
"BenQ MOBIUZ EX2710S 27"" 165Hz IPS Gaming Monitor 1ms  HDRi Dual 2.5W spkrs HDMI",$128.00,27 in,N/A,16:9,165 Hz,2 ms,BenQ,EX2710S,2025-01-30 19:30:12
Viewsonic VA2248M-LED 22” Full HD 1080P WLED IPS Monitor VGA DVI - GRADE A,$49.99,22 in,N/A,16:9 Aspect Ratio,75Hz,5ms,ViewSonic,VG2448,2025-01-30 19:30:40
"Onn 21.5"" LED Monitor 1080p w/ HDMI & VGA input 60hz Refresh (100002480) ™",US $59.46/ea,22 in,N/A,16:9,60 Hz,N/A,ONN,N/A,2025-01-30 19:30:33
"ASUS TUF Gaming 23.8” 1080P Curved Gaming Monitor (VG24VQ1BY) - Full HD, 165Hz (",$96.99,23.8 in,N/A,16:9,165 Hz,1 ms,ASUS,TUF Gaming VG24VQ1BY,2025-01-30 19:30:12
"LG Model 23CAV42KL 23"" Cloud V Series Widescreen Flat Panel LED Monitor New #95",$49.20,23 in,N/A,16:9,N/A,N/A,LG,LG 23CAV42KL,2025-01-30 19:30:45
Dell UP2414Qt,$35.99,24 in,N/A,N/A,N/A,N/A,Dell,N/A,2025-01-30 19:30:31
7'' inch Touch Screen For Raspberry Pi 5 4 3 1024x600 HDMI LCD Display Monitor,$47.50/ea,7 in,N/A,16:9,60 Hz,3 ms,Unbranded,Raspberry Pi Touch Screen 7,2025-01-30 19:30:12
"LG 27GP850-B 27"" UltraGear QHD Nano IPS Gaming Monitor + AMD FreeSync - Open Box",US $225.00,27 in,N/A,16:9,165 Hz,1 ms,LG,LG UltraGear 27GP850-B,2025-01-30 19:30:29
ViewSonic TD2230 22 inch IPS LED Monitor BRAND NEW FACTORY SEALED TD2230,$209.99,22 in,N/A,16:9,60 Hz,5 ms,ViewSonic,TD2230,2025-01-30 19:30:07
"Dual HP DELL Monitor 19"" 22"" 23"" 24"" FHD LCD Widescreen Monitor w/ cables",$44.88,23 in,N/A,16:9 Aspect Ratio,60 Hz,N/A,Unbranded,N/A,2025-01-30 19:30:41
HMTECH 7 Inch Raspberry Pi Screen 640x480 Portable Monitor HDMI Display W/ Stand,$19.50,7 in,N/A,N/A,N/A,N/A,HMTECH,N/A,2025-01-30 19:30:32
"FlipGo Lite 15.6"" IPS Dual Stacked Portable Monitor, 1080P FHD Laptop Screen",$259.99,15.6 in,N/A,N/A,60 Hz,N/A,JSAUX,N/A,2025-01-30 19:30:02
"14"" 3:2 2K 1440P Gaming IPS HDR Screen Monitor Portable Screen w/HDMI USB-C Used",$53.99,14 in,N/A,3:2,60HZ,30ms,Uperfect,UP140J03,2025-01-30 19:30:40
"Major Brand 22"" LCD Widescreen Monitors Gaming Office Cables Stand Grade A",$58.99,22 in,N/A,16:9,60 Hz,N/A,Dell/HP/Samsung/Acer..etc,N/A,2025-01-30 19:30:11
"CRUA PC Gaming Monitor 24-Inch 165Hz Full HD (1920 x 1080), Frameless",$114.62,N/A,N/A,N/A,N/A,N/A,N/A,N/A,2025-01-30 19:30:29
Dell P2214H 22 inch LED Widescreen Monitor 1920x1080 VGA DVI Displayport,$59.99,22 in,N/A,16:9,60 Hz,8 ms,Dell,P2214H,2025-01-30 19:30:29
"Dell S3422DW 34 inch 3440 x 1440 Pixels Wide Quad HD LCD, 0DELL-S3422DW",US $229.00,N/A,N/A,N/A,N/A,N/A,N/A,N/A,2025-01-30 19:30:07
"Large brand 22"" LCD Monitor Full HD 1080p Office Business w/Stand HDMI",$19.98/ea,22 in,N/A,16:9,60 Hz,N/A,Dell/HP,N/A,2025-01-30 19:30:15
"Dell S2721H 27-inch Full HD 1920 x 1080p, 75Hz IPS LED LCD Thin Bezel Adjustable",$130.00,27 in,N/A,N/A,N/A,N/A,Dell,N/A,2025-01-30 19:30:11
"Touch Buttons 7"" inch LCD Monitor HD Display Screen w/ Speaker HDMI/AV/VGA Input",$58.37,7 in,N/A,"16:9,4:3,Auto",N/A,8 ms,iPoster,N/A,2025-01-30 19:30:31
DELL SE2723DS IPS 27IN LCD MONITOR,$89.50,27&quot;,N/A,N/A,N/A,N/A,Dell,N/A,2025-01-30 19:30:44
"Portable Monitor 15.6"" 100% sRGB HDR IPS FHD USB-C Laptop HDMI Computer B",US $45.88/ea,N/A,N/A,N/A,N/A,N/A,N/A,N/A,2025-01-30 19:30:22
"Dell P3421W 34.14"" WQHD IPS LED Curved USB-C Monitor - 299PJ",$499.00,34.1 in,N/A,21:9,60 Hz,8 ms,Dell,Dell P3421W,2025-01-30 19:30:40
UPERFECT 22 Inch 2K Gaming Monitor Larger Screen with Stand &VESA Wall Mountable,$299.99,22 in,N/A,16:9,60 Hz,3 ms,UPERFECT,UMax 22,2025-01-30 19:30:27
"Dell P2217H 22"" Full HD LED IPS Monitor HDMI DP VGA Grade B Scratched LCD Panel",$49.99,21.5 in,N/A,16:9,60 Hz,N/A,Dell,P2217H,2025-01-30 19:30:31
"19"" 48cm OPENFRAME ELO 3M SCN-SC-FLT19.0-002-004 WIN 7 10 11 TOUCHSCREEN MONITOR",$156.32,N/A,N/A,N/A,N/A,N/A,N/A,N/A,2025-01-30 19:30:27
HP V221 HD Computer Display Monitor,$6.00,21 in,N/A,16:9,76 Hz,N/A,HP,N/A,2025-01-30 19:30:19
KYY K3 15.6 Inch Type-C Full HD 1920 x 1080 HDMI IPS LCD Portable Monitor,$29.99,15.6 in,N/A,16:9,60 Hz,1 ms,KYY,KYY K3,2025-01-30 19:30:06
"Samsung SH851 24"" Professional LED Backlit Monitor LCD QHD 2560x1440 w/ Stand",US $50.99,N/A,N/A,N/A,N/A,N/A,N/A,N/A,2025-01-30 19:30:39
"ELO ET1515L 15"" TouchScreen Retail POS Monitor with Stand - USED TESTED WORKING",$29.50,"15""",N/A,4:3,75Hz,N/A,Elo Touch Solutions,ET1515L,2025-01-30 19:30:26
Samsung S22C300H 21.5” LED Monitor,$30.00,21.5 in,N/A,N/A,N/A,N/A,Samsung,N/A,2025-01-30 19:30:20
Raspberry Pi 5.5inch 1440×2560 HDMI 2K Capacitive Touch LCD Display IPS Screen,$67.67,5.5inch,N/A,N/A,N/A,N/A,Waveshare,5.5inch 1440x2560 LCD,2025-01-30 19:30:09
"Minifire Gaming Monitor 24 inch, 180Hz, 1Ms, Adaptive Sync, IPS, 2XHDMI 2.0/1XDP",$225.07,N/A,N/A,N/A,N/A,N/A,Does not apply,N/A,2025-01-30 19:30:42
"UPERFECT 16"" 2K 120Hz Portable Monitor 2*USB C Extend Display For Game Switch PS",US $99.99,N/A,N/A,N/A,N/A,N/A,N/A,N/A,2025-01-30 19:30:07
MAG Innovision LT2219WDd 22” 1680x1050 LCD Widescreen Monitor DVI VGA,$59.99,22 in,N/A,16:9,60 Hz,5 ms,MAG Innovision,2200W,2025-01-30 19:30:11
8.8 Inch IPS Type C Secondary Screen USB-C Interface Computer Monitoring CPU GPU,US $99.00/ea,N/A,N/A,N/A,N/A,N/A,N/A,N/A,2025-01-30 19:30:08
Sceptre Black 20 in Full HD Ultra Thin LED Monitor With Adapter Fully Tested,$11.99,20 in,N/A,16:9,75 Hz,N/A,Sceptre,N/A,2025-01-30 19:30:34
ViewSonic VX2276-SMHD 22in IPS 1080p Frameless LED Monitor With Power Cord,US $44.99,N/A,N/A,N/A,N/A,N/A,N/A,N/A,2025-01-30 19:30:42
"Lenovo ThinkVision P24h-30, 60.5cm (23.8""), 2560 x 1440 Pixel, Quad HD,L Screen",$281.37,N/A,N/A,N/A,N/A,N/A,N/A,N/A,2025-01-30 19:30:17
"iLooker 22E 21"" & 22"" LCD LED Video Monitor Hood Sunshade Sunhood (EU22E)",$37.50/ea,22 in,N/A,N/A,N/A,N/A,iLooker,22E,2025-01-30 19:30:17
"Acer EK241 Ebi 24"" Full HD 1080p VGA HDMI LCD Monitor, Black",$80.00,24 in,N/A,N/A,N/A,N/A,Acer,N/A,2025-01-30 19:30:32
DELL MONITOR Model IN1920F/ W Power Cord,$17.99,17.4 in,N/A,N/A,N/A,N/A,Dell,N/A,2025-01-30 19:30:39
"HP W2082a 20"" Widescreen 1600x900 VGA/DVI-D LED Backlit LCD Monitor",$118.89,20 in,N/A,16:9,60 Hz,5 ms,HP,W2082a,2025-01-30 19:30:34
"Acer CBA242YH monitor 23.8 inch (60 cm screen) full HD, 100 Hz HDMI, 75 Hz VGA-",EUR 199.98,N/A,N/A,N/A,N/A,N/A,N/A,N/A,2025-01-30 19:30:21
"Context Media Health Y34-Y34-UITB 32"" Touchscreen Display Monitor + Ac Adapter",$279.99,32 in,N/A,N/A,N/A,N/A,Outcome Health,N/A,2025-01-30 19:30:38
"Samsung LC27R500FHP 27"" Full HD V LED Monitor Curvo 1800R",$156.32,N/A,N/A,N/A,N/A,N/A,N/A,N/A,2025-01-30 19:30:37
GATEWAY FHX2303L 23-inch LCD Monitor Stereo Speakers (NO POWER BRICK),US $29.00,N/A,N/A,N/A,N/A,N/A,N/A,N/A,2025-01-30 19:30:33
"Dell E2417H 23.8"" Full HD 1920x1080 60Hz VGA DisplayPort Widescreen LED Grade A",$19.99/ea,24 in,N/A,16:9,60Hz,8 ms,Dell,E2417H,2025-01-30 19:30:19
"EVICIV Battery Portable Monitor 120Hz Touchscreen, Upgraded 15.6"" IPS HDR Used A",US $99.99,N/A,N/A,N/A,N/A,N/A,N/A,N/A,2025-01-30 19:30:45
Tidbyt Display - Gen 2 - Black - SEALED,$185.50,8.4 in,N/A,N/A,N/A,N/A,Tidbyt,N/A,2025-01-30 19:30:45
Dell SE2722HX 27 Inch 1080P Full HD Screen AMD FreeSync Portable Monitor,$84.99,27 in,N/A,N/A,N/A,N/A,Dell,Dell SE2722HX,2025-01-30 19:30:09
"HP E24m G4 23.8"" FHD Monitor 5 ms, HDMI, DisplayPort Tilt and Height Adjustable",$158.00,23.8 in,N/A,16:9,75 Hz,5 ms,HP,E24m G4,2025-01-30 19:30:28
Samsung S24C450D LED LCD Monitor - 16:9 - 5 ms - Used Grade A,$75.00,24 IN,N/A,N/A,N/A,N/A,Samsung,N/A,2025-01-30 19:30:28
Eizo Flexscan S2243w Professional Monitor.,$130.26,N/A,N/A,N/A,N/A,N/A,N/A,S2243w,2025-01-30 19:30:18
AYY Portable Monitor 15.8 Inch FHD LCD 1080P HDMI Travel Screen,US $50.00,N/A,N/A,N/A,N/A,N/A,N/A,N/A,2025-01-30 19:30:35
"FANGOR Portable Monitor, 15.6"" 1080P Ultra-Slim HDR IPS Computer Gaming Display",$59.00,15.6 in,N/A,16:9,60 Hz,N/A,FANGOR,BX156,2025-01-30 19:30:16
"Dell P2219H Monitor, 22"" LCD, 1920x1080, 50Hz - 76Hz - USED",$39.99,22 In,N/A,N/A,N/A,N/A,Dell,N/A,2025-01-30 19:30:31
Dell P2417H Monitor 24 inch 1920x1080 Widescreen HDMI Black-,EUR 79.90,N/A,N/A,N/A,N/A,N/A,N/A,N/A,2025-01-30 19:30:39
"UPERFECT 16"" 2K Portable Gaming Monitor 144Hz Portable Monitor 2560*1600 QHD",US $89.00,N/A,N/A,N/A,N/A,N/A,N/A,N/A,2025-01-30 19:30:27
"LG 24MP60G-B 24"" FHD IPS LED Monitor - Black",US $45.00,24 in,N/A,16:9,75 Hz,1 ms,LG,LG 24MP60G-B,2025-01-30 19:30:18
"HP Performance ZR2440w 24"" LED LCD Monitor - 16:10  Used Grade B",$100.00,24 in,N/A,16:10,N/A,N/A,HP,XW477A4#ABA,2025-01-30 19:30:20
"UPERFECT OLED Portable Monitor 16"" 3K 2880x1800 | 120Hz Portable Gaming Monitor",$222.99,16 in,N/A,16:10,120 Hz,3 ms,UPERFECT,UP160B01,2025-01-30 19:30:29
Acer X183H 18.5 Inch Widescreen LCD Monitor Display Black VGA,$37.49,18.5 in,N/A,N/A,N/A,N/A,Acer,X183H,2025-01-30 19:30:30
"MSI 32"" (31.5"" Viewable) 250Hz (OC) VA FHD Gaming Monitor 1920 x 1080 81% Adobe",$173.49,32 in,N/A,16:9,250 Hz,1 ms,MSI,MAG 32C6X,2025-01-30 19:30:41
"ASUS VS239H-P, 23"" IPS LED Monitor  IPS LED QuickFit FULL HD 1080",$15.00,23 in,N/A,N/A,N/A,N/A,HP,VS239H-P,2025-01-30 19:30:11
"10.1"" IPS LED HD Monitor HDMI AV For PS 4Xbox Switch Gaming PC 1366x768 USB MP5",$77.78,10.1 in,N/A,16:9,N/A,N/A,iPoster,IP-1010PCM,2025-01-30 19:30:23
"Used 18"" 18.4"" 4K Portable Monitor Gaming Display 4K 180° Adjustable Stand HDR",$165.99,18.4 in,N/A,16:9,60 Hz,3 ms,UPERFECT,UXbox T118,2025-01-30 19:30:17
12 Inch Portable Monitor Dual USB Type-C Touchscreen IPS Display 1366x768 Mini,$45.99,12 in,N/A,16:9,60 Hz,3 ms,Unbranded,N/A,2025-01-30 19:30:11
"Dell P2214HB 22"" 1920 x 1080 LCD Flat Panel Monitor W/Stand.",$40.00,22 in,N/A,N/A,N/A,N/A,Dell,DELL P2214HB,2025-01-30 19:30:44
Hanns-G HW223D 22” 1680x1050 LED LCD Monitor DVI VGA 16:10 *GRADE B*,US $54.99,N/A,N/A,N/A,N/A,N/A,N/A,N/A,2025-01-30 19:30:26
"SAMSUNG T35F Series 27-Inch FHD 1080p Computer Monitor, 75Hz, IPS Panel, HDMI",$89.99,27 in,N/A,16:9,75 Hz,5 ms,Samsung,Samsung T350,2025-01-30 19:30:14
HP M24fwa FHD IPS 5ms Monitor 1000:1 300 nits AMD FreeSync Anti-glare VGA HDMI,$111.00,24 in,N/A,16:9,75 Hz,5 ms,HP,M24fwa,2025-01-30 19:30:06
Atmoph Window 2  Star Wars Matte Ship Gray Frame Smart Display Limited Japan,$892.04,27 in,N/A,N/A,N/A,N/A,Smart,Atmoph Windows 2,2025-01-30 19:30:33
Dell SE2722HX 27 Inch 1080P Full HD Screen AMD FreeSync Portable Monitor,$109.00,27 in,N/A,N/A,N/A,N/A,Dell,Dell SE2722HX,2025-01-30 19:30:45
"Dell P2414HB 24"" FHD Widescreen 1920x1080 IPS LED LCD Monitor DP VGA DVI Grade A",US $99.99,24 in,N/A,16:9,60 Hz,8 ms,Dell,P2414H,2025-01-30 19:30:44
"Gaming Monitor 24 inch, 180Hz, 1Ms, Adaptive Sync, IPS, 2XHDMI 2.0/1XDP 1.4 Ports",$271.88,N/A,N/A,N/A,N/A,N/A,Does not apply,N/A,2025-01-30 19:30:14
Dell 32 Inch Curved 4K UHD Monitor - S3221QS,$359.99,"32""",N/A,16:9,60 Hz,4 ms,Dell,S3221QSSAP,2025-01-30 19:30:08
"ViewSonic VA2252SM 22"" 1920x1080 Widescreen LED Monitor",$24.99,22 in,N/A,16:9,60 Hz,6.5 ms,ViewSonic,VS16197,2025-01-30 19:30:24
"Acer SB2 21.5"" VA FHD - Full HD Monitor - Open Box",$86.69,21.5 in,N/A,N/A,100 Hz,N/A,Acer,N/A,2025-01-30 19:30:25
"HP E24 G5 23.8"" IPS FHD Monitor 5ms 75Hz HDMI & DisplayPort, USB-B hub, No Base",US $92.00,N/A,N/A,N/A,N/A,N/A,N/A,N/A,2025-01-30 19:30:10
"HP E223 MONITOR 1920x1080, HDMI, DisplayPort, VGA, USB Hub, VESA Mountable",$56.08,21.5 in,N/A,N/A,N/A,N/A,HP,N/A,2025-01-30 19:30:38
"HP M24F (Black) FHD Monitor 23.8"" IPS Display AMD FreeSync 5ms VGA HDMI 75 Hz",$102.00,23.8 in,N/A,16:9,75 Hz,5 ms,HP,M24fe,2025-01-30 19:30:20
Lenovo D27-40 27-inch VA FHD 75Hz Monitor,$85.00/ea,27 in,N/A,16:9,75 Hz,4 ms,Lenovo,Lenovo D27-40,2025-01-30 19:30:43
"Dell UltraSharp U2415 24"" FHD LED Monitor 1900 x 1200 HDMI DP miniDP 16:10 60 Hz",$99.99,24 in,N/A,16:10,60 Hz,8 ms,Dell,Dell U2415,2025-01-30 19:30:40
"Acer Nitro 27"" 2K WQHD 1440p Curved Gaming Monitor 165Hz 4ms XZ272U-VBIIPHX New",$104.30,27 in,N/A,16:9,165 Hz,4 ms,Acer,XZ272U Pbmiiphx,2025-01-30 19:30:27
"8.8""Long Strip LCD Screen 1920*480 USB-HDMI Sub-Display Monitor for Computer Car",$98.05,8.8in,N/A,N/A,N/A,N/A,Unbranded,N/A,2025-01-30 19:30:38
"Dell UP2716D 27"" QHD 2560 x 1440 HDMI DP IPS LCD LED Monitor w/ Stand Grade A",$115.99,27 in,N/A,N/A,60 Hz,6 ms,Dell,UP2716D,2025-01-30 19:30:23
Dell G2724D Gaming Monitor 27-Inch QHD (2560x1440) 165Hz 1ms FAST IPS Display,$239.95,27 in,N/A,16:9,165 Hz,1 ms,Dell,Dell G2724D,2025-01-30 19:30:42
"Dell 2009Wt 2009W 20"" 1680x1050 Widescreen LCD Monitor DVI-D VGA USB NO STAND",$31.99/ea,20 in,N/A,16:10,60 Hz,5 ms,Dell,Dell 2009wt,2025-01-30 19:30:08
"Acer SA241Y 23.8"" LCD Monitor FullHD 1920x1080 IPS 75Hz 1ms VRB 250Nit™",US $64.49,23.8 in,N/A,16:9,75 Hz,N/A,Acer,SA241Y,2025-01-30 19:30:46
120Hz Gaming Monitor 2K Portable Monitor Mini HDMI Type C VESA For PC Laptop,$89.99,15.6 in,N/A,16:9,120 Hz,3 ms,UPERFECT,M156E10,2025-01-30 19:30:22
"VP2468 - 24"" ColorPro™ 1080p IPS Monitor with sRGB and Daisy Chain",$59.99/ea,24 in,N/A,16:9,60 Hz,5 ms,ViewSonic,VP2468,2025-01-30 19:30:45
"HP EliteDisplay E231 23"" Widescreen FHD LED Monitor 1920x1080 NO STAND",$14.99,23 in,N/A,16:9,60 Hz,8 ms,HP,E231,2025-01-30 19:30:24
"HP VH22 22"" Widescreen Full HD 1920x1080 16:9 LED LCD Monitor VGA DVI DP Grade A",$69.99,21.5 in,N/A,16:9,N/A,5 ms,HP,N/A,2025-01-30 19:30:38
"HP Elite Display E242 WUXGA 24"" LED Business/Home Monitor HDMI/DP/USB/VGA GC",$49.99/ea,24 in,N/A,16:10,60 Hz,N/A,HP,E242,2025-01-30 19:30:31
Sealed Dell SE2422HX Monitor - 24 inch FHD (1920 x 1080) 16:9 Ratio Comfortview,US $99.99/ea,23.8 in,N/A,16:9,75 Hz,N/A,Dell,Dell  SE2422HX,2025-01-30 19:30:41
USB 3.5 Inch IPS Display Screen Secondary Screen Mini Monitor For PC U5B7,$26.69/ea,3.5 Inch,320*480,N/A,N/A,N/A,Unbranded/Generic,N/A,2025-01-30 19:30:14
"BenQ ZOWIE XL2546 24.5 Inch 240Hz,1080p in 1ms, Dynamic Acr Gaming Monitor",$234.47,N/A,N/A,N/A,N/A,N/A,N/A,N/A,2025-01-30 19:30:36
"Acer UM.CB6AA.A02 B196L 19"" LED LCD Monitor - 5:4 - 6ms - 1280 x 1024 - VGA, DVI",$40.00,19 in,N/A,5:4,60 Hz,5 ms,Acer,B196L,2025-01-30 19:30:46
"BenQ MOBIUZ EX240 23.8"" FHD 1920x1080 Gaming Monitor 1ms 165Hz HDMI DisplayPort",$95.00,23.8 in,N/A,16:9,165 Hz,1 ms,BenQ,EX240,2025-01-30 19:30:43
"Acer XFA240 bmjdpr 24"" Gaming G-SYNC Compatible Monitor 1920 x 1080 144hz",$44.95,24 in,N/A,16:9,144 Hz,1 ms,Acer,N/A,2025-01-30 19:30:45
Dell 24-Inch Full HD Monitor for Video Conferencing  P2418HZM Built in Webcam,$117.05,24 in,N/A,16:9,60 Hz,6 ms,Dell,P2418HZM,2025-01-30 19:30:26
"Philips MONITOR 24"" 243V5LHAB LED FULL HD MULTIMEDIA",$78.16,N/A,N/A,N/A,N/A,N/A,N/A,N/A,2025-01-30 19:30:36
Dell P2425H 24-inch Class Full HD LED Monitor 16:9 Black and Silver,US $145.98,N/A,N/A,N/A,N/A,N/A,N/A,N/A,2025-01-30 19:30:31
"Samsung SyncMaster 2033Hd 20"" Monitor",$36.47,N/A,N/A,N/A,N/A,N/A,N/A,N/A,2025-01-30 19:30:02
"UPERFECT 15.6"" 1920x1080 HDR USB C HDMI Portable Laptop Monitor Gaming Screen",$69.99,15.6 in,N/A,16:9,60 Hz,3 ms,UPERFECT,156J03,2025-01-30 19:30:28
"UPERFECT 22.0"" Ultra Slim HDR Portable Monitor IPS 2K QHD For Raspberry PI Used",$179.99,22 in,N/A,16:9,60Hz,2-5 ms,UPERFECT,UMax 22,2025-01-30 19:30:43
Raspberry Pi 5.5inch 1440×2560 HDMI 2K Capacitive Touch LCD Display IPS Screen,$67.67,5.5inch,N/A,N/A,N/A,N/A,Waveshare,5.5inch 1440x2560 LCD,2025-01-30 19:30:45
"Dell P2419H 24"" 1920x1080 16:9 Ultrathin LED IPS Monitor HDMI DP USB VGA Grade A",$109.99,"24""",N/A,16:9,60Hz,8ms,Dell,P2419H,2025-01-30 19:30:39
"Dell C3422WE 34.1"" UWQHD IPS Curved Monitor with Pop-Up Webcam No Stand",$229.99,34 in,N/A,N/A,N/A,N/A,Dell,Dell   C3422WE,2025-01-30 19:30:20
HP Series 5 23.8 Inch FHD Height Adjust Desktop Computer Monitor 524sh 100Hz IPS,$87.99,"23.8""",N/A,16:9,100 Hz,N/A,HP,HP Series 5 23.8 inch FHD Height Adjust Monitor - 524sh,2025-01-30 19:30:21
EXTERNAL MONTIOR WIMAXIT M1020 10inch HDMI,$20.00,10.1 in,N/A,16:9,60 Hz,N/A,WIMAXIT,N/A,2025-01-30 19:30:37
Laptop Screen Extender - 14'' Dual Screen 1080P FHD Plug & Play Seconhand,$89.99,14 in,N/A,16:9,60 Hz,N/A,MarsMyth,S1,2025-01-30 19:30:14
LG 27” UltraGear FHD 1ms 165Hz Gaming Monitor w/AMD FreeSync (27GQ40W-B)™,$115.51,27 in,N/A,16:9,165 Hz,1 ms,LG,UltraGear,2025-01-30 19:30:08
"Dell P190Sf Monitor, 19"", 5:4 Aspect Ratio, 1280x1024, 5ms, VGA, DVI - USED",$14.99,19 in,N/A,N/A,N/A,N/A,Dell,N/A,2025-01-30 19:30:14
"Asus MB169B+ 15.6"" 16:9 Widescreen LED Backlight Full HD - SEE DESCRIPTION",$29.98,15.6 in,N/A,16:9,N/A,N/A,ASUS,MB169B,2025-01-30 19:30:26
"HP E14 G4 14"" FHD IPS LED Portable Monitor - Silver",$55.00,14 in,N/A,16:9,N/A,5 ms,HP,HP E14 G4,2025-01-30 19:30:07
HP EliteDisplay S231D 23 Inch FHD IPS Monitor Built in Webcam,$47.95,23 in,N/A,N/A,50 to 60 Hz,7 ms,HP,N/A,2025-01-30 19:30:21
"Major brand 22"" LCD Widescreen Monitor FHD 1920x1080 Desktop Computer HDMI DP",US $19.96/ea,N/A,N/A,N/A,N/A,N/A,N/A,N/A,2025-01-30 19:30:24
"BenQ 24.5"" XL2540K 1920 x 1080 240Hz Flicker-free Low Blue Light Gaming Monitor",$198.00,24.5 in,N/A,16:9,240 Hz,0.5 ms,BenQ,XL2540K,2025-01-30 19:30:23
"Sceptre 24"" Ultra Thin 75Hz 1080p LED Monitor w/ 2x HDMI VGA Build-in Speakers",US $89.95,24 in,N/A,16:9,75 Hz,16 ms,Sceptre,E248W-19203R,2025-01-30 19:30:46
"LG 31.5"" FHD IPS Monitor, FreeSync, 32MN530NP-B - BLACK",US $155.95,31.5 in,N/A,16:9,N/A,N/A,LG,LG 32MN530P,2025-01-30 19:30:25
"UPERFECT 15.6"" 2K Portable Monitor 120Hz Gaming Monitor IPS Laptop PC Screen",$89.99,15.6 in,N/A,16:9,120 Hz,3 ms,UPERFECT,156E10,2025-01-30 19:30:22
"Lenovo ThinkCentre Flex Tiny-In-One 27"" (1920x1080) IPS LCD Monitor BLACK",$185.19,"27""",N/A,N/A,N/A,6 ms,Lenovo,12BKMAR1US,2025-01-30 19:30:13
UPERFECT 2K 22 Inch Portable Monitor Gaming Screen 2*USB C HDMI For Xbox PS 4/5,$179.99,22 in,N/A,16:9,60 Hz,3 ms,UPERFECT,T0105M220HWL,2025-01-30 19:30:25
"ONN 24"" Inch Full HD Gaming Desktop Computer Monitor 165 Hz 1ms HDMI Freesync",$77.26/ea,24 in,N/A,16:9,165 Hz,1 ms,ONN,ONN 100027813,2025-01-30 19:30:32
Xiaomi Gaming Monitor 27in 165Hz 1ms 1920*1080 Fast IPS HDR10 FreeSync,$129.99,27 in,N/A,N/A,165 Hz,1 ms,Xiaomi,N/A,2025-01-30 19:30:29
ACER EK241Y Ebi Widescreen LED Monitor 1920 x 1080,$110.00,24 in,N/A,16:9,100 Hz,1 ms,Acer,ACER EK 1 SERIES,2025-01-30 19:30:32
"Major brand 23"" LCD Widescreen Monitor Gaming PS5 PS4 Xbox one Switch Laptop PC",$19.99/ea,23 in,N/A,16:9,60 Hz,N/A,"Dell, HP, Samsung, LG, Viewsonic..etc",N/A,2025-01-30 19:30:18
"MSI G272QPF E2 27"" WQHD Flat Rapid IPS Gaming Monitor, 180Hz/1ms HDR Ready",$149.99,"27"" inches",N/A,16:9,180 Hz,1 ms (GTG),MSI,N/A,2025-01-30 19:30:15
"Hewlett Packard 27"" 527sf Series 5 FHD 100Hz 5ms IPS PC Monitor, Black/Silver",US $124.99,N/A,N/A,N/A,N/A,N/A,N/A,N/A,2025-01-30 19:30:13
Dell E2216H 22” FHD 1080p Widescreen LED LCD Monitor 16:9 VGA DP *Grade A*,US $64.99,21.5 in,N/A,16:9,60 Hz,5 ms,Dell,E2216H,2025-01-30 19:30:19
"Dell P2723DE  27"" QHD Monitor, HDMI DisplayPort USB-C, No Stand",$159.99,27 in,N/A,16:9,60 Hz,8 ms,Dell,Dell P2723DE,2025-01-30 19:30:36
NEW Dell 24 Monitor SE2422HX FHD Display 1920x1080 VESA 75Hz FAST FREE SHIPPING,$81.95,24 in,N/A,N/A,75 Hz,N/A,Dell,Dell SE2422HX,2025-01-30 19:30:18
Dell 19” Widescreen 1440x900 DVI/VGA Flat Panel LCD Monitor S1909WX - NEW IN BOX,$31.50/ea,19 in.,N/A,16:9,N/A,5 ms,Dell,S1909WX,2025-01-30 19:30:17
"UPERFECT 18.0"" 2K 1500:1 HDR Portable Monitor IPS 2560*1600 HDMI USB C 144HZ US",$189.99,18 in,N/A,16:9,60hz,9 ms,UPERFECT,UP160K01,2025-01-30 19:30:12
"14"" 3:2 Portable Monitor 2160*1440 2K QHD LCD Screen w/HDMI & Type C Display",$89.99,14 in,N/A,3:2,60 Hz,3 ms,UPERFECT,UBegin J314,2025-01-30 19:30:28
Alienware Monitor Model AW2523HF,$250.00,24.5 in,N/A,N/A,N/A,N/A,Alienware,N/A,2025-01-30 19:30:06
NEW 2024 18.5'' Portable Touchscreen 120Hz Monitor w/VESA &180° Adjustable Stand,$172.99,18.5 in,N/A,16:9,120 Hz,3 ms,UPERFECT,USteam E6 Pro,2025-01-30 19:30:23
"EVICIV 14.0"" 3:2 Ultra Slim HDR Portable Monitor IPS 2160*1440 HDMI Type-C USB C",$66.99,14 in,N/A,3:2,60 Hz,3 ms,EVICIV,EV140J03,2025-01-30 19:30:30
"HP E190i 19"" Inch Widescreen LED Monitor VGA, DVI, Display Port - Grade A",$18.68,19 in,N/A,N/A,N/A,N/A,HP,N/A,2025-01-30 19:30:37
"HP P27 G5 27"" Full HD Monitor 5ms 75Hz IPS VESA Mountable Anti-Glare HDMI VGA",US $113.99,N/A,N/A,N/A,N/A,N/A,N/A,N/A,2025-01-30 19:30:39
"BenQ PD2705U 27"" UHD 3840 x 2160 (4K) 60 Hz HDMI, DisplayPort, IPS Monitor",$298.00,"27""",N/A,16:9,60 Hz,5 ms,BenQ,PD2705U,2025-01-30 19:30:30
DTEN ME DBA0027 Multi-Touch Display Personal Collaboration Device.,$97.49,27 in,N/A,N/A,N/A,N/A,DTEN,N/A,2025-01-30 19:30:06
Dell 24-Inch Monitor P2419H - IPS  - Full HD - USED,$79.00,24 in,N/A,N/A,60 Hz,N/A,Dell,N/A,2025-01-30 19:30:44
"MSI PRO MP223, 22"" VA 1920 x 1080 (FHD) Computer Monitor, 100Hz, Adaptive-Synch,",$61.49,22 in,N/A,16:9,100 Hz,1 ms,MSI,Pro MP223,2025-01-30 19:30:35
"15.6"" Portable Monitor 1920*1080 Display IPS LCD Screen with VESA For Laptop PC",$59.99,15.6 in,N/A,16:9,60 Hz,3 ms,UPERFECT,156G01,2025-01-30 19:30:09
"UPERFECT 18"" 2K 144Hz Portable Monitor 2560*1600 HDMI Portable Gaming Display",US $150.00,N/A,N/A,N/A,N/A,N/A,N/A,N/A,2025-01-30 19:30:18
"LG 27"" Inch Widescreen IPS LCD Computer Monitor 27MP40W-B HDMI VGA AMD Freesync",$64.99/ea,27 in,N/A,16:9,75 Hz,N/A,LG,27MP40W-B,2025-01-30 19:30:10
Philips Display Monitor  Model:10BDL3051T/02.  NO PSU,$20.00/ea,10.1 in,N/A,N/A,N/A,N/A,Philips,N/A,2025-01-30 19:30:34
"HP Z24f G3 24"" Widescreen 1920x1080 16:9 Full HD IPS LCD Monitor ONLY - Grade B",$74.99,23.8 in,N/A,16:9,60 Hz,5 ms,HP,Z24f G3,2025-01-30 19:30:16
ASUS 21.5in 60 Hz FHD Gaming Monitor - Black VP228H,$42.49,21.5 in,N/A,16:9,60 Hz,1 ms,ASUS,VP228H,2025-01-30 19:30:40
"18.5"" Portable Monitor 1920*1080 Type USB C Screen 120Hz Monitor For Game Xbox",$109.99,18.5 in,N/A,16:9,120 Hz,5 ms,UPERFECT,UP185E03,2025-01-30 19:30:44
Model No. 1907fpt Dell Flat Panel Monitor and Stand,$24.99,19 in,N/A,N/A,N/A,N/A,Dell,N/A,2025-01-30 19:30:26
BenQ T2200HDA PC Monitor,$36.47,N/A,N/A,N/A,N/A,N/A,N/A,N/A,2025-01-30 19:30:34
Cooler Master Tempest GP2711 27 2K 165Hz Mini LED PC Gaming Monitor,$163.99,27 in,N/A,N/A,N/A,N/A,Cooler Master,N/A,2025-01-30 19:30:21
"MSI G273CQ 27"" WQHD Curved Gaming Monitor 170Hz/1ms HDR Ready",$139.99,"27"" inches",N/A,16:9,170 Hz,1 ms (MPRT),MSI,N/A,2025-01-30 19:30:20
"19"" 48cm TFT OPENFRAME ELO SCN-SC-FLT19.0-002-004 WIN 7 10 TOUCHSCREEN MONITOR -",EUR 150.00,N/A,N/A,N/A,N/A,N/A,N/A,N/A,2025-01-30 19:30:09
"19"" 48cm TFT WALL MONITOR OPENFRAME MONITOR 1280x1024 WITH 12V 12 VOLT POWER SUPPLY 1-",EUR 65.00,N/A,N/A,N/A,N/A,N/A,N/A,N/A,2025-01-30 19:30:07
