Title,Price,Screen_Size_in,Aspect_Ratio,Refresh_Rate_Hz,Response_Time_ms,Brand,Model,Collection Date
GRADE A HP LA2205wg 22 Panel Widescreen LCD Monitor NO STAND,12.99,22.0,16:10,60.0,5.0,HP,LA2205WG,2025-02-02 17:03:11
Major brand 22 LCD Widescreen Monitor Desktop Computer HDMI DP,19.97,22.0,16:9,60.0,5.0,"Dell, HP, Samsung, LG, Viewsonic..etc",,2025-02-02 17:03:34
Planar PXL2430MW Touch Screen Monitor Black,21.0,24.0,16:9,60.0,5.0,Planar,Planar PXL2430MW,2025-02-02 17:02:59
HP ProDisplay P222va 21.5 LED Backlit Monitor 1920 x1080 Power Supply,23.55,21.5,16:9,60.0,8.0,HP,P222VA,2025-02-02 17:03:20
Acer V226HQL Gbid 21.5 Widescreen LCD Monitor - Black,26.0,21.5,16:9,,5.0,Acer,V226HQL Gbid,2025-02-02 17:02:59
Onn 22 Inch Full Desktop Computer Monitor HDMI VGA Refresh 1080p,28.09,22.0,16:9,60.0,5.0,ONN,,2025-02-02 17:03:37
Dell Monitor 22 U2211Ht Widescreen VGA DVI DisplayPort NO STAND,29.03,22.0,16:9,60.0,5.0,Dell,U2211Ht,2025-02-02 17:03:35
Asus MB169B 15.6 169 Widescreen LED Backlight Full - SEE DESCRIPTION,29.98,15.6,16:9,,5.0,ASUS,MB169B,2025-02-02 17:03:05
ProDisplay 22 Full P223 1080p Widescreen LED Monitor Cables,30.98,22.0,16:9,60.0,8.0,HP,P222VA,2025-02-02 17:03:10
3.5 TYPE-C Secondary Monitor for CPU GPU RAM HDD USB Display AIDA64,31.06,3.5,4:3,60.0,20.0,HLFEC,3.5-inch IPS TYPE-C Secondary Monitor,2025-02-02 17:03:38
Dell 2009Wt 2009W 20 Widescreen LCD Monitor DVI-D VGA USB NO STAND,31.99,20.0,16:10,60.0,5.0,Dell,Dell 2009wt,2025-02-02 17:03:29
HDMI LCD Display Adjustable Brightness No Touch for All RPis,32.89,7.0,,,5.0,Waveshare,3.2inch HDMI LCD (H),2025-02-02 17:02:45
AOC Portable 15.6 USB Monitor E1659FWU - Extend your laptop screen,34.99,15.6,16:9,60.0,5.0,AOC,E1659FWU,2025-02-02 17:03:05
ACER S230HL 23 Widescreen LED LCD Monitor With HDMI Adapter - Works GREAT,35.0,23.0,,,5.0,Acer,S230HL,2025-02-02 17:03:44
GOOG Dual HP DELL LG Monitor 19 22 23 24 LCD Widescreen Monitor wCable,35.99,22.0,16:9,,5.0,Dell/HP and more,,2025-02-02 17:03:02
US - Portable Monitor LCD Display Screen with AV VGA HDMI Input for PC,38.49,7.0,16:9,75.0,6.0,Unbranded/Generic,M701CH,2025-02-02 17:03:04
UPERFECT Touch Screen Portable Monitor For Raspberry Pi 3 4 LCD Display,39.22,7.0,16:9,60.0,5.0,UPERFECT,"7"" Touch Screen Raspberry Pi Monitor",2025-02-02 17:03:40
Acer 17 LCD VGA Monitor v173 Refresh Rate Resolution 43,39.95,17.0,5:4,75.0,5.0,Acer,v173,2025-02-02 17:03:26
DellHP 22 LCD Widescreen Monitor Gaming PS5 PS4 Xbox one Switch Laptop PC,40.97,22.0,16:9,60.0,5.0,Dell/HP,,2025-02-02 17:03:33
PHILIPS 22 V Line Class Thin Full 1920 x 1080 Monitor Refresh Rate,40.99,22.0,16:9,100.0,4.0,Philips,Philips 221V8LB/27,2025-02-02 17:03:12
Acer 24 Inch Full Ultra-Thin Computer Monitor SA241Y HDMI VGA,43.7,23.8,16:9,75.0,5.0,Acer,SA241Y,2025-02-02 17:03:17
HP 27 LED Monitor Model E271i,44.7,27.0,,60.0,5.0,HP,,2025-02-02 17:03:20
ViewSonic VG2439M-LED 24 1080p LED Backlit LCD Monitor - C Grade,44.99,24.0,16:9,60.0,5.0,ViewSonic,VG2439M-LED,2025-02-02 17:03:17
ViewSonic VG2230wm 22 WSXGA Widescreen LCD Monitor DVI VGA No STAND,44.99,23.0,16:10,60.0,5.0,Viewsonic,VG2230WM,2025-02-02 17:03:17
Acer V6 Series 19.5 Viewable LCD Monitor Model V206HQL,45.0,19.5,,,5.0,Acer,V206HQL,2025-02-02 17:03:35
STG MONITOR 22 BNLCD001 NEW,45.0,22.0,,,5.0,STG,BNLCD001,2025-02-02 17:03:19
Portable Monitor Dual USB Type-C Touchscreen Display Mini,45.99,12.0,16:9,60.0,3.0,Unbranded,,2025-02-02 17:03:18
LENOVO 17-Inch LT1713P 54 1280 x 1024 LCD Monitor Used Grade A,49.0,17.0,,,5.0,Lenovo,60B3HAR2US,2025-02-02 17:03:24
LG Model 23CAV42KL 23 Cloud V Series Widescreen Panel LED Monitor New 95,49.2,23.0,16:9,,5.0,LG,LG 23CAV42KL,2025-02-02 17:03:39
Dell E2215HV f 22 Widescreen Full LED Monitor w Cables,49.99,22.0,16:9,60.0,5.0,Dell,E2215HVf,2025-02-02 17:03:30
7 Ultra Thin TFT LCD Color PC Monitor Audio Video HDMI VGA Input w Speaker-US,49.99,7.0,16:9,75.0,8.0,Unbranded,701H,2025-02-02 17:03:02
Dell P2217H 21.5 1920x1080p 169 LEDLCD Monitor WStand,49.99,21.5,16:9,60.0,6.0,Dell,,2025-02-02 17:03:34
Lenovo ThinkVision T22v-10 22 Widescreen LED Monitor ONLY Grade B,49.99,21.5,16:9,60.0,6.0,Lenovo,T22v-10,2025-02-02 17:03:11
Dell P2412Hb 24 1920 x 1080 LCD Monitor wStand. Grade A,50.0,24.0,,60.0,5.0,Dell,,2025-02-02 17:03:34
11.6 Portable Laptop Monitor Tablet Desktop Computer Travel HDMI LCD Display,53.29,11.6,16:9,60.0,3.0,Unbranded,,2025-02-02 17:02:44
Used 16.1 Portable Monitor Second Screen,53.99,16.0,16:9,144.0,3.0,UPERFECT,J0405M161HWL,2025-02-02 17:03:22
Samsung Monitor 24 Model S24F354FHN 1080P Gaming Home Office,54.99,24.0,,,5.0,Samsung,Samsung S24F354FHN,2025-02-02 17:03:30
Dell P2419H 24in Monitor Full 1920 x 1080 HDMI VGA DP Grade B,54.99,24.0,,,5.0,Dell,P2419H,2025-02-02 17:03:39
Acer V247Y bmix - 23.8 Monitor Full 169 250Nit,54.99,23.0,,100.0,4.0,Acer,V247,2025-02-02 17:03:32
Dell Panel Monitor P1917S 19 Technology HDMI VGA,54.99,19.0,,,5.0,Dell,Dell Flat Panel Monitor,2025-02-02 17:03:29
HP E14 G4 14 LED Portable Monitor - Silver,55.0,14.0,16:9,,5.0,HP,HP E14 G4,2025-02-02 17:03:21
Dell P2214HB 22 LED LCD Monitor DP VGA DVI GRADE A -SAME DAY SHIPPING,55.99,22.0,16:9,60.0,5.0,Dell,Dell P2214H,2025-02-02 17:03:02
onn. 22 1920 x 1080p Bezel-Less Monitor w HDMI Cable- NEW MODEL,56.95,22.0,16:9,100.0,4.0,ONN,100140681,2025-02-02 17:03:13
Touch Buttons 7 inch LCD Monitor Display Screen w Speaker HDMIAVVGA Input,58.11,7.0,"16:9,4:3,Auto",,8.0,iPoster,,2025-02-02 17:03:39
GeeekPi LCD Screen for Raspberry Pi LCD Display HDMI,58.88,22.0,See description,,5.0,GeeekPi,geeekpi,2025-02-02 17:03:13
LG 24MP60G-B 24 Full Monitor with 3-Side Virtually Borderless Design,59.81,24.0,16:9,75.0,1.0,LG,LG 24MP60G-B,2025-02-02 17:02:44
ASUS VG249Q3R TUF Gaming 23.8 Full 1920 x 1080,59.99,23.8,,180.0,1.0,ASUS,,2025-02-02 17:03:24
Acer V196WL LED LCD Monitor,59.99,19.0,16:10,,5.0,Acer,V196WL,2025-02-02 17:03:36
Full LED LCD Monitor V7 L238IPS-N 23.8 - 169 - Black l238ipsn,59.99,23.8,16:9,,5.0,V7,L238IPSN,2025-02-02 17:03:05
Dell Professional P2017H 20 LED Monitor USB 3.0 HUB HDMI DP VGA,59.99,20.0,16:9,60.0,6.0,Dell,P2017H,2025-02-02 17:03:25
Dell P2219H 21.5in Full 1920 X 1080 LED LCD Monitor WHDMI VGA DC CABLE,60.0,21.5,16:9,60.0,6.0,Dell,P2219H,2025-02-02 17:03:11
New DOLBY VOICE Mimo UM-1080C USB TOUCH MONITOR Screen W STAND factory sealed,60.0,10.1,,,5.0,Mimo,UM-1080C,2025-02-02 17:03:28
Acer SA241Y 23.8 LCD Monitor FullHD VRB 250Nit,63.52,23.8,16:9,75.0,1.0,Acer,SA241Y,2025-02-02 17:03:00
Acer SB242Y EBI 24 Full 1920 x 1080 Zero-Frame Monitor,63.85,24.0,16:9,100.0,1.0,Acer,SB242Y EBI,2025-02-02 17:03:09
HP E22 G4 21.5 Full Business Monitor - Used Grade B,65.0,22.0,16:9,60.0,5.0,HP,HP E22 G4,2025-02-02 17:03:14
Acer EK271 27 Monitor 1920 x 1080 LCD,65.0,27.0,16:9,100.0,1.0,Acer,EK271,2025-02-02 17:03:34
Vintage NEC Multisync Computer Monitor JC-1746UMA VGA CRT 1997,65.99,15.0,,,5.0,NEC,jc-1746UMA,2025-02-02 17:03:22
EVICIV 14.0 32 Ultra Slim Portable Monitor 21601440 HDMI Type-C USB C,66.99,14.0,3:2,60.0,3.0,EVICIV,EV140J03,2025-02-02 17:03:20
Raspberry Pi HDMI 2K Capacitive Touch LCD Display Screen,67.67,7.0,,,5.0,Waveshare,5.5inch 1440x2560 LCD,2025-02-02 17:03:12
HP EliteDisplay E223 21.5 Full Monitor 1080p Anti-Glare New Open Box,67.99,21.5,,,5.0,HP,EliteDisplay E223,2025-02-02 17:03:42
ViewSonic VG2248-S 22 1080p Ergonomic Monitor - Certified Refurbished,68.99,22.0,,60.0,5.0,ViewSonic,VG2248,2025-02-02 17:03:04
Portable Monitor LCD Display Screen with AV VGA HDMI Input for PC DSLR,68.99,10.1,16:9,,5.0,iPoster,,2025-02-02 17:02:58
Used UPERFECT 18.5 Portable Monitor Laptop Monitor USB C Gaming Display,69.99,18.5,16:9,100.0,1.0,UPERFECT,185T04,2025-02-02 17:03:03
EVICIV Portable Monitor Touchscreen 15.6 1080P 10-Point Touch Screen DHR,69.99,15.6,16:9,60.0,3.0,EVICIV,EV156J05,2025-02-02 17:03:01
Elo Touch ET1517L Touchscreen POS Display Monitor 15 VGA E344758 wStand MSR,69.99,15.0,4:3,,5.0,Elo Touch Solutions,E344758,2025-02-02 17:03:35
Dell E2414H 24 Widescreen LED LCD Computer Monitor Grade A,69.99,24.0,16:9,,5.0,Dell,,2025-02-02 17:03:17
ViewSonic VA1917A-S 19 169 WideScreen LED Monitor - Refurbished,69.99,19.0,,60.0,5.0,ViewSonic,VA1917A,2025-02-02 17:03:39
Portable Monitor 16 2K HDMI USB C Display Screen for Laptop PS4 Used,71.99,16.0,16:9,120.0,3.0,UPERFECT,UPlays C2,2025-02-02 17:03:35
Acer Display with Webcam 2W Speakers HDMI DP VGA Ports,71.99,23.8,16:9,75.0,5.0,Acer,CB242Y,2025-02-02 17:03:33
Samsung LS27C392EANXGO 27 S39C Monitor 1920 x 1080 LCD,72.98,27.0,16:9,75.0,4.0,Samsung,LS27C392EANXGO,2025-02-02 17:03:15
Dell 22in Monitor P2222H Full 1920 x 1080 HDMI VGA DP 169 Widescreen,73.87,22.0,16:9,,8.0,Dell,Dell P2222H,2025-02-02 17:03:24
Amazon Basics Monitor 1080P Max VESA Compatible,74.95,24.0,16:9,100.0,5.0,amazon basics,,2025-02-02 17:03:20
Dell UltraSharp U2410F 24 LED Monitor HDMI DP DVI VGA,74.99,24.0,,,5.0,Dell,U2410f,2025-02-02 17:03:17
Samsung S24H851QFN 23.8 Widescreen PLS LCD LED Monitor With Stand,74.99,23.8,,,5.0,Samsung,Samsung S24H851QFN,2025-02-02 17:02:43
HP EliteDisplay E243 24 Widescreen HDMI LED Monitor 1920 x 1080 Grade B Cables,74.99,24.0,16:9,60.0,5.0,HP,E243,2025-02-02 17:03:04
Lenovo 23 LED Monitor,78.99,23.0,16:9,60.0,7.0,Lenovo,LI2323swA,2025-02-02 17:03:37
12Laptop Monitor Extender Plug Play Portable Monitor Ultra-Slim Display,79.99,12.8,4:3,80.0,5.0,Maxfree,P1S,2025-02-02 17:03:03
Lenovo ThinkVision T23i-20 23 Widescreen LED Monitor - Grade B,79.99,23.0,16:9,60.0,6.0,Dell,Lenovo ThinkVision T23i-20,2025-02-02 17:03:26
Lenovo ThinkVision P27h-28 27 LED Monitor HDMI DisplayPort No Stand B4,79.99,27.0,16:9,60.0,6.0,Lenovo,Lenovo ThinkVision P27h-28,2025-02-02 17:03:19
ASUS VA24DQ 23.8 Monitor 1080P Full Adaptive-SyncFreeSync,79.99,23.8,16:9,75.0,5.0,ASUS,ASUS VA24DQ,2025-02-02 17:02:46
SAMSUNG S33A Series 22 In 1080p Computer Monitor HDMI Panel,79.99,24.0,,,5.0,Samsung,Samsung S33A,2025-02-02 17:03:29
SANSUI ES-G24X5 Computer Monitor,79.99,24.0,16:9,165.0,1.0,Sansui,ES-G24X5,2025-02-02 17:03:35
MSI PRO MP273A 27 Business Monitor Build-in Speaker,79.99,27.0,16:9,100.0,1.0,MSI,,2025-02-02 17:03:40
Dell SE2225H Full Monitor VESA,80.0,22.0,,75.0,5.0,Dell,,2025-02-02 17:03:08
HP P22v G5 Monitor VESA Mountable Anti Glare Low Blue Light Mode,80.39,21.45,16:9,75.0,5.0,HP,HP P22v G5 FHD Monitor,2025-02-02 17:03:25
2025 15.6 Touchsreen Portable Monitor 2K 1920 x 1080 HDMI USBC Input US,83.99,16.0,16:9,60.0,3.0,UPERFECT,UP156J05,2025-02-02 17:03:40
ViewSonic VX1655 15.6 1920 x 1080 Portable Monitor LED Backlight,84.95,15.6,16:9,60.0,4.0,ViewSonic,ViewSonic VX1655,2025-02-02 17:03:15
HP E22 G4 22 Widescreen 169 LED Backlit LCD Monitor - Grade A,84.99,21.5,16:9,60.0,5.0,HP,,2025-02-02 17:03:18
HP Series 5 Height Adjust Desktop Computer Monitor 524sh,87.99,23.8,16:9,100.0,5.0,HP,HP Series 5 23.8 inch FHD Height Adjust Monitor - 524sh,2025-02-02 17:03:42
MAJOR BRAND DUAL LCD 22 HDMI MONITOR SCREEN GAMING WITH DUAL LCD STAND,88.98,24.0,16:9,60.0,19.0,Dell Hp Acer more,Models Vary,2025-02-02 17:03:21
Asus VZ27EHF 27 LCD Black,89.0,27.0,,100.0,5.0,ASUS,,2025-02-02 17:03:39
Amazon Basics Monitor 1080P VESA Compatible,89.0,27.0,16:9,100.0,5.0,amazon basics,,2025-02-02 17:03:37
Gawfolk PC 1080p.,89.86,24.0,16:9,180.0,1.0,gawfolk,GF240D,2025-02-02 17:02:45
onn. 24 1080p includes 6ft DP HDMI Cable,89.95,24.0,16:9,165.0,1.0,ONN,ONN 100027813,2025-02-02 17:03:15
Lenovo ThinkVision M15 15.6 WLED LCD Mobile Monitor Portable 62CA-UAR1,89.98,15.6,,60.0,5.0,Lenovo,Lenovo ThinkVision M15,2025-02-02 17:03:15
EVICIV 15.6 Ultra Slim Portable Monitor 38402160 HDMI USB C PS6 PC,89.99,15.6,16:9,60.0,2.0,EVICIV,15.6 In 4K 2*USB C monitor,2025-02-02 17:03:07
Dell UltraSharp U2413F 24 LED LCD Monitor DP HDMI DVI GRADE A,89.99,24.0,16:10,60.0,5.0,Dell,U2413f,2025-02-02 17:03:03
UPERFECT 15.6 2K Portable Monitor Laptop PC Screen,89.99,15.6,16:9,120.0,3.0,UPERFECT,156E10,2025-02-02 17:03:00
MSI G244F E2 24 Rapid,89.99,23.8,16:9,180.0,1.0,MSI,,2025-02-02 17:03:00
Samsung - 27 1000R Monitor with Speakers,89.99,27.0,16:9,75.0,4.0,Samsung,Samsung S39C,2025-02-02 17:03:09
HP E27q G4 27 LED Monitor DP HDMI VGA,89.99,27.0,16:9,60.0,5.0,HP,E27q G4,2025-02-02 17:02:46
Eyoyo 7 Mini Portable Monitor Small HDMI Monitor with Speaker VGA AV,91.98,7.0,16:9,60.0,5.0,Eyoyo,,2025-02-02 17:03:35
HP E24 G5 23.8 Monitor HDMI DisplayPort USB-B hub No Base,92.0,23.8,16:9,75.0,5.0,HP,E24 G5,2025-02-02 17:03:20
HP 27H G4 27 Monitor HeightTilt VGA HDMI DisplayPort,97.0,27.0,16:9,60.0,5.0,HP,27H G4,2025-02-02 17:03:25
Dell Monitor SE2717Hc in Black 50- Excellent condition,99.0,27.0,,60.0,5.0,Dell,SE2717Hc,2025-02-02 17:03:38
HP - 23.8 LCD Monitor USB HDMI - Black,99.0,23.8,16:9,75.0,5.0,HP,HP E24 G5,2025-02-02 17:02:45
DUAL PAIR TWO DELL 22 Matching LCD LED FULL Monitors Gaming cable 2 Grade A,99.88,22.0,16:9,60.0,5.0,Dell,Models Vary,2025-02-02 17:03:03
Used Portable Monitor 25601600 Laptop USB C HDMI Monitor,99.99,18.0,16:10,144.0,3.0,UPERFECT,J0205M180HWL,2025-02-02 17:03:15
Dell C2422HE 24 LED Video Conferencing LCD Monitor IR Camera GRADE C,99.99,24.0,16:9,60.0,5.0,Dell,Dell C2422HE,2025-02-02 17:03:29
HP Elite Display Monitor,99.99,23.8,16:9,60.0,5.0,HP,HP EliteDisplay E24 G4,2025-02-02 17:02:44
Samsung 27 Ultra-Slim LED Monitor HDMI LC27F390FHN,99.99,27.0,16:9,60.0,5.0,Samsung,,2025-02-02 17:03:31
Dell P2422H 24 DP HDMI Slim Bezel LED LCD Monitor GRADE B,99.99,24.0,16:9,60.0,8.0,Dell,Dell P2422H,2025-02-02 17:03:28
Dell P2419H 24 169 Ultrathin LED Monitor HDMI DP USB VGA Grade B,99.99,24.0,16:9,60.0,8.0,Dell,P2419H,2025-02-02 17:03:36
LG 32MN50W-B 32 Full Monitor with AMD FreeSync,99.99,31.5,16:9,,5.0,LG,LG 32MN50W,2025-02-02 17:03:30
Sceptre C25,100.0,24.0,,240.0,5.0,Sceptre,,2025-02-02 17:03:33
HP P224 Full LED LCD Monitor - HDMI - DisplayPort - 1920 x 1080,100.0,21.5,16:9,60.0,5.0,HP,P224,2025-02-02 17:03:28
Xebec Tri-Screen Laptop screens - 2 Dual 10.1 1920 x 1200 Full Tested,100.0,10.1,16:10,60.0,5.0,Xebec,Xebec Tri-Screen 2,2025-02-02 17:02:47
ViewSonic VG1655-S 15.6 169 Portable Monitor - Certified Refurbished,101.19,16.0,,60.0,5.0,ViewSonic,VG1655,2025-02-02 17:03:27
Lenovo Thinkvision P24q-30 23.8 LED 63B4GAR6US,104.92,23.8,,60.0,6.0,Lenovo,Thinkvision P24q-30,2025-02-02 17:03:33
Dell E2420HS 24 1080p Monitor Anti-Glare HDMI VGA,105.08,24.0,16:9,60.0,8.0,Dell,E2420Hs,2025-02-02 17:03:37
Gaming moniter,105.36,21.45,,75.0,1.0,Xiaomi,Acer Nitro VG270,2025-02-02 17:02:59
Dell 27 Monitor - E2722H - Full 1080p Technology- NEW,105.99,27.0,,,5.0,Dell,Dell P2722H,2025-02-02 17:03:18
Dell P2418D 24 169 Widescreen Monitor 2560 x 1440 - NO STAND,109.99,24.0,16:9,,5.0,DELL,DELL P2418D,2025-02-02 17:02:58
S1 Dual Screen Extender Black 1080P Plug Play for 14 Laptop MacOSWindows,109.99,14.0,,,5.0,Unbranded,S1,2025-02-02 17:03:06
18.5 Portable Monitor 19201080 Type USB C Screen Monitor For Game Xbox,109.99,18.5,16:9,120.0,5.0,UPERFECT,UP185E03,2025-02-02 17:03:20
HP M24fwa Monitor 10001 300 nits AMD FreeSync Anti-glare VGA HDMI,111.0,24.0,16:9,75.0,5.0,HP,M24fwa,2025-02-02 17:03:24
MSI 24 Rapid 1920 x 1080 G244PF E2,112.49,24.0,16:9,180.0,1.0,MSI,G244PF E2,2025-02-02 17:03:22
LG 27 UltraGear wAMD FreeSync 27GQ40W-B,115.51,27.0,16:9,165.0,1.0,LG,UltraGear,2025-02-02 17:03:28
Dell S2422HZ 23.8 Monitor 169 AMD FreeSync Height Pivot Swivel Tilt,119.0,24.0,16:9,75.0,4.0,Dell,S2422HZ,2025-02-02 17:03:00
Viotek 27 Gaming Monitor 2560x1440p w Adjustable Stand 1x DP 2x HDMI,119.98,27.0,16:9,144.0,1.0,VIOTEK,GFV27DAB,2025-02-02 17:02:46
Viotek 27 LED 2560x1440p DP HDMI GFT27DB,119.99,27.0,16:9,144.0,1.0,VIOTEK,GFT27DB,2025-02-02 17:03:55
Acer Predator XB3 XB273U Gxbmiipruzx 27 LED - Black,119.99,27.0,16:9,240.0,1.0,Acer,Acer Predator XB3,2025-02-02 17:03:19
NEW Orion Images 24RPCS LED Monitor Series 24 LED - Backlit Monitor,120.0,24.0,,75.0,5.0,Orion,,2025-02-02 17:03:32
Dell S2721H 27-inch Full 1920 x 1080p LED LCD Thin Bezel Adjustable,120.0,27.0,,75.0,5.0,Dell,,2025-02-02 17:02:59
ASUS VT168HR 15.6 Full HDMI Back-lit LED Monitor Black,122.08,15.6,16:9,60.0,5.0,ASUS,,2025-02-02 17:03:08
NEW Touch Screen POS LCD TouchScreen Monitor Retail Kiosk Restaurant Bar,122.12,17.0,4:3,,5.0,Unbranded,,2025-02-02 17:03:32
ASUS ZenScreen MB165B Portable USB Monitor - 1366 x 768,123.94,15.6,16:9,60.0,5.0,ASUS,MB165B,2025-02-02 17:03:41
LG 24GQ40W-B 24 Full FreeSync Monitor - Black NEW,124.4,24.0,16:9,165.0,1.0,LG,24GQ40W-B,2025-02-02 17:03:31
Tutu Monitor Full Panel Borderless Eye Care 1920 X 1080 VGA,125.98,22.0,,75.0,5.0,Does not apply,,2025-02-02 17:03:36
Portable Monitor 15.6 38402160 Monitor LCD Display 100 Adobe RGB,126.32,15.6,16:9,60.0,3.0,UPERFECT,UP156J10,2025-02-02 17:02:47
Viotek 27 Height Adjustable 1440p HDMI DP,129.99,27.0,16:9,180.0,1.0,VIOTEK,GFI27DBXA-R,2025-02-02 17:03:27
SideTrak Swivel V2 STTL14BL 14 TFT LCD Portable Dual Monitor - Black,129.99,14.0,16:9,60.0,30.0,SideTrak,SideTrak Swivel V2,2025-02-02 17:02:46
UPERFECT 2K Portable 16 Portable Monitor,129.99,16.0,16:10,120.0,5.0,UPERFECT,,2025-02-02 17:03:07
LG UltraFine Widescreen LED Monitor - 27MD5KL,131.22,27.0,16:9,60.0,5.0,LG,UltraFine,2025-02-02 17:02:46
HP E23 G4 23 Monitor 169 Anti-Glare DisplayPort HDMI VGA,139.0,23.0,16:9,60.0,5.0,HP,HP E23 G4,2025-02-02 17:03:06
11.6 Triple Laptop Monitor Extender 1080P Screen Panel Secondhand,139.99,11.6,16:9,60.0,5.0,Maxfree,X2,2025-02-02 17:03:40
Dell Ultrasharp U2719DC 27 Widescreen HDMI Monitor 2560 x 1440 Cables,142.0,27.0,16:9,,5.0,Dell,U2719DC,2025-02-02 17:03:31
GIGABYTE - GS27FC SA - 27 - - -,142.99,27.0,,180.0,1.0,GIGABYTE,GS27FC SA1,2025-02-02 17:03:10
MSI 27 Rapid G-Sync Compatible 1920 x 1080,142.99,27.0,16:9,180.0,1.0,MSI,G274F,2025-02-02 17:03:24
Laptop Screen Extender 14 Portable Triple Monitor for Laptop with Full S3,144.97,14.0,16:9,60.0,5.0,Unbranded,S3,2025-02-02 17:03:26
HP E27q G4 27 GtG Anti-glare Edge-lit HDMI DisplayPort Monitor,148.0,27.0,16:9,60.0,5.0,HP,HP E27q G4,2025-02-02 17:03:32
SAMSUNG 25 Odyssey G4 Series LS25BG402ENXGO - BLACK,148.5,25.0,"16:9, 21:9",240.0,1.0,Samsung,dyssey G4 Series,2025-02-02 17:03:10
MSI 27 G-SYNC GTG Optix G274,149.99,27.0,16:9,170.0,1.0,MSI,3CC2,2025-02-02 17:03:03
HP Series 5 Desktop Monitor 527sf 300nits Dual HDMI,154.84,27.0,16:9,100.0,5.0,HP,HP Series 5 27 inch FHD Monitor - 527sf,2025-02-02 17:03:07
Dell 27 Monitor P2725H,154.99,27.0,16:09,,5.0,Dell,P2725HSAP,2025-02-02 17:03:16
Viltrox DC-550 Pro 5.5 1200nit High Brightness Full HDMI LCD Monitor,161.65,5.5,,,5.0,Viltrox,DC-550 Pro,2025-02-02 17:03:14
Cooler Master Tempest GP2711 27 2K Mini LED PC,163.99,27.0,,165.0,5.0,Cooler Master,,2025-02-02 17:03:28
ASUS 24-inch monitor VY249HE Slim Vezel Flickr-free,165.57,24.0,,75.0,5.0,ASUS,,2025-02-02 17:03:08
Used 18 18.4 Portable Monitor Gaming Display 180 Adjustable Stand,165.99,18.4,16:9,60.0,3.0,UPERFECT,UXbox T118,2025-02-02 17:03:25
EVICIV Portable Monitor 18.4 10Bit with VESA Stand 180 Adjustable AA Used,165.99,18.4,16:9,60.0,3.0,EVICIV,EV184T01,2025-02-02 17:02:47
26 66cm Open Frame Display Monitor Full 1610 230V 24V M26,167.7,22.0,16:10,,5.0,Novomatic,,2025-02-02 17:03:15
Lenovo ThinkVision P27h-10 27 LED LCD Monitor - Black 61AFGAR1US,167.99,27.0,16:9,,5.0,Lenovo,,2025-02-02 17:03:35
Dell P2715Qt 27 Ultra LED LCD Monitor 169 HDMI mDP VGA75 Hz -GRADE A,169.99,27.0,16:9,75.0,6.0,Dell,P2715qt,2025-02-02 17:03:42
MSI 32 31.5 Viewable OC 1920 x 1080 81 Adobe,173.49,32.0,16:9,250.0,1.0,MSI,MAG 32C6X,2025-02-02 17:03:16
ASUS TUF Gaming 27 2560 x 1440,173.49,27.0,16:9,170.0,1.0,ASUS,ASUS VG27AQA1A,2025-02-02 17:03:06
Lenovo L27I-4A 27 Full Monitor 300 Nits Reakti,174.06,22.0,,100.0,5.0,Does not apply,,2025-02-02 17:03:40
LG 27SR50F-W 27 LED Smart Monitor,175.0,27.0,,60.0,5.0,LG,LG 27SR50F-W,2025-02-02 17:03:42
HP E34m G4 34 LED Conferencing Monitor - Black,175.99,34.0,21:9,75.0,5.0,HP,HP E34m G4,2025-02-02 17:03:02
Dell S2421HS Widescreen LED Monitor,179.99,24.0,,75.0,5.0,Dell,,2025-02-02 17:03:45
Lenovo ThinkVision T24i-20 Panel Monitor 1920 x 1080 HDMI 61F7-MAR1-US,179.99,23.8,,60.0,5.0,Vision,,2025-02-02 17:03:36
Dell - G2723H 27.0 LED - AMD FreeSync - NVIDIA G-Sync Compatible - 280H,179.99,24.0,16:9,,1.0,Dell,,2025-02-02 17:03:22
LG 27BP55U-B 27 Desktop Monitor Black Silver,180.0,27.0,,60.0,5.0,LG Electronics,,2025-02-02 17:03:10
MAXFREE S2 Portable 14 Triple Monitor Laptop Screen Extender - 1080P 169,184.99,14.0,16:9,60.0,1.0,Maxfree,MAXFREE S2,2025-02-02 17:04:23
GOLDFINGER LED TOUCHSCREEN MONITOR GF-23H23A17 23-IN. TESTED,188.0,23.0,1:1,,5.0,GOLDFINGER,,2025-02-02 17:03:13
Dell P2722HE 27 Full USB-C Hub Monitor,189.99,27.0,16:9,60.0,5.0,Dell,Dell P2722HE,2025-02-02 17:03:08
PC Monitor Full 1080P Frameless...,190.63,32.0,,180.0,5.0,Gawfolk,,2025-02-02 17:03:01
LG Monitor 34in 34WP500-B HDMI on Screen Control AMD FreeSync,192.49,34.0,21:9,75.0,5.0,LG,34WP500,2025-02-02 17:02:46
KOORUI 1080P Compatible Adaptive Sync G,198.93,22.0,,165.0,5.0,Does not apply,,2025-02-02 17:02:43
NEW HP L7016t 15.6 LCD Touchscreen Monitor 169 - Wall Mounble V1X13AAABA,199.99,15.6,16:9,60.0,5.0,HP,L7016t,2025-02-02 17:03:13
Trutech PVS31170S1 17 LCD TV Monitor With DVD Player 2-IN-1 w Remote Open Box,199.99,17.0,See Description,,5.0,Trutech,PVS31170S1,2025-02-02 17:03:41
AOC Gaming 27G4XED - Full Monitor Freesync Prem. G-Sy,213.87,22.0,,180.0,5.0,Does not apply,,2025-02-02 17:02:45
Dell S2722QC Monitor - USB-C 3840 x 2160 Display Refres,214.99,27.0,16:9,60.0,4.0,Dell,Dell S2722QC,2025-02-02 17:03:23
NEW Dell S2722QC 27 inch USB-C Monitor 3840 x 2160 Computer Display,214.99,27.0,,60.0,5.0,Dell,,2025-02-02 17:02:47
ThinkVision M15 15.6 Full WLED LCD Monitor - 169 - Raven Black,218.41,15.6,16:9,60.0,6.0,Lenovo,Lenovo ThinkVision M15,2025-02-02 17:02:46
UPERFECT Portable Monitor 16 3K Portable,222.99,16.0,16:10,120.0,3.0,UPERFECT,UP160B01,2025-02-02 17:03:10
ASUS ROG Strix XG279Q 27 LED Computer Monitor,228.0,27.0,16:9,170.0,1.0,ASUS,ASUS ROG Strix XG279Q,2025-02-02 17:02:43
Dell G2724D 27-Inch FAST Display,239.95,27.0,16:9,165.0,1.0,Dell,Dell G2724D,2025-02-02 17:02:45
Dual V27i G5 27 Monitor Bundle 27 1920 x 1080 48-,239.99,23.4,16:9,75.0,5.0,HP,HP V27i G5 FHD Monitor,2025-02-02 17:03:33
8.8 Touch Screen LCD Monitor Resolution Bar Display,249.95,22.0,Unknown,,5.0,Does not apply,,2025-02-02 17:03:11
GTmedia 116 Dual Monitor Extender Triple Portable Screen For Laptop PC,254.25,11.6,16:9,60.0,3.0,GTMEDIA,X Mate,2025-02-02 17:03:30
Gawfolk PC Screen Full 1080P,257.89,32.0,8:5,240.0,4.0,Gawfolk,,2025-02-02 17:03:33
US Godox GM6S DSLR Camera Monitor HDMI 3D LUT Touch Screen,259.0,5.5,,,5.0,GODOX,GM6S,2025-02-02 17:03:10
FlipGo Lite 15.6 Dual Stacked Portable Monitor 1080P Laptop Screen,259.99,15.6,,60.0,5.0,JSAUX,,2025-02-02 17:03:12
Samsung S80A Widescreen LED Monitor - LS27A800UNNXZA,260.0,27.0,16:9,60.0,5.0,Samsung,S80A,2025-02-02 17:03:16
Dell P2418HT 24 Touch Widescreen 169 Backlit LED Monitor Grade A,279.99,24.0,16:9,60.0,6.0,Dell,P2418HT,2025-02-02 17:03:09
GIGABYTE M27Q-X 27 1440P KVM 2560 x 1440 SS Display,285.99,27.0,16:9,240.0,1.0,GIGABYTE,GIGABYTE M27Q X,2025-02-02 17:03:18
Lenovo Thinkvision T24m-20 - 23.8 Monitor,289.17,21.5,16:9,60.0,4.0,Lenovo,,2025-02-02 17:03:12
LG 34WP580 34 Monitor with Ergo Stand 34WP580-B,299.0,34.0,21:9,75.0,5.0,LG,LG Ultrawide 34WP580-B,2025-02-02 17:03:26
BenQ PD2705U 27 3840 x 2160 DisplayPort HDMI LED Backlit Monitor,325.0,27.0,16:9,60.0,5.0,BenQ,PD2705U,2025-02-02 17:03:19
Dell UltraSharp 27 Monitor - U2724DE Thunderbolt Version NEW Sealed,349.99,27.0,,120.0,5.0,Dell,,2025-02-02 17:03:14
Screen Monitor 34401440 219 Super Wide,357.61,34.0,21:9,165.0,1.0,Hopestar,Hopestar,2025-02-02 17:03:41
Plug And Play Portable Dual Monitor For Laptop Triple Screen Extender Monitor,359.99,15.6,16:9,,5.0,Unbranded,S9,2025-02-02 17:02:43
Dell Ultrasharp Thunderbolt Hub Monitor U2724DE New 2024 With Stand,368.78,27.0,,120.0,5.0,Dell,Dell U2724DE,2025-02-02 17:03:16
UStation Max 18.5 Stacked Monitor Laptop Dual Screen Folding Display 1080P Used,369.0,18.5,16:9,100.0,5.0,EVICIV,UStation Max,2025-02-02 17:03:37
Lcd Monitor Computer Display Rgb Lig,369.75,34.0,16:9,144.0,1.0,sarpory,,2025-02-02 17:03:31
Metal material 12.1 inch industrial embed resistive LCD touch display monitor,380.0,12.1,4:3,,5.0,Xintai Touch,XT-OTM12101M,2025-02-02 17:02:44
Metal material 19 inch industrial embedd resistive LCD touch display monitor,390.0,19.0,4:3,,5.0,Xintai Touch,XT-OTM1901M,2025-02-02 17:03:42
New SAMSUNG 49 Odyssey G91SD Series,799.94,27.0,,144.0,5.0,Samsung,,2025-02-02 17:03:27
