Title,Price,Case Size,Battery Capacity,Brand,Model,Operating System,Storage Capacity,Collection Date
Data not available,17.4875,44,,Unknown,"Drift BT Calling HD Display, 140+ Watchfaces, Complete Health Monitoring",watchOS 10,64,2/5/2025 17:28
"Boult Drift Max 2.01''HD Screen,BT Calling, Working Cro...",14.9875,44,,Unknown,"Drift Max 2.01''HD Screen,BT Calling, Working Crown, Complete Health Track, IP68",watchOS 10,64,2/5/2025 17:28
"boAt Lunar Discovery w/ Turn by Turn Navigation, 3.53 c...",18.7375,44,,Unknown,"Lunar Discovery w/ Turn by Turn Navigation, 3.53 cm HD Display & BT Calling",watchOS 10,64,2/5/2025 17:28
"Noise Crew Go with 1.39"" Display, BT Calling with Metal...",19.9875,44,,Unknown,"Crew Go with 1.39"" Display, BT Calling with Metal Strap and 7 Days Battery Life",watchOS 10,64,2/5/2025 17:28
Fire-Boltt Ninja Talk 35.3mm (1.39) Round Bluetooth Cal...,18.7375,35.3,,Unknown,"Ninja Talk 35.3mm (1.39) Round Bluetooth Calling Metal Body,120 Sports Modes",watchOS 10,64,2/5/2025 17:28
"Boult Drift BT Calling HD Display, 140+ Watchfaces, Com...",13.7375,44,,Unknown,"Drift BT Calling HD Display, 140+ Watchfaces, Complete Health Monitoring",watchOS 10,64,2/5/2025 17:28
"Maxima Max Pro Infinity 2.01""Ultra HD 2.5D Curved Displ...",12.4875,44,,Unknown,"Max Pro Infinity 2.01""Ultra HD 2.5D Curved Display,BT Calling,AI Voice Assistant",watchOS 10,64,2/5/2025 17:28
Noise Colorfit Icon 2 1.8'' Display with Bluetooth Call...,13.7375,44,,Unknown,"Colorfit Icon 2 1.8'' Display with Bluetooth Calling, AI Voice Assistant",watchOS 10,64,2/5/2025 17:28
"Noise Icon 4 with Stunning 1.96'' AMOLED Display, Metal...",21.2375,44,,Unknown,"Icon 4 with Stunning 1.96'' AMOLED Display, Metallic Finish, BT Calling",watchOS 10,64,2/5/2025 17:28
"Boult Trail 2.01"" 3D Curved HD Display, Working Crown, ...",16.2375,44,,Unknown,"Trail 2.01"" 3D Curved HD Display, Working Crown, 190+ Watch Faces, Health Track",watchOS 10,64,2/5/2025 17:28
Samsung Galaxy Gear S SM- Curved Super -,82.95,44,305,Samsung,Samsung Galaxy Gear,Tizen,32,2/5/2025 17:28
"Boult Drift+ Bluetooth Calling, 1.85"" HD, 500Nits Brigh...",13.7375,44,,Unknown,"Drift+ Bluetooth Calling, 1.85"" HD, 500Nits Brightness, 150+ Watchfaces, SpO2",watchOS 10,64,2/5/2025 17:28
"beatXP Unbound Neo 1.8"" Super AMOLED Display, BT Callin...",12.4875,44,,Unknown,"Unbound Neo 1.8"" Super AMOLED Display, BT Calling, 500nits Brightness",watchOS 10,64,2/5/2025 17:28
"Boult Trail Pro 2.01''3D Curved Display, 600Nits, 250+ ...",22.4875,44,,Unknown,"Trail Pro 2.01''3D Curved Display, 600Nits, 250+ Watch Faces, Health Track, IP68",watchOS 10,64,2/5/2025 17:28
PunnkFunnk T800 ultra Series 8 smart watch with AI assi...,7.375,44,,Unknown,"T800 ultra Series 8 smart watch with AI assistant, bluetooth calling and fitness",Android and ios,2,2/5/2025 17:28
"CMF by Nothing Watch Pro 2, 1.32"" AMOLED, auto-brightne...",56.2375,44,,Unknown,"Watch Pro 2, 1.32"" AMOLED, auto-brightness,Gesture Control, 3D warmup guide,GPS",watchOS 10,64,2/5/2025 17:28
Fastrack Optimus2 Pro-1.43'' AMOLED|Advanced Blazing Fa...,26.2375,44,,Fastrack,Optimus2 Pro-1.43'' AMOLED|Advanced Blazing Fast UI|AOD|Metal Case|Working Crown,watchOS 10,64,2/5/2025 17:28
"Melbon Pink I8 Pro Watch 1.69"" LCD Display, Multiple Wa...",5.925,44,,Unknown,"Pink I8 Pro Watch 1.69‚Äù LCD Display, Multiple Watch Faces,Sleep Monitor,Heart",Android and ios,2,2/5/2025 17:28
"Boult CrownR Pro 1.43''HD AMOLED, BT Calling, Zinc Allo...",22.4875,44,,Unknown,"CrownR Pro 1.43''HD AMOLED, BT Calling, Zinc Alloy Frame, IP67, SpO2 Tracking",watchOS 10,64,2/5/2025 17:28
Data not available,26.2375,44,,Unknown,"Drift BT Calling HD Display, 140+ Watchfaces, Complete Health Monitoring",watchOS 10,64,2/5/2025 17:28
"Noise Icon 2 1.8'' Display with Bluetooth Calling, Wome...",13.7375,44,,Unknown,"Icon 2 1.8'' Display with Bluetooth Calling, Women's Edition, AI Voice Assistant",watchOS 10,64,2/5/2025 17:28
"Boult Crown 1.95'' Screen, BT Calling, Working Crown, Z...",17.4875,44,,Unknown,"Crown 1.95'' Screen, BT Calling, Working Crown, Zinc Alloy Frame, 900 Nits, SpO2",watchOS 10,64,2/5/2025 17:28
"Boult Crown 1.95'' Screen, BT Calling, Working Crown, Z...",16.2375,44,,Unknown,"Crown 1.95'' Screen, BT Calling, Working Crown, Zinc Alloy Frame, 900 Nits, SpO2",watchOS 10,64,2/5/2025 17:28
"Noise Thrive 1.85'' Display with Bluetooth Calling, Mus...",13.7375,44,,Unknown,"Thrive 1.85'' Display with Bluetooth Calling, Music Playback & Voice Assistance",watchOS 10,64,2/5/2025 17:28
"Noise Evolve 3 1.43"" AMOLED Always-On Display with Blue...",23.7375,44,,Unknown,"Evolve 3 1.43"" AMOLED Always-On Display with Bluetooth Calling, Metallic Design",watchOS 10,64,2/5/2025 17:28
Data not available,24.9875,44,,Unknown,"Drift BT Calling HD Display, 140+ Watchfaces, Complete Health Monitoring",watchOS 10,64,2/5/2025 17:28
"Melbon T800 Trending Bluetooth caliing,Game,Fitness, He...",7.8375,44,,Unknown,"T800 Trending Bluetooth caliing,Game,Fitness, Health, Ai, NFC Touch screen 1.99""",Android and ios,64,2/5/2025 17:28
Fire-Boltt Hurricane 33.02mm (1.3) Curved Glass Display...,18.7375,33.02,,Unknown,"Hurricane 33.02mm (1.3) Curved Glass Display with BT Calling, 100+ Sports Modes",watchOS 10,64,2/5/2025 17:28
Fastrack Revoltt X-1.83'|Blazing Fast UI|Single Sync BT...,12.4875,44,,Fastrack,Revoltt X-1.83'|Blazing Fast UI|Single Sync BT Calling|Calculator|In-built games,watchOS 10,64,2/5/2025 17:28
Noise ColorFit Pro 6 Max Smartwatch,93.7375,44,,Unknown,ColorFit Pro 6 Max,watchOS 10,64,2/5/2025 17:28
Fastrack Revoltt XR1-1.38|BT Calling|Fast Charge|100+ S...,14.9875,44,,Fastrack,Revoltt XR1-1.38|BT Calling|Fast Charge|100+ Sports Mode|IP68|Calculator|Fashion,watchOS 10,64,2/5/2025 17:28
Fire-Boltt Hunter 51.1mm (2.01) HD Display Buetooth Cal...,16.2375,51.1,,Unknown,"Hunter 51.1mm (2.01) HD Display Buetooth Calling with Single Chipset, Metal Body",watchOS 10,64,2/5/2025 17:28
Fire-Boltt Ninja Calling Pro Plus 46.5mm (1.83) Display...,16.2375,46.5,,Unknown,"Ninja Calling Pro Plus 46.5mm (1.83) Display Bluetooth Calling, AI Voice",watchOS 10,64,2/5/2025 17:28
"Boult Drift BT Calling 1.69"" HD Display, 140+ Watchface...",13.7375,44,,Unknown,"Drift BT Calling 1.69"" HD Display, 140+ Watchfaces, Complete Health Monitoring",watchOS 10,64,2/5/2025 17:28
Fire-Boltt Ninja Talk 35.3mm (1.39) Round Bluetooth Cal...,21.2375,35.3,,Unknown,"Ninja Talk 35.3mm (1.39) Round Bluetooth Calling Metal Body,120 Sports Modes",watchOS 10,64,2/5/2025 17:28
"Fire-Boltt Dream WristPhone - 4G SIM/LTE/WiFi, Android ...",56.2375,44,,Unknown,"Dream WristPhone - 4G SIM/LTE/WiFi, Android OS, Play store unlimited apps, GPS",watchOS 10,64,2/5/2025 17:28
"Cellecor STEW 1.83"" BT Calling, 500 NITS, AI Voice Assi...",11.2375,44,,Unknown,"STEW 1.83"" BT Calling, 500 NITS, AI Voice Assistant,SPo2,HR, Split Screen",watchOS 10,64,2/5/2025 17:28
"Boult Drift Max 2.01''HD Screen,BT Calling, Working Cro...",13.7375,44,,Unknown,"Drift Max 2.01''HD Screen,BT Calling, Working Crown, Complete Health Track, IP68",watchOS 10,64,2/5/2025 17:28
Fastrack Revoltt XR1-1.38|BT Calling|Fast Charge|100+ S...,17.4875,44,,Fastrack,Revoltt XR1-1.38|BT Calling|Fast Charge|100+ Sports Mode|IP68|Calculator|Fashion,watchOS 10,64,2/5/2025 17:28
"Cult Velocity with Built-in Turbo Track GPS,1.4'' AMOLE...",28.7375,44,,Unknown,"Velocity with Built-in Turbo Track GPS,1.4'' AMOLED Display, Compass, BT Calling",Android & iOS,64,2/5/2025 17:28
Data not available,34.9875,44,,Unknown,"Drift BT Calling HD Display, 140+ Watchfaces, Complete Health Monitoring",watchOS 10,64,2/5/2025 17:28
Fastrack Revoltt FS1-1.83''|BT Calling|Fast Charge|110+...,16.2375,44,,Fastrack,Revoltt FS1-1.83''|BT Calling|Fast Charge|110+ Sports Mode|200+ WatchFaces|IP68,watchOS 10,64,2/5/2025 17:28
"Cellecor HYPE 1.50"" HD IPS Display with 500 NITS | BT-C...",12.4875,44,,Unknown,"HYPE 1.50"" HD IPS Display with 500 NITS | BT-Calling | VoiceAssistant",watchOS 10,64,2/5/2025 17:28
Titan Zeal-1.85''|AMOLED|700 Nits|AOD|Premium Design|Fu...,49.9875,44,,Unknown,Zeal-1.85''|AMOLED|700 Nits|AOD|Premium Design|Functional Crown|AI Coach|Fashion,watchOS 10,64,2/5/2025 17:28
Fastrack Revoltt FS2+|2.01'' Display|Functional Crown|B...,17.4875,44,,Fastrack,Revoltt FS2+|2.01'' Display|Functional Crown|BT Calling|AI Voice Assistance|IP68,watchOS 10,64,2/5/2025 17:28
"SAMSUNG Galaxy Watch FE, 40mm BT, Sapphire Crystal Disp...",124.9875,40,,Samsung,"Galaxy Watch FE, 40mm BT, Sapphire Crystal Display, Sleep Coach, Fall Detection",Android,16,2/5/2025 17:28
Apple Watch Series 9 GPS 45mm Aluminium Case with Sport...,553.7375,45,,Apple,Watch Series 9 GPS 45mm Aluminium Case with Sport Band - S/M,watchOS 10,64,2/5/2025 17:28
"Noise Caliber 3 Plus Metal Edition 1.96"" AMOLED Display...",19.9875,44,,Unknown,"Caliber 3 Plus Metal Edition 1.96"" AMOLED Display, Functional Crown, BT Calling",watchOS 10,64,2/5/2025 17:28
Data not available,49.9875,44,,Unknown,"Drift BT Calling HD Display, 140+ Watchfaces, Complete Health Monitoring",watchOS 10,64,2/5/2025 17:28
"Fastrack Optimus Pro with 1.43"" AMOLED Display & AOD(46...",24.9875,44,,Fastrack,"Optimus Pro with 1.43"" AMOLED Display & AOD(466x466),Functional Crown,BT Calling",watchOS 10,64,2/5/2025 17:28
"Fastrack Revoltt FS1 Pro|World's First,1.96"" Super AMOL...",22.4875,44,,Fastrack,"Revoltt FS1 Pro|World's First,1.96"" Super AMOLED|Highest Resolution|BT Calling",watchOS 10,64,2/5/2025 17:28
Apple Watch Series 9 GPS 41mm Silver Aluminium Case wit...,523.75,41,,Apple,Watch Series 9 GPS 41mm Silver Aluminium Case with Storm Blue Sport Band - S/M,watchOS 10,64,2/5/2025 17:28
"Fire-Boltt Clickk 54.1mm (2.12 inch) AMOLED Display, Fr...",74.9875,54.1,,Unknown,"Clickk 54.1mm (2.12 inch) AMOLED Display, Front Camera, Nano SIM Slot, 1000mAh",watchOS 10,64,2/5/2025 17:28
"boAt Storm call 3 w/TBT Navigation,Watch Face Studio,1....",17.4875,44,,Unknown,"Storm call 3 w/TBT Navigation,Watch Face Studio,1.83''(4.6 cm)HD Display,QR Tray",watchOS 10,64,2/5/2025 17:28
Data not available,19.9875,44,,Unknown,"Drift BT Calling HD Display, 140+ Watchfaces, Complete Health Monitoring",watchOS 10,64,2/5/2025 17:28
"REDMI Watch 5 Active BT Calling 3 mic,2""HD Screen,18 da...",34.9875,44,,Unknown,"Watch 5 Active BT Calling 3 mic,2""HD Screen,18 days battery,HyperOS,Metal body","Android, iOS",64,2/5/2025 17:28
Fastrack Revoltt FS1-1.83''|BT Calling|Fast Charge|110+...,14.3625,44,,Fastrack,Revoltt FS1-1.83''|BT Calling|Fast Charge|110+ Sports Mode|200+ WatchFaces|IP68,watchOS 10,64,2/5/2025 17:28
Apple Watch Series 10 GPS 42mm Jet Black Aluminium with...,569.9875,42,,Apple,Watch Series 10 GPS 42mm Jet Black Aluminium with Ink Sport Loop,watchOS 11,64,2/5/2025 17:28
"Boult Trail 2.01"" 3D Curved HD Display, Working Crown, ...",18.7375,44,,Unknown,"Trail 2.01"" 3D Curved HD Display, Working Crown, 190+ Watch Faces, Health Track",watchOS 10,64,2/5/2025 17:28
"realme Watch S2, 1.43"" AMOLED Display, Super AI Engine ...",59.9875,44,,Unknown,"Watch S2, 1.43"" AMOLED Display, Super AI Engine & upto 20 days battery",watchOS 10,500,2/5/2025 17:28
"Boult Dire 1.38'' 2.5D Curved HD Display, 500Nits, 250+...",17.4875,44,,Unknown,"Dire 1.38'' 2.5D Curved HD Display, 500Nits, 250+ Watch Faces, Health Track,IP67",watchOS 10,64,2/5/2025 17:28
"Boult CrownR Pro 1.43''HD AMOLED, BT Calling, Zinc Allo...",24.9875,44,,Unknown,"CrownR Pro 1.43''HD AMOLED, BT Calling, Zinc Alloy Frame, IP67, SpO2 Tracking",watchOS 10,64,2/5/2025 17:28
Data not available,19.3625,44,,Unknown,"Drift BT Calling HD Display, 140+ Watchfaces, Complete Health Monitoring",watchOS 10,64,2/5/2025 17:28
"realme Watch S2, 1.43"" AMOLED Display, Super AI Engine ...",56.2375,44,,Unknown,"Watch S2, 1.43"" AMOLED Display, Super AI Engine & upto 20 days battery",watchOS 10,500,2/5/2025 17:28
Fastrack Revoltt X-1.83'|Blazing Fast UI|Single Sync BT...,13.7375,44,,Fastrack,Revoltt X-1.83'|Blazing Fast UI|Single Sync BT Calling|Calculator|In-built games,watchOS 10,64,2/5/2025 17:28
Apple Watch Series 9 GPS 41mm Starlight Aluminium Case ...,523.75,41,,Apple,Watch Series 9 GPS 41mm Starlight Aluminium Case with Starlight Sport Band - M/L,watchOS 10,64,2/5/2025 17:28
Fire-Boltt Supernova 45.2mm (1.78) AMOLED 368*448px Res...,23.7375,45.2,,Unknown,"Supernova 45.2mm (1.78) AMOLED 368*448px Res,BT Calling and 123 Sports Modes",watchOS 10,64,2/5/2025 17:28
"Noise Pro 5 Max 1.96 AMOLED Display, Post Workout Analy...",49.9875,44,,Unknown,"Pro 5 Max 1.96 AMOLED Display, Post Workout Analysis, DIY Watch face, BT Calling",watchOS 10,64,2/5/2025 17:28
"WTG PF9 Series 1.39"" AMOLED Display Music & Fitness BT ...",17.475,44,,Unknown,"PF9 Series 1.39"" AMOLED Display Music & Fitness BT Calling Luxury Design girls","Android , iOS",512,2/5/2025 17:28
Data not available,18.7375,44,,Unknown,"Drift BT Calling HD Display, 140+ Watchfaces, Complete Health Monitoring",watchOS 10,64,2/5/2025 17:28
Fire-Boltt Epic Plus with 46.5mm (1.83) 2.5D Curved Gla...,14.9875,46.5,,Unknown,"Epic Plus with 46.5mm (1.83) 2.5D Curved Glass,SPO2, Heart Rate, Touchscreen",watchOS 10,64,2/5/2025 17:28
Fastrack Revoltt Pro-1.97'' Super AMOLED Display|AOD|Wo...,24.9875,44,,Fastrack,Revoltt Pro-1.97'' Super AMOLED Display|AOD|Working Crown|BT Calling|Fast Charge,watchOS 10,64,2/5/2025 17:28
Fire-Boltt Brillia 51.3mm (2.05 inch) Largest AMOLED Di...,23.7375,51.3,,Unknown,"Brillia 51.3mm (2.05 inch) Largest AMOLED Display,Bluetooth Calling AI Assistant",watchOS 10,64,2/5/2025 17:28
"Cult Active TR 1.52""HD Display,Stainless Steel Build,Wi...",24.9875,44,,Unknown,"Active TR 1.52""HD Display,Stainless Steel Build,Wireless Charging, BT Calling",Android & iOS,64,2/5/2025 17:28
Data not available,27.4875,44,,Unknown,"Drift BT Calling HD Display, 140+ Watchfaces, Complete Health Monitoring",watchOS 10,64,2/5/2025 17:28
Fire-Boltt Talk Ultra 35.3mm (1.39) Round Color HD Disp...,19.9875,35.3,,Unknown,Talk Ultra 35.3mm (1.39) Round Color HD Display Bluetooth Calling & Metal Body,watchOS 10,64,2/5/2025 17:28
Ambrane Crest 1.39 inch round display 360*360 High Reso...,19.9875,44,,Unknown,Crest 1.39 inch round display 360*360 High Resolution with BT Calling,watchOS 10,64,2/5/2025 17:28
"alt Hunk, 1.96"", BT Calling, 200 Watchfaces,120 Sports ...",11.2375,44,,Unknown,"Hunk, 1.96"", BT Calling, 200 Watchfaces,120 Sports modes, 500 nits, Rugged Metal",watchOS 10,64,2/5/2025 17:28
Apple Watch Series 9 GPS + Cellular 41mm Silver Case & ...,573.7375,41,,Apple,Watch Series 9 GPS + Cellular 41mm Silver Case & Storm Blue Sport Band - M/L,watchOS 10,64,2/5/2025 17:28
Apple Watch Series 9 GPS + Cellular 45mm Silver Case & ...,616.2375,45,,Apple,Watch Series 9 GPS + Cellular 45mm Silver Case & Storm Blue Sport Band - M/L,watchOS 10,64,2/5/2025 17:28
"Fire-Boltt Obsidian 33.5mm (1.3 inch) AMOLED, Bluetooth...",28.7375,33.5,,Unknown,"Obsidian 33.5mm (1.3 inch) AMOLED, Bluetooth Calling, Stainless Steel Design",watchOS 10,64,2/5/2025 17:28
Data not available,523.7375,44,,Unknown,"Drift BT Calling HD Display, 140+ Watchfaces, Complete Health Monitoring",watchOS 10,64,2/5/2025 17:28
Apple Watch Series 10 GPS + Cellular 42mm Jet Black Alu...,711.2375,42,,Apple,Watch Series 10 GPS + Cellular 42mm Jet Black Aluminium with Black Sport Band,watchOS 11,64,2/5/2025 17:28
"Fire-Boltt Spectre Stainless Steel Luxury, 33.5mm (1.32...",17.4875,33.5,,Unknown,"Spectre Stainless Steel Luxury, 33.5mm (1.32 inch) Display, 360*360 Px High Res",watchOS 10,64,2/5/2025 17:28
Apple Watch Series 10 GPS + Cellular 46mm Jet Black Alu...,748.75,46,,Apple,Watch Series 10 GPS + Cellular 46mm Jet Black Aluminium with Black Sport Band,watchOS 11,64,2/5/2025 17:28
SAMSUNG Galaxy Watch7 44mm LTE,456.2375,44,,Samsung,Galaxy Watch7 44mm LTE,Android,32,2/5/2025 17:28
SAMSUNG GaWatch7 44mm BT,406.2375,44,,Samsung,GaWatch7 44mm BT,Android,32,2/5/2025 17:28
YAROH ATY_399A_T500 SMARTWATCH FOR MEN & WOMEN UNISEX B...,6.4875,44,,Unknown,ATY_399A_T500 SMARTWATCH FOR MEN & WOMEN UNISEX BLUETOOTH CALLING SMARTWATCH,watchOS 10,64,2/5/2025 17:28
"Pebble Mega 2.06""Amoled Display,BT Calling,Premium Meta...",33.7375,44,,Unknown,"Mega 2.06""Amoled Display,BT Calling,Premium Metal Built,Health Suite",watchOS 10,64,2/5/2025 17:28
"Pebble Royale Legend Slimmest Design,1.43''Amoled Displ...",49.9875,44,,Unknown,"Royale Legend Slimmest Design,1.43''Amoled Display, BT Calling, Premium Built",watchOS 10,64,2/5/2025 17:28
SAMSUNG Galaxy Watch7 40mm LTE,418.7375,40,,Samsung,Galaxy Watch7 40mm LTE,Android,32,2/5/2025 17:28
"Pebble Vienna Women 1.27""Ultra HD Display,Diamond Cut D...",31.2375,44,,Unknown,"Vienna Women 1.27""Ultra HD Display,Diamond Cut Design, BT Calling, Female Health",watchOS 10,64,2/5/2025 17:28
Cult Forge XR Smartwatch,27.4875,44,,Unknown,Forge XR,Android & iOS,64,2/5/2025 17:28
"Boult Craft 1.83"" HD Display, BT Calling, Health Monito...",13.7375,44,,Unknown,"Craft 1.83"" HD Display, BT Calling, Health Monitoring, Knurled Design, 500Nits",watchOS 10,64,2/5/2025 17:28
"Fire-Boltt Gladiator 49.7mm Display, Bluetooth Call, 12...",16.2375,49.7,,Unknown,"Gladiator 49.7mm Display, Bluetooth Call, 123 sports modes, IP67, voice assist",watchOS 10,64,2/5/2025 17:28
"Fire-Boltt Cobra 45.2mm (1.78) AMOLED Army Grade Build,...",16.2375,45.2,,Unknown,"Cobra 45.2mm (1.78) AMOLED Army Grade Build, Bluetooth Calling with 123 Sports.",watchOS 10,64,2/5/2025 17:28
Fire-Boltt Hulk 45.2mm (1.78) Amoled Bluetooth Calling ...,18.7375,45.2,,Unknown,Hulk 45.2mm (1.78) Amoled Bluetooth Calling with 120 sports modes,watchOS 10,64,2/5/2025 17:28
Data not available,62.4875,44,,Unknown,"Drift BT Calling HD Display, 140+ Watchfaces, Complete Health Monitoring",watchOS 10,64,2/5/2025 17:28
Gunjan Sales UltraT-800 Series 8 Bluetooth Call 4G Netw...,6.2875,44,,Unknown,UltraT-800 Series 8 Bluetooth Call 4G Network,watchOS 10,64,2/5/2025 17:28
"PA Maxima Max Pro Coral Lite 1.83""UltraHD Display,BT Ca...",17.4875,44,,Unknown,"Max Pro Coral Lite 1.83""UltraHD Display,BT Calling,AI Voice Assistant,Metal Body",watchOS 10,64,2/5/2025 17:28
HLMT Teenagers LED Luxurious Fashion Silicone Digital W...,3.0875,44,,Unknown,Teenagers LED Luxurious Fashion Silicone Digital Watch (Not smart watch),NO,64,2/5/2025 17:28
ROBB STARK T900 Series 8 Ultra Smart Watch HD 1.99 Inch...,8.3,44,,Unknown,T900 Series 8 Ultra Smart Watch HD 1.99 Inch Display Smart,Mobile phone,256,2/5/2025 17:28
HLMT Teenagers LED Luxurious Fashion Silicone Digital W...,3.0625,44,,Unknown,Teenagers LED Luxurious Fashion Silicone Digital Watch (Not smart watch),watchOS 10,64,2/5/2025 17:28
HLSTRIKES T900 Smart watch with WiFi GPS 4G Network T80...,7.4875,44,,Unknown,T900 Smart watch with WiFi GPS 4G Network T800 wifi supported S6,watchOS 10,64,2/5/2025 17:28
Techio T800 Ultra Smart Watch With Bluetooth bcalling o...,7.4875,44,,Unknown,T800 Ultra Smart Watch With Bluetooth bcalling oth C,"Android, IOS",256,2/5/2025 17:28
"CMF by Nothing Watch Pro 2, 1.32"" AMOLED, auto-brightne...",58.7375,44,,Unknown,"Watch Pro 2, 1.32"" AMOLED, auto-brightness,Gesture Control, 3D warmup guide,GPS",watchOS 10,64,2/5/2025 17:28
"Noise Crew 1.38"" Round Display with Bluetooth Calling, ...",13.7375,44,,Unknown,"Crew 1.38"" Round Display with Bluetooth Calling, Metallic finish, IP68 Rating",watchOS 10,64,2/5/2025 17:28
Apple Watch Ultra 2 GPS + Cellular 49mm Titanium Case w...,1123.75,49,,Apple,Watch Ultra 2 GPS + Cellular 49mm Titanium Case with Green/Grey Trail Loop - S/M,watchOS 10,64,2/5/2025 17:28
BOOMLY T10 Ultra with WiFi GPS Sim Card 4G W27 Smartwat...,6.525,44,,Unknown,T10 Ultra with WiFi GPS Sim Card 4G W27,Mobile phone,256,2/5/2025 17:28
Fastrack Magnus FX2-1.32''UltraVU Display|Metal Design|...,56.1875,44,,Fastrack,Magnus FX2-1.32''UltraVU Display|Metal Design|SS Strap|SOS|AI Voice Assistant,watchOS 10,64,2/5/2025 17:28
Data not available,28.7375,44,,Unknown,"Drift BT Calling HD Display, 140+ Watchfaces, Complete Health Monitoring",watchOS 10,64,2/5/2025 17:28
GameSir S9 Ultra Dark Golden BT Microphone Calling with...,13.575,44,,Unknown,S9 Ultra Dark Golden BT Microphone Calling with 25+ New Features NO Color Fade,Android and ios,1,2/5/2025 17:28
"boAt Enigma Z20, 1.51 inch HD Display,BT Calling,Sturdy...",31.2375,44,,Unknown,"Enigma Z20, 1.51 inch HD Display,BT Calling,Sturdy & Luxurious Metal Body Design",iOS 9 and Above | Android 6 and Above,64,2/5/2025 17:28
Satyam TRADERS T800 Ultra Smart Watch & Wireless Charge...,6.375,44,,Unknown,T800 Ultra Smart Watch & Wireless Charger,"Android , iOS",256,2/5/2025 17:28
Congi New 2024 Smart watch T800 Ultra Smartwatch,6.875,44,,Unknown,New 2024 Smart watch T800 Ultra,watchOS 10,64,2/5/2025 17:28
GETECH T10 ultra Full screen Series 8 5G Network Sim Ca...,8.8625,44,,Unknown,T10 ultra Full screen Series 8 5G Network Sim Cards,Mobile,256,2/5/2025 17:28
Shinify T800 Ultra Smart Watch & Wireless Charger Smart...,8.7375,44,,Unknown,T800 Ultra Smart Watch & Wireless Charger,"Android , iOS",256,2/5/2025 17:28
Data not available,22.4875,44,,Unknown,"Drift BT Calling HD Display, 140+ Watchfaces, Complete Health Monitoring",watchOS 10,64,2/5/2025 17:28
EVAAENTERPRISES evaaenterprisess gen9 SMARTWATCH party ...,14.8625,44,,Unknown,evaaenterprisess gen9 SMARTWATCH party wear 14,android/ios,16,2/5/2025 17:28
"Fire-Boltt Combat 49.5mm (1.95) Display, Rugged Outdoor...",17.4875,49.5,,Unknown,"Combat 49.5mm (1.95) Display, Rugged Outdoor Design, Voice Assistant BT Calling",watchOS 10,64,2/5/2025 17:28
Ghostcreation T800 Ultra smart watch with WiFi GPS Sim ...,8.5625,44,,Unknown,T800 Ultra smart watch with WiFi GPS Sim Card 4G W27,ANDROID,4,2/5/2025 17:28
"Zeorgia 1.95"" HD Display Bluetooth Calling with SpO2, M...",7.8625,44,,Unknown,"1.95"" HD Display Bluetooth Calling with SpO2, Metallic finish & Voice Assistant",Android & iOS,1,2/5/2025 17:28
Data not available,9.8375,44,,Unknown,"Drift BT Calling HD Display, 140+ Watchfaces, Complete Health Monitoring",watchOS 10,64,2/5/2025 17:28
