Title,Price,Brand,Memory Size,Memory Type,Chipset/GPU Model,Connectors,Collection Date
XFX SPEEDSTER SWFT 309 Radeon RX 6700 XT 12GB GDDR6 Graphics Card,$250.00 ,XFX,12 GB,GDDR6,AMD Radeon RX 6700 XT,"DisplayPort, HDMI",2/1/2025 17:56
NVIDIA TESLA K80 24GB GDDR5 GPU GRAPHICS CARD ACCELERATOR 699-22080-0200-511,$42.99 ,NVIDIA,24 GB,GDDR5,NVIDIA Tesla K80,N/A,2/1/2025 17:56
ASUS KO Nvidia GeForce RTX 3060 Ti V2 OC Edition 8GB GDDR6 gaming Graphics Card,$1.00 ,ASUS,8 GB,GDDR6,NVIDIA GeForce RTX 3060 Ti,"DisplayPort, HDMI",2/1/2025 17:56
GIGABYTE Radeon RX 7600 XT 16GB Gaming OC GDDR6 Video Graphics Card GPU,$324.99 ,GIGABYTE,16GB,GDDR6,AMD Radeon RX 7600 XT,HDMI,2/1/2025 17:56
Low Profile Bracket For Dell AMD Radeon RX550 RX640 R9J9P 6J78X Graphics Card,$8.65 ,Unbranded,Does Not Apply,N/A,AMD Radeon RX 550,"DisplayPort, Mini DisplayPort",2/1/2025 17:56
AMD Radeon RX 570 8GB GDDR5 Gaming Graphics Card,US $74.00,N/A,N/A,N/A,N/A,N/A,2/1/2025 17:56
SAPPHIRE GeForce GT 705 1GB DDR3 PCI-E Graphics card,$14.00 ,SAPPHIRE,1 GB,DDR3,NVIDIA GeForce GT 705,"DVI, HDMI, VGA",2/1/2025 17:56
Dell Nvidia RTX A5000 QN20-E5-A1 Graphics Card For Precision 7760 - 16 GB NJ5ND,US $355.00,N/A,N/A,N/A,N/A,N/A,2/1/2025 17:56
NVIDIA GTX 1660 SUPER 6GB Graphics Card - PARTS ONLY,US $20.00,N/A,N/A,N/A,N/A,N/A,2/1/2025 17:56
BIOSTAR Radeon RX 550 4GB GDDR5 Graphics Card (VA5515RF41TBMRABS2),$11.50 ,BIOSTAR,4 GB,GDDR5,AMD Radeon RX 550,"DisplayPort, DVI-D, HDMI",2/1/2025 17:56
512MB XFX ATi Radeon HD5750 Dual DVI / HDMI / DisplayPort PCI-e Graphics Card,$21.06 ,XFX,512 MB,GDDR5,ATI Radeon HD 5750,"DisplayPort, DVI, HDMI",2/1/2025 17:56
Dell AMD Radeon R5 340X 2GB GDDR3 PCI-Express DVI DisplayPort Video Graphics Car,$21.95 ,Dell,2 GB,GDDR3,Dell AMD Radeon R5 340X,"DisplayPort, DVI",2/1/2025 17:56
MSI GeForce GTX 1660 SUPER™ VENTUS XS OC 6GB Graphics Card USED WORKS GOOD,$20.00 ,MSI,6 GB,DDR6,GeForce GTX 1660 SUPER™ VENTUS XS,"DisplayPort, HDMI",2/1/2025 17:56
BIOSTAR Radeon RX 550 4GB GDDR5 Graphics Card (VA5515RF41TBMRABS2),$11.50 ,BIOSTAR,4 GB,GDDR5,AMD Radeon RX 550,"DisplayPort, DVI-D, HDMI",2/1/2025 17:56
SAPPHIRE Pulse Radeon RX 580 8GB GDDR5 Graphics Card,$61.00/ea,SAPPHIRE,8 GB,GDDR5,AMD Radeon RX 580,"DisplayPort, DVI, DVI-D, HDMI",2/1/2025 17:56
Nvidia RTX A4000 16GB GDDR6 PCIe 4.0 x16 Graphics Video Card VR Ready Near New,$683.97 ,NVIDIA,16 GB,N/A,NVIDIA RTX A4000,DisplayPort,2/1/2025 17:56
MSI Radeon RX 5700 XT EVOKE OC GDDR6 Graphics Card - 8GB,US $140.00,MSI,8 GB,GDDR6,MSI Radeon RX 5700 XT EVOKE OC,"DisplayPort 1.4, HDMI",2/1/2025 17:56
ASUS GeForce GT730-4H-SL-2GD5 Graphics Card PCI Express 2.0 5010 MHz,$95.89 ,ASUS,2 GB,GDDR5,NVIDIA GeForce GT 730,N/A,2/1/2025 17:56
NVIDIA GeForce GTX 1070 Ti Founders Edition 8GB GDDR5 Graphics Card,$119.98 ,Graphics,8 GB,GDDR5,NVIDIA GeForce GTX 1070 Ti,"DisplayPort, DVI, HDMI",2/1/2025 17:56
MSI GeForce GTX 1660 Ti VENTUS XS OC Graphics Card (G1660TVXS6C) USED WORKS GOOD,$31.00 ,MSI,6GB,GDDR6,NVIDIA GeForce GTX 1660 Ti,HDMI,2/1/2025 17:56
AMD Radeon RX 6700 XT 12GB GDDR6 Graphics Card,$265.00 ,Graphics,12 GB,GDDR6,AMD Radeon RX 6700 XT,N/A,2/1/2025 17:56
AMD Radeon RX 550 RX550 GDDR5 4GB PCIe DP 2 x Mini DP Graphics Card 6J78X,$63.36 ,AMD,4 GB,N/A,ATI Radeon,DVI,2/1/2025 17:56
SAPPHIRE PULSE Radeon RX 6400 4GB GDDR6 PCI Express 4.0 Low Profile Video Card 1,$125.99 ,SAPPHIRE,4 GB,GDDR6,AMD Radeon RX 6400,"DisplayPort, HDMI",2/1/2025 17:56
PowerColor Red Devil AMD Radeon RX 6900 XT Ultimate 16GB GDDR6 Graphics Card,US $460.00,PowerColor,16 GB,GDDR6,AMD Radeon RX 6900 XT,"DisplayPort, HDMI, USB-C",2/1/2025 17:56
ASUS TUF Gaming GeForce GTX 1660 SUPER OC 6GB Graphics Card,$125.00 ,ASUS,6 GB,GDDR6,ASUS TUF Gaming GeForce GTX 1660 Super OC Edition,"DisplayPort, DVI, HDMI",2/1/2025 17:56
Nvidia Tesla C2070 6GB GDDR5 Graphics Card Computing Processor GPU Accelerator,$27.00 ,NVIDIA,6 GB,GDDR5,NVIDIA Tesla C2070,N/A,2/1/2025 17:56
NVIDIA GeForce 4 MX 4000 128 MB Video Graphics card VGA S-video,$16.10 ,Unbranded,128 MB,DDR1,NVIDIA GeForce4 MX 4000,"S-Video, VGA",2/1/2025 17:56
PowerColor ATI RADEON 9200 128MB R92DV-D3L Graphics Video Card,$19.99 ,PowerColor,128 MB,DDR1,ATI Radeon 9200,"DVI-I, S-Video, VGA",2/1/2025 17:56
ASUS ROG Herculx Graphics Card Holder White Video Anti-Sag Support Bracket,$35.00 ,ASUS,N/A,N/A,Does not apply,N/A,2/1/2025 17:56
PowerColor Red Devil AMD Radeon RX 6600 XT 8GB GDDR6 Graphics Card,$0.99 ,PowerColor,8 GB,GDDR6,AMD Radeon RX 6600 XT,"DisplayPort, HDMI",2/1/2025 17:56
PNY NVIDIA GeForce GTX 1080 Founders Edition 8GB GDDR5X Video Graphics Card,$116.99 ,PNY,8GB,GDDR5X,NVIDIA GeForce GTX 1080,"DisplayPort, DVI, DVI-D, HDMI, Component",2/1/2025 17:56
AMD Radeon R5 340X 2GB GDDR3 Graphics Card DisplayPort DVI,$21.76 ,AMD,2 GB,GDDR3,AMD Radeon R5 340X,DisplayPort,2/1/2025 17:56
Dell AMD Radeon HD 7570 1GB GDDR5 High Profile DVI DP Video Card NJ0D3 9M4KG,$11.99 ,Dell,1 GB,GDDR5,Radeon Hd 7570,"DisplayPort, DVI",2/1/2025 17:56
ASUS ATI Radeon 2400PRO 256MB DVI/VGA/TV-Out PCIE Graphics Card G4A,$36.50 ,ASUS,256 MB,DDR2,ATI Radeon HD 2400 PRO,"TV Out, Hdtv Out",2/1/2025 17:56
Lenovo Radeon HD 7450 1 GB DDR3 PCI Express x16 Graphics Card,$9.00 ,Lenovo,1 GB,DDR3,AMD Radeon HD 7450,"DisplayPort, DVI",2/1/2025 17:56
MSI NVIDIA GTX 1070 8GB Aero DDR5 Graphics Card,$120.00 ,MSI,8 GB,DDR5,NVIDIA GeForce GTX 1070,N/A,2/1/2025 17:56
Sapphire NITRO AMD RX 590 8GB GDDR5 PCIe 3.0 x16 Special Edition Graphics Cards,$114.00 ,SAPPHIRE,8 GB,GDDR5,AMD Radeon RX 590,"DVI, DVI-D, HDMI",2/1/2025 17:56
AMD Radeon Pro WX 7100 8GB GDDR5 Workstation Graphics Card,$79.99 ,AMD,8GB,GDDR5,AMD Radeon Pro WX 7100,4x Display Port,2/1/2025 17:56
Lenovo NVIDIA Quadro P400 2GB GDDR5 PCIe Graphics Card FRU P/N: 00FC959 Tested,$31.99 ,Lenovo,2 GB,GDDR5,Nvidia Quadro P400,Mini DisplayPort,2/1/2025 17:56
NVIDIA  GTX 1660 Super 6GB Graphics Card - PARTS ONLY,$20.00 ,Graphics,6 GB,GDDR6,NVIDIA GeForce GTX 1660,N/A,2/1/2025 17:56
Low Profile Bracket For Dell AMD Radeon RX550 RX640 R9J9P 6J78X Graphics Card,$9.23 ,Unbranded,Does Not Apply,N/A,AMD Radeon RX 550,"DisplayPort, Mini DisplayPort",2/1/2025 17:56
"Nvidia GeForce GTX 680 2GB Graphics Card GPU | 1yr Warranty, Fast Ship!",$37.48 ,NVidia,2 GB,GDDR5,Nvidia GeForce GTX 680,"DisplayPort, DVI, HDMI",2/1/2025 17:56
ASUS Dual Radeon RX 6600 XT OC 8GB GDDR6 Graphics Card,$47.40 ,ASUS,8 GB,GDDR6,AMD Radeon RX 6600 XT,"DisplayPort, HDMI",2/1/2025 17:56
"Nvidia GeForce GTX 680 2GB Graphics Card GPU | 1yr Warranty, Fast Ship!",$37.48 ,NVidia,2 GB,GDDR5,Nvidia GeForce GTX 680,"DisplayPort, DVI, HDMI",2/1/2025 17:56
GeForce GT730 DDR3 DVI VGA HDMI Output Interface PCI-E Graphics Card For PC Desk,$23.62 ,Unbranded,N/A,N/A,/,N/A,2/1/2025 17:56
64bit 1GB GeForce GT730 DDR3 DVI VGA HDMI Output Interface PCI-E Graphics Card,$23.62 ,Unbranded,N/A,N/A,/,N/A,2/1/2025 17:56
SAPPHIRE Pulse AMD Radeon RX 5600 XT 6GB GDDR6 Graphics Card (112960120G),$123.00 ,SAPPHIRE,6 GB,GDDR6,AMD Radeon RX 5600 XT,HDMI,2/1/2025 17:56
NVIDIA Tesla K40m 12GB GDDR5 Passive CUDA GPU PCI-e 3.0 x16 Accelerator Card,$29.95 ,NVIDIA,12GB,GDDR5,Tesla K40,N/A,2/1/2025 17:56
NEW HP Z2 Mini G5 Nvidia RTX3000 6GB Video Graphics Card  M13733-001,$179.55 ,HP,6 GB,GDDR6,Nvidia Quadro RTX3000,N/A,2/1/2025 17:56
NVIDIA Quadro P4000 8GB GDDR5 Video Graphics Card 0GN4T7,$125.00 ,Graphics,8 GB,GDDR5,NVIDIA Quadro 4000,N/A,2/1/2025 17:56
Low Profile Full High Bracket for MSI GTX1050 GTX1050Ti LP Graphics Video Cards,$4.09 ,N/A,N/A,N/A,N/A,N/A,2/1/2025 17:56
NVIDIA GeForce GT630 2GB Video Graphics Card HP PClex16 702084-001 684455-002,$20.21 ,HP,2 GB,GDDR3,NVIDIA GeForce GT 630,"DisplayPort, DVI",2/1/2025 17:56
GTX10 GTX1650 4GB 4K 2K Half Height Graphics Card Single Slot Graphics Card GPU,$189.45 ,N/A,N/A,N/A,N/A,N/A,2/1/2025 17:56
XFX AMD Radeon RX 590 8GB 2304sp GDDR5 Graphics Card,$92.00 ,XFX,8 GB,DDR5,AMD Radeon RX 590,"DisplayPort, DVI, HDMI",2/1/2025 17:56
MSI Radeon RX 580 8GB GDDR5 Graphics Card (RX580ARMOR8GOC),$50.00 ,MSI,8 GB,GDDR5,AMD Radeon RX 580,"DisplayPort, DVI, DVI-D, HDMI",2/1/2025 17:56
MSI GeForce GTX 1050 2G OC - Graphics Card = GPU - Tested,$54.99 ,MSI,2 GB,GDDR5,NVIDIA GeForce GTX 1050,"HDMI, DisplayPort, DVI-D",2/1/2025 17:56
Dell NVIDIA Tesla M10 32GB PCI-e 3.0 x16 GDDR5 Accelerator Gaming Video Card,US $94.00,N/A,N/A,N/A,N/A,N/A,2/1/2025 17:56
EVGA NVIDIA GeForce RTX 2080 Ti 11GB GDDR5 Graphics Card - 11G-P4-2281-KR,US $300.00,EVGA,11 GB,GDDR6,NVIDIA GeForce RTX 2080 Ti,HDMI,2/1/2025 17:56
NVIDIA RTX 2070 Super 8GB GDDR6 Founders Edition Graphics Card & power supply,$284.00 ,NVIDIA,8 GB,GDDR6,NVIDIA GeForce RTX 2070,N/A,2/1/2025 17:56
OCuLink External Graphics Card Expansion Dock New OCuP4v2 Compatibility Chip,US $113.64,N/A,N/A,N/A,N/A,N/A,2/1/2025 17:56
Zotac Nvidia PG150 RTX MINI RTX 2070 8GB GPU 256bit GDDR6 Video Graphics Card,$114.00 ,ZOTAC,N/A,GDDR6,NVIDIA GeForce RTX 2070,N/A,2/1/2025 17:56
Low Profile Full High Bracket For MSI GTX1050 GTX1050Ti LP Graphics Video Cards,AU $6.38,N/A,N/A,N/A,N/A,N/A,2/1/2025 17:56
DELL NVIDIA GeForce GT 705 2GB DVI VGA HDMI Graphic Video Card,$18.03 ,Dell,2 GB,DDR3,NVIDIA GeForce GT 705,"DVI, HDMI, VGA",2/1/2025 17:56
HP GeForce GTX 1060 3 GB 909616-001 Graphics Card - Fully Tested - Free Shipping,$49.00 ,HP,3 GB,N/A,NVIDIA GeForce GTX 1060,N/A,2/1/2025 17:56
MSI NVIDIA GeForce GTX 1060 6GB GDDR5 Graphics Card - GTX 1060 GAMING X 6G,$80.00 ,MSI,6 GB,GDDR5,NVIDIA GeForce GTX 1060,"DisplayPort, DVI-D, HDCP, HDMI",2/1/2025 17:56
XFX R7-360P-2S V2.0 Graphics Card Core Radeon R7 360 2GB D5 DP HDMI - Tested,$20.99 ,XFX,N/A,N/A,R7-360P-2S V2.0,N/A,2/1/2025 17:56
NVIDIA GeForce GTX Titan X 12GB GDDR5 Pascal Graphics Card 900-1G611-2500-000,$159.99 ,NVIDIA,12GB,GDDR5,NVIDIA GeForce GTX TITAN X,1x DVI / 1x HDMI / 3x Display Port,2/1/2025 17:56
"NVidia RTX T1000, 8GB Graphics Card",$242.00 ,Lenovo,N/A,N/A,Quadro T1000,N/A,2/1/2025 17:56
AMD Radeon RX 550 4GB GDDR5 PCIe DP 2 x Mini DP Low Profile Graphics Card,$41.99 ,Dell,4 GB,DDR5,AMD Radeon RX 550,N/A,2/1/2025 17:56
MSI GeForce RTX 4060 Ventus 2X Black OC GDDR6 8GB Graphics Card,US $285.00,N/A,N/A,N/A,N/A,N/A,2/1/2025 17:56
HP AMD Radeon RX 6400 4GB GPU M99977-001 Video Graphics Card,$109.99 ,HP,4 GB,N/A,AMD RX 6400,N/A,2/1/2025 17:56
YESTON RX 6400 RX6400 4GB GDDR6 Graphics Card,$139.80 ,YESTYON,N/A,N/A,AMD RX 6400,N/A,2/1/2025 17:56
Lenovo Nvidia GeForce RTX 4070 12GB GDDR6X Graphics Card - FRU 5V11K41524,$549.94 ,Lenovo,12 GB,GDDR6X,NVIDIA GeForce RTX 4070,"DisplayPort, HDMI",2/1/2025 17:56
"AMD Radeon Instinct Mi50 Accelerator 16GB HBM2  Machine Learning, HPC,  AI, GPU",$110.00 ,AMD,16 GB,HBM2,AMD Instinct Mi50,N/A,2/1/2025 17:56
Open Box Gigabyte NVIDIA GTX 1660 Super Windforce  OC 6GB GDRR6 Graphics Card,$116.91 ,Graphics,6 GB,GDDR6,NVIDIA GeForce GTX 1660 Super,"DisplayPort, HDMI",2/1/2025 17:56
PNY GeForce RTX 2060 Blower - Graphics card - GF RTX 2060 - 6 GB,$75.65 ,PNY,6 GB,GDDR6,NVIDIA GeForce RTX 2060,N/A,2/1/2025 17:56
NEW PNY GeForce GTX 460 XLR8 Enthusiast Edition 1GB GDDR5 PCIE Graphics Card,$29.99/ea,PNY,1 GB,GDDR5,NVIDIA GeForce GTX 460,"DVI, DVI-D, mini-HDMI",2/1/2025 17:56
SAPPHIRE Pulse Radeon RX 580 8GB GDDR5 Graphics Card,$90.78 ,SAPPHIRE,8 GB,GDDR5,SAPPHIRE Pulse Radeon RX 580,"DisplayPort, DVI-D, HDMI",2/1/2025 17:56
Sapphire AMD Radeon RX 480 Nitro+ 8GB Graphics Card,$68.17 ,SAPPHIRE,8 GB,GDDR5,AMD Sapphire Radeon RX 480 Nitro+,"DisplayPort, DVI, HDMI",2/1/2025 17:56
Dell AMD Radeon Pro W6600 8GB GDDR6 PCI-E 4.0 X16 Graphics Card w/ 4x DP XCV9V,$184.97 ,Dell,8 GB,GDDR6,XCV9V,N/A,2/1/2025 17:56
RB AMD Radeon Pro WX9100 16GB HBM2 PCIe Video Graphics Card 6x Mini DisplayPort,$299.99 ,AMD,16 GB,HBM2,Radeon Pro WX 9100,6x Mini DisplayPort,2/1/2025 17:56
Dell NDRG5 AMD Radeon RX 550 4GB GDDR5 Graphics Card,$40.00 ,Dell,4 GB,GDDR5,AMD Radeon RX 550,"DisplayPort, DVI, HDMI",2/1/2025 17:56
RX 580 8gb,$57.00 ,Showkings,8 GB,GDDR5,AMD Radeon RX 580,"HDMI, DisplayPort",2/1/2025 17:56
MLLSE AMD RX 550 4GB Graphics Card GDDR5 128Bit DVI HDMI DP PCI-E 3.0 Radeon GPU,AU $150.20,N/A,N/A,N/A,N/A,N/A,2/1/2025 17:56
(FOR PARTS ONLY) NVIDIA Tesla K80 24GB GDDR5 Graphics Card (900-22080-0000-000),$20.00/ea,NVIDIA,24 GB,GDDR5,NVIDIA Tesla K80,N/A,2/1/2025 17:56
NVIDIA Quadro P1000 4GB GDDR5 Graphics Card,$17.19 ,NVIDIA,4 GB,GDDR5,NVIDIA Quadro,"DisplayPort, Mini DisplayPort",2/1/2025 17:56
"GIGABYTE Radeon RX 7700 XT GAMING OC 12G Graphics Card, 3x WINDFORCE Fans 12GB 1",$429.49 ,GIGABYTE,12 GB,GDDR6,AMD Radeon RX 7700 XT,"DisplayPort, HDMI",2/1/2025 17:56
EVGA Nvidia GeForce GTX 780Ti GDDR5 PCI Express Graphics Card 03G-P4-2881-KR,$52.97 ,EVGA,3 GB,GDDR5,Nvidia GeForce GTX 780Ti,"DisplayPort, DVI, DVI-D, DVI-I, HDMI",2/1/2025 17:56
Nvidia GTX 980 Ti 6GB GPU Graphics Card Gaming PC Used,US $84.97,N/A,N/A,N/A,N/A,N/A,2/1/2025 17:56
GIGABYTE RTX 3070 Gaming OC 8G GV-N3070GAMING OC-8GD Graphics Card,$154.50 ,GIGABYTE,N/A,N/A,NVIDIA GeForce RTX 3070,N/A,2/1/2025 17:56
ASUS TUF GeForce RTX 3070 OC 8GB GDDR6 Graphics Card,$270.00 ,ASUS,8 GB,GDDR6,NVIDIA GeForce RTX 3070,"DisplayPort, HDMI",2/1/2025 17:56
ASRock Radeon RX 6600 8GB PCI Express 4.0 Video Graphics Card CLD 8G GPU,$198.99 ,ASRock,8 GB,GDDR6,AMD Radeon RX 6600,"DisplayPort, HDMI",2/1/2025 17:56
Gigabyte GeForce GT 1030 Low Profile D4 2G Computer Graphics Card,US $27.89,N/A,N/A,N/A,N/A,N/A,2/1/2025 17:56
For ASUS G73JW G53JW G73SW G53S Graphic Video VGA Card GTX460M 1.5G / GTX560M 2G,$27.44 ,Unbranded,/,/,GTX460M 1.5G / GTX560M 2G,/,2/1/2025 17:56
For ASUS G73JW G53JW G73SW G53SW G53SX N12E-GS-A1 2GB GTX560M Video Graphic Card,$31.60 ,Akemy,2GB,/,NVIDIA GeForce GTX 560,/,2/1/2025 17:56
PowerColor Radeon RX 6950 XT 16GB Red Devil GDDR6 Video Graphics Card GPU,$529.99 ,PowerColor,16 GB,GDDR6,AMD Radeon RX 6950 XT,"DisplayPort, HDMI",2/1/2025 17:56
Zotac NVIDIA GeForce RTX 4060 Twin Edge 8GB GDDR6 Graphic Card,$285.00 ,Not Available,8 GB,GDDR6,3Ddlabs wildcat II 5110,N/A,2/1/2025 17:56
EVGA XC3 Ultra Gaming Geforce RTX 3070 Graphics Card 8GB GDDR6 GPU - US Seller,$310.00/ea,EVGA,8 GB,GDDR6,Nvidia GeForce RTX 3070,"DisplayPort, HDMI",2/1/2025 17:56
AMD Radeon Pro WX 2100 2GB GDDR5 Graphics Card Low Profile. SKU221076,$29.29 ,AMD RADEON,2100,N/A,Does not apply,N/A,2/1/2025 17:56
NVIDIA Quadro P4000 8GB GDDR5 Graphics Card,$199.99 ,NVIDIA,N/A,N/A,Does not apply,N/A,2/1/2025 17:56
PowerColor Red Devil AMD Radeon RX 5700 XT 8GB GDDR6 Graphics Card,$169.95 ,PowerColor,8 GB,GDDR6,AMD Radeon RX 5700 XT,"DisplayPort, HDMI",2/1/2025 17:56
Graphics Card GPU Magnetic Support Bracket Holder Brace NVIDIA GPU AMD GPU UK,$5.50 ,COOLMOON,N/A,N/A,NVIDIA GeForce RTX 3080,N/A,2/1/2025 17:56
"Galax Nvidia P104-100 8GB Mining GPU (GTX 1080 Hashrate) | Fast Ship, US Seller!",$39.94/ea,Galax,8 GB,GDDR5X,P104-100,N/A,2/1/2025 17:56
AMD FirePro W2100 2GB DDR3 Graphics Card - 2x DisplayPort,$8.00 ,AMD,2 GB,DDR3,AMD FirePro W2100,DisplayPort,2/1/2025 17:56
GIGABYTE Radeon RX 7600 XT 16GB Gaming OC GDDR6 Video Graphics Card GPU,$324.99 ,GIGABYTE,16GB,GDDR6,AMD Radeon RX 7600 XT,HDMI,2/1/2025 17:56
SFF DUAL MATROX G550 32MB AGP G55MADDA32DB GRAPHICS CARD WITH DVI/VGA SPLITTER,GBP 15.99,N/A,N/A,N/A,N/A,N/A,2/1/2025 17:56
ASUS TUF GeForce RTX 3070 OC 8GB GDDR6 Graphics Card,$270.00 ,ASUS,8 GB,GDDR6,NVIDIA GeForce RTX 3070,"DisplayPort, HDMI",2/1/2025 17:56
Yamaha V6355D-F 8 bit ISA MGA CGA Video Graphics Card NEW OLD STOCK,$19.90 ,Yamaha,N/A,N/A,V6355D-F,"Composite (RCA), D-Sub",2/1/2025 17:56
XFX AMD Radeon RX 590 8GB 2304sp GDDR5 Graphics Card,$95.14 ,XFX,8 GB,DDR5,AMD Radeon RX 590,"DisplayPort, DVI, HDMI",2/1/2025 17:56
MSI NVIDIA GeForce RTX 2080 GAMING X TRIO 8GB GDDR6 Graphics Card,$225.00 ,MSI,8GB,GDDR6,NVIDIA GeForce RTX 2080,"DisplayPort, HDCP, HDMI",2/1/2025 17:56
EVGA XC3 Ultra Gaming Geforce RTX 3070 Graphics Card 8GB GDDR6 GPU - US Seller,US $310.00/ea,N/A,N/A,N/A,N/A,N/A,2/1/2025 17:56
VisionTek ATI Radeon HD 2600XT Graphics Card S-Video 2*DVI AGP,$30.00 ,VisionTek,N/A,N/A,Radeon HD 2600XT,N/A,2/1/2025 17:56
Dell Precision 7520 Video Graphics Card nVIDIA Quadro M2200 4GB 7024K 07024K,$69.95/ea,Dell,4 GB,N/A,nVIDIA Quadro M2200,N/A,2/1/2025 17:56
*Updated* - RX 580 8gb GPU - 2048SP - recycled - Now New standard PC I/O Bracket,US $34.56/ea,N/A,N/A,N/A,N/A,N/A,2/1/2025 17:56
EVGA GeForce RTX 3060 Ti XC Gaming 8GB GDDR6 Graphics Card USED WORKS GOOD,$60.00 ,EVGA,8 GB,GDDR6,NVIDIA GeForce RTX 3060 Ti,"DisplayPort, HDCP, HDMI",2/1/2025 17:56
PowerColor Red Devil AMD Radeon RX 5700 XT 8GB GDDR6 Graphics Card,US $169.95,N/A,N/A,N/A,N/A,N/A,2/1/2025 17:56
AMD Radeon RX 6700XT Reference 12GB GDDR6 Graphics Card,US $264.99,N/A,N/A,N/A,N/A,N/A,2/1/2025 17:56
64bit 1GB GeForce GT730 DDR3 DVI VGA HDMI Output Interface PCI-E Graphics Card,$21.64 ,Unbranded,N/A,N/A,/,N/A,2/1/2025 17:56
Mint AMD Radeon RX 6800 Graphics Card GPU 100-438378  16 GB Video Card Open Box,$355.00 ,AMD,16 GB,GDDR6,AMD Radeon RX 6800,"DisplayPort, HDMI, USB-C",2/1/2025 17:56
AMD Radeon Instinct MI60 32GB HBM2 Graphics Accelerator Mining Card 80MH @ 160W,US $499.99,N/A,N/A,N/A,N/A,N/A,2/1/2025 17:56
AMD Radeon R5 340X 2GB GDDR3 Graphics Card DisplayPort DVI,$23.00 ,AMD,2 GB,GDDR3,AMD Radeon R5 340X,DisplayPort,2/1/2025 17:56
ASRock Radeon RX 6600 8GB PCI Express 4.0 Video Graphics Card CLD 8G GPU,US $198.99,ASRock,8 GB,GDDR6,AMD Radeon RX 6600,N/A,2/1/2025 17:56
SAPPHIRE PULSE Radeon RX 7800 XT 16GB GDDR6 PCIe 4.0 ATX Graphics Card GPU,$502.99 ,SAPPHIRE,16 GB,GDDR6,Radeon RX 7800 XT,"HDMI, DisplayPort",2/1/2025 17:56
HP Radeon RX 5500 4GB Single Fan GDDR6 L66151-001 Video Graphics Card GPU,US $69.99,N/A,N/A,N/A,N/A,N/A,2/1/2025 17:56
GIGABYTE RADEON R9 290 WINDFORCE 4GBGV-R929WF3-4GD GDDR5 Graphics Card,$62.17 ,GIGABYTE,4 GB,GDDR5,GV-R929WF3-4GD,"DisplayPort, DVI, HDMI",2/1/2025 17:56
Graphics Card Jaton JAX 8241 S3 805 VL-Bus 1MB DRAM VL41C/V2 KY2-JAX-SVGA805 VGA,US $89.90,N/A,N/A,N/A,N/A,N/A,2/1/2025 17:56
MSI GeForce GTX 1660 Ti VENTUS XS OC Graphics Card (G1660TVXS6C),$74.00 ,MSI,6GB,GDDR6,NVIDIA GeForce GTX 1660 Ti,HDMI,2/1/2025 17:56
SAPPHIRE AMD Pulse Radeon RX 580 8GB GDDR5 GPU Full HD Gaming Graphics Card,$85.00 ,SAPPHIRE,8 GB,GDDR5,AMD Radeon RX 580,"DisplayPort, DVI, DVI-D, HDMI",2/1/2025 17:56
HP Radeon RX 6500 XT 8GB N23060-001 Video Graphics Card,$149.99 ,HP,8 GB,N/A,AMD RX 6500 XT,N/A,2/1/2025 17:56
AMD Radeon E9173 2GB GDDR5 Dell W6F74 PCI-e Low Profile Video Graphics Card,$21.98 ,AMD,2 GB,GDDR5,AMD Radeon E9173,N/A,2/1/2025 17:56
RB AMD Radeon Pro WX9100 16GB HBM2 PCIe Video Graphics Card 6x Mini DisplayPort,US $299.99,N/A,N/A,N/A,N/A,N/A,2/1/2025 17:56
NVIDIA Quadro RTX A2000 6GB GDDR6 Graphics Card HP P/N: M48380-002 Tested GradeA,$299.99 ,HP,6 GB,GDDR6,NVIDIA Quadro RTX A2000,Mini DisplayPort,2/1/2025 17:56
HP NVIDIA GTX 1660 SUPER 6GB Graphics Card - PARTS ONLY,$20.00 ,Graphics,6 GB,GDDR6,NVIDIA GeForce GTX 1660,N/A,2/1/2025 17:56
RX 580 8gb,$57.00 ,Showkings,8 GB,GDDR5,AMD Radeon RX 580,"HDMI, DisplayPort",2/1/2025 17:56
PNY NVIDIA RTX A1000 VCNRTXA1000ATX-PB 8 GB GDDR6 low-profile Graphics Card,US $439.99,N/A,N/A,N/A,N/A,N/A,2/1/2025 17:56
NVIDIA GeForce RTX 4060 8GB - Fresh Pull from New PC - Open Box,$264.95 ,Geforce,8 GB,GDDR6,NVIDIA GeForce RTX 4060 8GB,N/A,2/1/2025 17:56
MSI GeForce RTX 3050 VENTUS 2X 8G OC 8GB GDDR6 Video Card,$189.00 ,MSI,8 GB,GDDR6,NVIDIA® GeForce RTX™ 3050,"DisplayPort, HDMI",2/1/2025 17:56
NVIDIA QUADRO RTX 4000 8GB GDDR6 Turing Workstation Graphics Card,$320.00 ,NVIDIA,8GB,GDDR6,NVIDIA Quadro 4000,USB-C,2/1/2025 17:56
MSI Radeon AMD RX 570 4GB GDDR5 Gaming Graphics Card,$35.00 ,Graphics,4 GB,GDDR5,AMD Radeon RX 570,"DisplayPort, DVI, HDMI",2/1/2025 17:56
ASUS Geforce RTX 3070 Turbo 8GB GDDR6 TURBO-RTX3070-8G Video Graphics Card GPU,$319.99 ,ASUS,8 GB,GDDR6,NVIDIA GeForce RTX 3070,N/A,2/1/2025 17:56
*PARTS*XFX SPEEDSTER SWFT 319 AMD Radeon RX 6800 Gaming 16GB GDDR6 Graphics Card,$279.00 ,XFX,16 GB,GDDR6,AMD Radeon RX 6800,"DisplayPort, HDMI",2/1/2025 17:56
Dell Precision 7530 7730 nVIDIA Quadro P3200 6GB Video Graphics Card XDVC6,$80.00 ,Dell,6 GB,N/A,NVIDIA Quadro,N/A,2/1/2025 17:56
Asus NVIDIA GeForce RTX 4060 Ti Graphic Card - 16 GB GDDR6 (dual-rtx4060ti-o16g),$551.19 ,Asus,N/A,N/A,NONE,N/A,2/1/2025 17:56
NVIDIA GeForce RTX 3070 Founders Edition 8GB GDDR6 Graphics Card - Dark...,$350.00 ,NVIDIA,8 GB,GDDR6,NVIDIA GeForce RTX 3070,"DisplayPort, HDMI",2/1/2025 17:56
"AMD Radeon HD6350 Graphics Card ATI-102-C09003(B), Used, w/VGAx2 adapter cable",$0.99 ,Graphics,512 MB,DDR3,AMD Radeon HD 6350,DVI,2/1/2025 17:56
Dell AMD Radeon R5 430 2GB GDDR5 DVI DisplayPort Low Profile Graphics Card 0F8PX,$11.97 ,Dell,2 GB,GDDR5,ATI Radeon R5 430,"DVI, DisplayPort",2/1/2025 17:56
MSI NVIDIA P106-100 MINER 6GB Graphics card,$41.00/ea,MSI,6 GB,GDDR5,MSI NVIDIA P106-100,N/A,2/1/2025 17:56
NVIDIA Tesla K80 24GB GDDR5 GPU Accelerator Graphics Card (900-22080-0000-000),$46.59 ,NVIDIA,24 GB,GDDR5,NVIDIA Tesla K80,N/A,2/1/2025 17:56
ATI AMD FIREPRO W4300 4GB DDR5 4xMINI DP FH Desktop PC GRAPHICS VIDEO CARD,US $33.98,N/A,N/A,N/A,N/A,N/A,2/1/2025 17:56
XFX Speedster SWFT319 AMD Radeon RX 6800 16GB Gaming Graphics Card RX-68XLAQBD9,$399.99/ea,XFX,16 GB,GDDR6,AMD Radeon RX 6800,DisplayPort,2/1/2025 17:56
EVGA GeForce GTX 570HD 1GB Graphics Card,$25.99 ,EVGA,1 GB,GDDR5,NVIDIA GeForce GTX 570,N/A,2/1/2025 17:56
GIGABYTE GTX 1050 Ti  OC Low Profile  Video Card GV-N105TOC-4GL OEM Version Bulk,$149.99 ,GIGABYTE,4 GB,GDDR5,NVIDIA GeForce GTX 1050 Ti,N/A,2/1/2025 17:56
HP NVIDIA Quadro K4000 workstation graphics card,$10.15 ,N/A,N/A,N/A,N/A,N/A,2/1/2025 17:56
SIIG P005-62 Graphics Card,US $11.00,N/A,N/A,N/A,N/A,N/A,2/1/2025 17:56
Nvidia M60 Tesla 16GB GDRR5 Accelerator Graphic Card,$39.99 ,NVIDIA,16 GB,GDDR5,M60,N/A,2/1/2025 17:56
ATI Radeon 9600 256 MB AGP VGA RCA DVI Graphics card Power Color,$37.17 ,PowerColor,256 MB,N/A,ATI Radeon 9600,"DVI, S-Video, VGA, VGA D-Sub Output",2/1/2025 17:56
64MB HP 5187-1943 / RV250-LE_988 ATi Radeon 9000 VGA / TV-Out AGP Graphics Card,$27.26 ,ATI,64 MB,N/A,ATI Radeon 9000,"TV Out, VGA",2/1/2025 17:56
2GB Dell AMD FirePro V5900 Dual DisplayPort / DVI PCI-e Graphics Card 5DRVJ,$24.99 ,Dell,2GB,GDDR5,V5900,N/A,2/1/2025 17:56
Dell AMD Radeon R5 240 1GB DDR3 Graphics Card,$19.00 ,Dell,1 GB,DDR3,Amd Radeon R5 240,"DVI-I, DisplayPort, DVI, DVI-D",2/1/2025 17:56
AMD Radeon R5 340X 2GB GDDR3 CN-0X0CVJ LP Graphics Video card,$9.99 ,Dell,2 GB,DDR3,Radeon,DVI,2/1/2025 17:56
HP EliteDesk SFF 705 800 880 (G1 G2 G3 G4) Video Graphics Card,$14.99 ,HP,2 GB,GDDR5,Radeon R7 430,DisplayPort,2/1/2025 17:56
HP NVIDIA Quadro K4000 workstation graphics card-,EUR 9.80,N/A,N/A,N/A,N/A,N/A,2/1/2025 17:56
NVIDIA GeForce GT630 2GB Video Graphics Card HP PClex16 702084-001 684455-002,$16.00 ,HP,2 GB,GDDR3,NVIDIA GeForce GT 630,"DisplayPort, DVI",2/1/2025 17:56
Dell Nvidia GeFroce GTX 745 4GB DDR3 HDMI DVI VGA Graphics Card TC2P0,$65.00 ,Dell,4 GB,DDR3,NVIDIA GeForce GTX 745,"VGA, DVI, DVI-D, HDMI",2/1/2025 17:56
msi p104 8g Graphics Card,US $80.00,N/A,N/A,N/A,N/A,N/A,2/1/2025 17:56
NVIDIA Quadro 4000 2GB DDR5 Video Graphics Card DVI DP for Mac Pro-,EUR 100.00,N/A,N/A,N/A,N/A,N/A,2/1/2025 17:56
AMD FIREPRO W4300 4GB GDDR5 Graphics Card,$39.00 ,AMD,4 GB,GDDR5,FIREPRO W4300,Mini DisplayPort,2/1/2025 17:56
Nvidia GT610 2GB Graphics Card,$29.99 ,PNY,2 GB,GDDR3,NVIDIA GeForce GT 610,N/A,2/1/2025 17:56
Graphics Card EN8600GT Asus NVIDIA GEFORCE 512MB GDDR3 PCI-E S-Video 2X DVI B1B,$48.90 ,NVIDIA,512 MB,GDDR3,NVIDIA GeForce 8600GT,DVI,2/1/2025 17:56
AMD FirePro S7150 x2 16GB GDDR5 PCIe3.0 VDI vGPU SERVER GPU ACCELERATOR,$30.00 ,AMD,N/A,N/A,FirePro S7150,N/A,2/1/2025 17:56
NVDIA GeForce RTX 3080 10GB GDDR6X Graphics Card,$389.00 ,Unbranded,10 GB,GDDR6X,NVIDIA GeForce RTX 3080,"DisplayPort, HDMI",2/1/2025 17:56
SAPPHIRE Radeon RX 580 4GB GDDR5 Graphics Card (11265-10),$25.00 ,SAPPHIRE,4 GB,GDDR5,AMD Radeon RX 580,"DVI-I, DisplayPort, DVI, DVI-D, HDMI",2/1/2025 17:56
MSI GeForce RTX 3070 GAMING Z Trio 8GB GDDR6 Graphics Card (WORKS WELL!),$285.00/ea,MSI,8 GB,GDDR6,NVIDIA GeForce RTX 3070,"DisplayPort, HDMI",2/1/2025 17:56
"MSI N760-2GD5/OC GeForce GTX 760 2GB GDDR5 PCIe graphics card, DP HDMI 2x DVI",US $79.00,N/A,N/A,N/A,N/A,N/A,2/1/2025 17:56
ASRock Intel Arc B580 Challenger 12GB OC Gaming Computer Graphics Card,$339.95 ,ASRock,12 GB,GDDR6,B580,"DisplayPort, HDMI",2/1/2025 17:56
"PC Partner (Zotac) Nvidia GeForce GT520, 512MB, PCI Graphics Card",$100.00 ,ZOTAC,512 MB,DDR3,NVIDIA GeForce GT 520,"D-Sub, DVI, DVI-I, HDMI",2/1/2025 17:56
Sparkle Intel Arc A380 ELF DDR6 HDMI 2000MHz 6GB Single Fan Graphics Card - Blue,$176.23 ,Sparkle,6 GB,N/A,Arc A380,N/A,2/1/2025 17:56
JATON KY2 CLVGA54PCI CIRRUS LOGIC CL-GD5446BV-HC-B 8260B/V6 2MB PCI VGA,$43.37 ,Cirrus Logic,2 MB,N/A,Cirrus Logic CL-GD5446BV-HC-B,VGA,2/1/2025 17:56
Asus Nvidia Geforce GT620 2GB DDR3 Graphics Card GT620-SL-2GD3-V3-DP FREE S/H!!!,$24.99 ,ASUS,2 GB,DDR3,NVIDIA GeForce GT 620,N/A,2/1/2025 17:56
Sparkle Intel Arc A380 ELF DDR6 HDMI 2000MHz 6GB Single Fan Graphics Card - Blue,US $176.23,N/A,N/A,N/A,N/A,N/A,2/1/2025 17:56
AMD Radeon R5 430 2GB 2* DP DisplayPort low Profile Graphics Card Red PCI-e 8x,$18.58 ,HP,2 GB,N/A,AMD R5 430,DisplayPort,2/1/2025 17:56
Dell AMD Radeon Pro W5500 W 5500 8GB 4x DP Graphics Card 97KF6 Full Height,$89.97 ,Dell,8 GB,N/A,AMD Radeon Pro W5500,N/A,2/1/2025 17:56
GTX980M Graphics Card N16E-GX-A1 8G GDDR5 Graphic Card Accessory ot34,$175.12 ,N/A,N/A,N/A,N/A,N/A,2/1/2025 17:56
MSI Radeon RX 5600 XT GAMING MX GDDR6 Graphics Card GPU Near Mint,$65.00 ,MSI,6 GB,GDDR6,AMD Radeon RX 5600 XT,"DisplayPort, HDMI",2/1/2025 17:56
PNY NVIDIA Quadro P400 2GB DDR5 Graphic Card - VCQP400V2-PB,$66.88 ,PNY,2 GB,N/A,AMD,N/A,2/1/2025 17:56
AMD Radeon R7 450 2GB GDDR5 Graphics Card - DisplayPort HDMI DVI,$24.99 ,AMD,2 GB,GDDR5,AMD Radeon R7 450,"DisplayPort, DVI, DVI-I",2/1/2025 17:56
Dell Nvidia Quadro K620 Low Profile JGN28 DP DVI Video Graphics Card,$18.99 ,Dell,N/A,N/A,NVIDIA GeForce 210,N/A,2/1/2025 17:56
MSI GeForce RTX 3050 GAMING X 8GB GDDR6 Graphics Card,$77.00 ,MSI,8 GB,GDDR6,RTX 3050,"DisplayPort, HDMI",2/1/2025 17:56
HP 013587-001 686158-001 Quadro 3000M 2Gb PCI-E Mezzanine Graphics Card,$25.99 ,HP,2 GB,GDDR5,NVIDIA Quadro 3000M,MOBILE PCI-EXPRESS MODULE,2/1/2025 17:56
ASUS  GeForce GTX 1660 SUPER GUNDAM GDDR6 TUF GAMING X3 Video Card - White,$219.99 ,ASUS,6 GB,GDDR6,ASUS GeForce GTX 1660 SUPER GUNDAM,"DisplayPort, DVI, HDMI",2/1/2025 17:56
"GIGABYTE GeForce GT 1030 Low Profile 2GB GDDR5 Graphics Card , GV-N1030D5-2GL",$99.99 ,GIGABYTE,2 GB,GDDR5,NVIDIA GeForce GT 1030,"DVI, DVI-D, HDMI, Component",2/1/2025 17:56
ASUS GeForce 2080 Super 8GB EVO V2 GPU DUAL-RTX2080S-O8G-EVO-V2 - NOT WORKING,$63.00 ,ASUS,8 GB,GDDR6,NVIDIA GeForce RTX 2080 DUAL-RTX2080S-8G-EVO-V2,"DisplayPort, HDMI",2/1/2025 17:56
MSI GeForce GTX 1660 Ti VENTUS XS OC Graphics Card (G1660TVXS6C),US $90.00,MSI,6GB,GDDR6,NVIDIA GeForce GTX 1660 Ti,HDMI,2/1/2025 17:56
AMD Sapphire Nitro+ Radeon RX580 8GB GDDR5 Graphics Card,US $79.99,N/A,N/A,N/A,N/A,N/A,2/1/2025 17:56
AMD RADEON PRO WX7100  GRAPHICS CARD WX 7100 8GB PCI-E X16 4X Display Ports,US $69.00,N/A,N/A,N/A,N/A,N/A,2/1/2025 17:56
Graphics Card GDDR5 256-bit PCI Express 3.0 ×16 Gaming,$120.00 ,Unbranded,N/A,N/A,AMD Radeon RX 580,N/A,2/1/2025 17:56
Gigabyte Radeon R7 360 2GB Video Graphics Card GPU GV-R736OC-2GD,$39.97 ,GIGABYTE,2 GB,GDDR5,Radeon R7 360,"DisplayPort, DVI, HDMI",2/1/2025 17:56
Gigabyte GeForce RTX 2070 Gaming OC Graphics Card,$184.99 ,GIGABYTE,8 GB,GDDR6,GIGABYTE GeForce RTX 2070 GAMING OC,"DisplayPort, HDMI",2/1/2025 17:56
Graphics Card Cooling Fan Replacement for EVGA P104-100 GPU Mining Repair Part,$13.77 ,Unbranded,N/A,N/A,PLA09215B12H,N/A,2/1/2025 17:56
CF1010U12S 85MM/95MM Cooler Fan For XFX RX580 590 8G Black Wolf Edition Part,$10.36/ea,Unbranded,N/A,N/A,CF1010U12S,N/A,2/1/2025 17:56
"Gigabyte Nvidia P104-100 8GB Mining GPU (GTX 1080 Hashrate) | Fast Ship, US S...",$44.97/ea,Gigabyte,8 GB,GDDR5X,P104-100,N/A,2/1/2025 17:56
NVIDIA Quadro K1200 Professional Graphics Card 4GB of GDDR5 GPU,$44.99 ,NVIDIA,4 GB,GDDR5,NVIDIA Quadro,N/A,2/1/2025 17:56
ASUS NVIDIA GeForce GTX 465 1GB GDDR5 Graphics Card ENGTX465/2DI/1GD5 2xDVI HDMI,$29.00 ,ASUS,1 GB,GDDR5,NVIDIA GeForce GTX 465,"DVI, mini-HDMI",2/1/2025 17:56
NVIDIA 900-52401-0020-000 GRID K1 16GB Graphics Card,$22.99 ,NVIDIA,N/A,N/A,Does not apply,N/A,2/1/2025 17:56
Shelf Trophy Display Stand Holder for Standard PCIE Graphics Cards GPU,$14.94 ,ulovemydeals,N/A,N/A,Does Not Apply,N/A,2/1/2025 17:56
1X Graphics Card GPU Brace Support Adjustable Magnetic Video Card Bracket Holder,$14.48 ,unbranded,N/A,N/A,/,N/A,2/1/2025 17:56
EVGA GeForce RTX 2070 SUPER XC HYBRID GPU Tested Works Great!,$63.00 ,EVGA,8 GB,GDDR6,NVIDIA GeForce RTX 2070,"DisplayPort, HDMI",2/1/2025 17:56
MSI LP GeForce RTX 3050 6GB GDDR6 PCI Express 4.0 x8 ATX Video Card RTX 3050 LP,$198.99 ,MSI,6GB,GDDR6,GeForce RTX 3050,N/A,2/1/2025 17:56
Nvidia Quadro P3000 6GB GDDR5 Graphics Video Card N17E-Q1-A1 Dell NYM27,$80.00 ,Dell,6 GB,GDDR5,NVIDIA Quadro,N/A,2/1/2025 17:56
ASUS GeForce RTX 4070 Ti SUPER TUF Gaming White OC Graphics Card GDDR6X 16GB,"$1,285.90/ea",ASUS,16 GB,GDDR6X,NVIDIA GeForce RTX 4070 Ti,N/A,2/1/2025 17:56
NVIDIA Quadro P1000 4GB GDDR5 Graphics Card Pulled From Working Device,$75.00 ,Graphics,4 GB,GDDR5,NVIDIA Quadro,Mini DisplayPort,2/1/2025 17:56
ASUS GeForce GT 710 2GB DDR3  Low Profile Graphics Card,$49.99 ,ASUS,2 GB,DDR3,NVIDIA GeForce GT 710,N/A,2/1/2025 17:56
MSI AMD Radeon RX 5700 MECH GP OC 8GB GDDR6 Graphics Card,$149.00/ea,MSI,8 GB,GDDR6,AMD Radeon RX 5700,"DisplayPort, HDMI",2/1/2025 17:56
Graphic Card HP C8000 ATI FireGL x1 256MB DDR AGP-Pro 8x Cad 3D Unix,$89.50 ,HP,256 MB,DDR SGRAM,ATI FireGL,VGA,2/1/2025 17:56
NVIDIA GEFORCE XFX AGP 4X/8X GF 7600 GT 580M 256MB DDR3 DVI U5-3(17),$126.97 ,XFX,256MB,DDR3,NVIDIA GeForce 7600 GT,DVI,2/1/2025 17:56
Graphics Card Cooling Fan Replacement For Galaxy GTX1050 1050ti Graphics Card,$13.23 ,Unbranded,N/A,N/A,does not apply,N/A,2/1/2025 17:56
Zotac GTX770 AMP! Edition Graphics Card - 2GB,$49.95 ,ZOTAC,2 GB,N/A,Zotac GTX770 AMP ! Edition,"DisplayPort, DVI, HDMI",2/1/2025 17:56
Nvidia Tesla P4 8GB GPU Card graphics card Supermicro 900-2G414-0200-101,$175.00 ,Supermicro,8 GB,N/A,NVIDIA Tesla P4,Component,2/1/2025 17:56
GIGABYTE NVIDIA GeForce GTX 560 Ti 1GB GDDR5 SDRAM Graphic card GV-N560OC-1GI,$19.94 ,GIGABYTE,1 GB,GDDR5,NVIDIA GeForce GTX 560 Ti,"DVI-I, mini-HDMI",2/1/2025 17:56
Vintage AGP Video Graphics Card Radeon 9200 128MB VGA DVI S-Video,$55.00 ,ATI,128 MB,DDR,ATI Radeon 9200,"DVI, S-Video, VGA",2/1/2025 17:56
Jaton Video Magic 128 PCI VGA Graphics Video Card-Tested,US $119.99,N/A,N/A,N/A,N/A,N/A,2/1/2025 17:56
graphics card amd radeon,$59.00 ,Graphics,Other,Other,Other,Other,2/1/2025 17:56
Nvidia GeForce GTX 650 TI PCIe Graphics Card,$29.99 ,HP,N/A,N/A,NVIDIA GeForce GTX 650 Ti,N/A,2/1/2025 17:56
128MB HP 5187-4272 / RV250-LE-A06 VGA / Comp Out / S-Vid Out AGP Graphics Card,$18.58 ,ATI,128 MB,N/A,RV280,"Component, S-Video, VGA",2/1/2025 17:56
64MB MSI 8890 GeForce4 MX440-T8X VGA / Video AGP Graphics Video Card GPU,$22.30 ,MSI,64 MB,N/A,NVIDIA GeForce4 MX440-8X,"DVI, TV Out, VGA",2/1/2025 17:56
HP Z210 z240t z400 z420 z600 z620 z800 z820 Dual DVI Display Video Graphics Card,$22.38 ,NVIDIA,512MB,N/A,NVIDIA Quadro,"Dual DVI, DVI",2/1/2025 17:56
ASUS TUF Gaming GeForce RTX 3070 Ti OC 8GB GDDR6X Graphics Card,US $350.00,ASUS,8 GB,GDDR6X,NVIDIA GeForce RTX 3070 Ti,"DisplayPort, HDMI",2/1/2025 17:56
Low Profile Full High Bracket For MSI GTX1050 GTX1050Ti LP Graphics Video Cards,$4.09 ,N/A,N/A,N/A,N/A,N/A,2/1/2025 17:56
Graphics Card PBTTF010Z0Q8Q4,$35.00 ,Unbranded,N/A,N/A,PBTTF010Z0Q8Q4,N/A,2/1/2025 17:56
GA91S2U Graphics Card Cooling Fans for PNY PALiT RTX2070 / 2080 GAMING PRO/DUAL,$9.81 ,Unbranded,N/A,N/A,GA91S2U,N/A,2/1/2025 17:56
"For iMac 27"" A1312 Mid 2009 2010 2011 upgrade NVIDIA GTX 780M 4GB Video Card",US $75.05,N/A,N/A,N/A,N/A,N/A,2/1/2025 17:56
EVGA Nvidia GeForce GTX 980 Ti 6GB Video Graphics Card 06G-P4-4995-BR *NO BOX*,$99.99 ,EVGA,6 GB,GDDR5,NVIDIA GeForce GTX 980 Ti,"DisplayPort, DVI-I, HDMI",2/1/2025 17:56
Vintage ASUS Graphics Card V3800M - LP 32MB Memory,$9.98 ,ASUS,32 MB,SDRAM,nVida TNT2 M64,VGA,2/1/2025 17:56
NVIDIA QUADRO P620 2GB GDDR5 PCIE Graphics Card 4x Mini DisplayPort,$65.00/ea,HP,2GB,GDDR5,NVIDIA Quadro,DisplayPort,2/1/2025 17:56
Vintage ATI HP FIRE GL4 128MB AGP PRO Video Graphics Card A7226-60520 Tested,$75.00 ,HP,128 MB,N/A,Fire GL4,N/A,2/1/2025 17:56
MATROX DUAL MONITOR SFF / LOW PROFILE G550 32MB PCI G55MDDAP32DBF GRAPHICS CARD,$37.17 ,Matrox,32 MB,DDR1,Matrox MGA G550,LFH-60 Output,2/1/2025 17:56
Gateway Western Digital WD90C33-ZZ PARADISE 90C33/34 VL VESA Graphics Card AT&T,$137.85 ,Western Digital,N/A,N/A,Paradise,VGA,2/1/2025 17:56
Vintage Prolink MVGA-AVGA4VL CL-5428 VESA VLB VGA Video Graphics Card — TESTED!,$39.97 ,PROLINK Microsystems Corp.,1MB (expandable to 2MB),N/A,CL-GD5428,VGA,2/1/2025 17:56
NVIDIA Quadro K1200 4GB GDDR5 PCI-E Mini DisplayPort Professional Graphics Card,$75.99 ,Graphics,4 GB,GDDR5,NVIDIA Quadro,"DVI-D, DisplayPort, HDMI, Mini DisplayPort",2/1/2025 17:56
AMD Radeon R5 320 1GB HDMI DP VGA Graphics Card,AU $36.00,N/A,N/A,N/A,N/A,N/A,2/1/2025 17:56
Dell Nvidia Quadro P2000 5GB GDDR5 4x DisplayPort PCI-e Video Card 87CG5,$95.00 ,Dell,5GB,GDDR5,NVIDIA Quadro,DisplayPort,2/1/2025 17:56
ASRock Challenger Arc A580 8GB GDDR6 PCIe 4.0 x16 ATX Video Graphics Card GPU,$177.99 ,ASRock,8GB,GDDR6,Arc A580,"DisplayPort, HDMI",2/1/2025 17:56
nVidia GeForce 8600GS 512MB VGA/S-Video/DVI-I (Dual Link) PCIe Graphics Card,$40.00 ,NVIDIA,512 MB,N/A,NVIDIA GeForce 8600GS,"DVI-I, S-Video, VGA",2/1/2025 17:56
XFX R7-360P-2S V 7.0 Graphics Card Core Radeon R7 360 2GB D5 DP HDMI - Tested,US $20.99,N/A,N/A,N/A,N/A,N/A,2/1/2025 17:56
Peladn Gaming Nvidia GeForce RTX 3080 10G White RGB GPU PCIe 4.0 Graphics Card,$499.99 ,NVIDIA,10 GB,GDDR6X,NVIDIA GeForce RTX 3080,"DisplayPort, HDMI",2/1/2025 17:56
MSI Nividia Geforce GTX 980 Gaming 4G GDDR5 Graphics Video Card GPU,$79.99 ,NVIDIA,4 GB,GDDR5,NVIDIA GeForce GTX 980,N/A,2/1/2025 17:56
NVIDIA Quadro P1000 4GB GDDR5 Graphics Card - 4x Mini DP - SFF,US $87.94,N/A,N/A,N/A,N/A,N/A,2/1/2025 17:56
ASUS G75VW nVidia GTX 670M 3GB GDDR5 VIDEO Graphics Card 60-N2VVG1200-B23,US $94.05,N/A,N/A,N/A,N/A,N/A,2/1/2025 17:56
GeForce 6200 512MB DDR2 AGP 8X Graphics Card VGA/S-VIDEO/DVI,$55.11 ,Unbranded,512MB,DDR2,GeForce 6200,"DVI, S-Video, VGA",2/1/2025 17:56
ASUS AMD Radeon RX 550 4GB GDDR5 Graphics Card,$30.00 ,ASUS,4 GB,GDDR5,AMD Radeon RX 550,"DisplayPort, DVI, HDMI",2/1/2025 17:56
XFX SPEEDSTER QICK319 RADEON RX 6750XT CORE Gaming Graphics Card with 12GB GDDR6,$345.99 ,XFX,12 GB,GDDR6,AMD RX 6750 XT,"DisplayPort, HDMI",2/1/2025 17:56
PNY VCQ4280NVS DUAL MONITOR NVIDIA QUADRO 280 NVS P111 64MB AGP GRAPHICS CARD,$16.10 ,PNY,64 MB,N/A,NVIDIA Quadro 280 NVS,LFH-60,2/1/2025 17:56
NVidia GeForce GT730 2GB GDDR5 DP DisplayPort Graphics Card 01AJ854,$17.95 ,Graphics,2 GB,GDDR5,NVIDIA GeForce GT 730,N/A,2/1/2025 17:56
2GB Nvidia Quadro K620 GDDR3 Video Graphics Card OEM Genuine,$17.95 ,NVIDIA,2 GB,GDDR3,NVIDIA Quadro K620,"DisplayPort, DVI-D",2/1/2025 17:56
HP 802317-001 AMD RADEON R9 350 2GB GDDR5 2x DP DVI GRAPHICS CARD-MULTIPLE,$15.00 ,HP,2 GB,GDDR5,AMD Radeon R9 350,"VGA, DVI",2/1/2025 17:56
Dell AMD Radeon HD 8490 1GB DDR3 PCIe DVI DisplayPort Graphics Card Full Height,$7.89 ,Dell,1 GB,DDR3,AMD Radeon HD 8490,"DisplayPort, DVI",2/1/2025 17:56
SFF DUAL HP 430956-001 430965-001 NVS 285 P383 128MB PCIE VGA SPLITTER WINDOWS 8,$14.86 ,HP,128MB,DDR2,NVIDIA Quadro,DMS-59 Output,2/1/2025 17:56
ASUS 0dB Cooling 2GB GDDR5 NVIDIA GeForce GT 730 Graphics Card GPU,$49.95 ,ASUS,2 GB,GDDR5,NVIDIA GeForce GT 730,N/A,2/1/2025 17:56
AMD Radeon R5 240 1GB PCI-e 3.0x16 DVI Displayport Low Profile Video Card,$13.00 ,Dell,1 GB,N/A,Amd Radeon R5 240,"DisplayPort, DVI",2/1/2025 17:56
SXM2 to PCI-E Adapter For Nvidia Tesla V100 SXM2 NVlink video card GPU,$249.99 ,Unbranded,N/A,N/A,NVIDIA Tesla V100,N/A,2/1/2025 17:56
Nvidia Quadro P5000 16GB GDDR5 Workstation Graphics Card PCIe x16 VCQP5000,$205.00 ,PNY,16 GB,GDDR5X,NVIDIA Quadro 5000,"DisplayPort, DVI",2/1/2025 17:56
AMD Radeon PRO W5500 8GB GDDR6 Graphics Card,$79.99 ,AMD,8 GB,GDDR6,AMD Radeon PRO W5500,DisplayPort,2/1/2025 17:56
Vintage Prolink MVGA-AVGA4VL1 CL-5428 VESA VLB VGA Video Graphics Card — TESTED!,$39.97 ,PROLINK Microsystems Corp.,1MB (expandable to 2MB),N/A,CL-GD5428,VGA,2/1/2025 17:56
1GB Sparkle SFPX95 GeForce 9400GT DVI / S-Out / VGA PCI-e Graphics Video Card,$22.30 ,Sparkle,1 GB,DDR2,NVIDIA GeForce 9400 GT,"DVI, S-Video, VGA",2/1/2025 17:56
PNY Nvidia GeForce GTX 970 4GB 256-Bit GDDR5 Graphics Video Card Tested PCIe 3.0,US $29.99,N/A,N/A,N/A,N/A,N/A,2/1/2025 17:56
ASUS GeForce RTX 3060 8GB OC GDDR6 DUAL-RTX3060-O8G Video Graphics Card GPU,$249.99 ,ASUS,8GB,GDDR6,NVIDIA GeForce RTX 3060,HDMI,2/1/2025 17:56
ASUS GeForce GT 730 2GB GDDR5 PCI Express 2.0 Video Card GT730-4H-SL-2GD5 4xHDMI,US $89.99,ASUS,2 GB,GDDR5,NVIDIA GeForce GT 730,"HDCP, HDMI",2/1/2025 17:56
NVIDIA RTX 5000 ADA 32GB GDDR6 - 900-5G132-0040-000 GPU Graphics Card,"EUR 2,799.00",N/A,N/A,N/A,N/A,N/A,2/1/2025 17:56
NVIDIA QUADRO M4000 and K4000 GRAPHICS CARDS | VCQM4000 |,$83.76 ,PNY,8 GB,GDDR5,Quadro M4000,N/A,2/1/2025 17:56
NVIDIA GeForce RTX NVLink HB Bridge 4-Slot for 30/3000 Series 3090 SLI HB *NEW*,$178.00 ,NVIDIA,N/A,N/A,NVIDIA GeForce RTX 3090,Nvlink,2/1/2025 17:56
"GIGABYTE GeForce RTX 4060 EAGLE OC 8G Graphics Card, 3x WINDFORCE Fans, 8GB 128-",US $319.49,GIGABYTE,8 GB,GDDR6,NVIDIA GeForce RTX 4060,"DisplayPort, HDMI",2/1/2025 17:56
AMD RADEON R5 340X 2GB DDR3 PCI GRAPHICS CARD C870 P/N:7122107700G,$9.99 ,Dell,2 GB,DDR3,AMD Radeon R5 340X,N/A,2/1/2025 17:56
ZOTAC THRIPLE FAN GRAPHICS CARD,$149.99 ,ZOTAC,N/A,N/A,N.A,N/A,2/1/2025 17:56
64bit 2GB NVIDIA GeForce GT730 DDR3 DVI VGA HDMI PCI-E Graphics Card,AU $68.79,N/A,N/A,N/A,N/A,N/A,2/1/2025 17:56
For ASUS G73JW G53JW G73SW G53SW G53SX N12E-GS-A1 2GB GTX560M Video Graphic Card,$31.60 ,Akemy,2GB,/,NVIDIA GeForce GTX 560,/,2/1/2025 17:56
BFG NVIDIA GeForce 9600 GT 512 MB GDDR3 SDRAM PCI Express 2.0 x16 Graphics Card,$67.36 ,BFG Tech,512MB,GDDR3,NVIDIA GeForce 9600 GT,DVI Output|VGA D-Sub Output|S-Video Input,2/1/2025 17:56
AMD ATI Radeon HD8350  1GB DDR3 PCIe x16 VGA/DVI/HDMI Video Cards,$14.00 ,AMD,1 GB,DDR3,AMD Radeon HD 8350,"DVI, HDMI, VGA",2/1/2025 17:56
Zotac NVIDIA GeForce GT430 512MB 64 Bit DDR3 PCI Graphics Video Card ZT-40605,$119.99 ,ZOTAC,512 MB,DDR3,NVIDIA GeForce GT430,"DVI, HDMI, VGA",2/1/2025 17:56
Dell OptiPlex 3010 3020 7010 7020 9010 9020 3040 1GB DVI DP Video Graphics Card,$19.95/ea,Dell,1 GB,GDDR3,AMD Radeon HD 7470,"DisplayPort, DVI",2/1/2025 17:56
EVGA GEFORCE GT 740 SC 2GB GRAPHICS VIDEO CARD,$39.99 ,EVGA,N/A,N/A,EVGA GEFORCE GT 740 SC GRAPHICS VIDEO CARD,N/A,2/1/2025 17:56
MSI Nvidia GeForce GTX 1070 AERO ITX OC 8GB GDDR5 Graphics Card USED,$100.00 ,MSI,8 GB,GDDR5,NVIDIA GeForce GTX 1070,"DisplayPort, DVI, HDMI",2/1/2025 17:56
XFX R5-220A-2QHR Radeon R5 220 2GB DDR3 PCI-Express Graphics Card,$29.99 ,XFX,2 GB,DDR3,Radeon R5 220,N/A,2/1/2025 17:56
MANLI GeForce4 MX440 64MB 128-bit - AGP PC Graphics Card,US $20.00,N/A,N/A,N/A,N/A,N/A,2/1/2025 17:56
Graphics Card Cooling Fans Cooler Fans for XFX RX580 590 8G Black Wolf Edition,US $15.24,N/A,N/A,N/A,N/A,N/A,2/1/2025 17:56
SFF DUAL DELL CP309 RADEON HD 2400 XT 256MB PCIE TV DMS-59 WIN 10 & VGA SPLITTER,$24.78 ,ATI,256MB,DDR2 SDRAM,RV610,"TV-Out, DMS-59 Output",2/1/2025 17:56
64MB R92LE-B3S ATi Radeon 9200SE DVI / VGA / TV-Out AGP Graphics Video Card GPU,$23.54 ,ATI,64 MB,N/A,ATI Radeon 9200 SE,"DVI, TV Out, VGA",2/1/2025 17:56
SFF DELL YP477 0YP477 RADEON HD 2400 PRO 256MB PCIE DVI WIN 10 GRAPHICS CARD,$12.38 ,Dell,256 MB,N/A,ATI Radeon HD 2400 PRO,"DVI, TV Out",2/1/2025 17:56
Dell NVidia GeForce GTX 1060 0X41CK Graphics Card 6GB GDDR5 3x DP DVI-D HDMI NEW,$206.20 ,N/A,N/A,N/A,N/A,N/A,2/1/2025 17:56
Vintage Achieve ATI Rage 128 GL 32MB Graphics Card NOS,$19.99 ,ATI,32 MB,N/A,ATI Rage 128,VGA,2/1/2025 17:56
EVGA GeForce GT 730 2GB PCI-E Graphics Card  01G-P3-2731-KR,$45.90 ,EVGA,2 GB,N/A,NVIDIA GeForce GT 730,"DVI, HDMI",2/1/2025 17:56
XFX Radeon HD 6970 2GB GDDR5 Graphics Card,$30.00 ,XFX,2 GB,GDDR5,AMD Radeon HD 6970,"DVI-D,FireWire,HDMI",2/1/2025 17:56
Realtek RTG3105E 256 KByte 16 bit ISA VGA  Video Graphic Card 256 kb  Samsung,$30.98 ,Realtek,N/A,N/A,RTG3105,VGA,2/1/2025 17:56
Nvidia Quadro P600 699-5G212-0501-111 K Graphics Card,US $99.00,N/A,N/A,N/A,N/A,N/A,2/1/2025 17:56
S3 chrome 5400ew VIA Uh4 graphics card,$199.00 ,VIA,N/A,N/A,5400EW,HDMI,2/1/2025 17:56
HP ZBook 15 G2 Nvidia Quadro K610M 1GB GDDR5 Video Graphics Card 785225-001,$30.00 ,HP,1 GB,GDDR5,NVIDIA Quadro,N/A,2/1/2025 17:56
10CM Graphics Card Dual 8 GPU Power Cable For Nvidia  M40 M60 P40 P100 Part,$8.17 ,Unbranded,N/A,N/A,for Nvidia  K80 M40 M60 P40 P100,N/A,2/1/2025 17:56
EVGA 01G-P3-2615-KR NVIDIA GEFORCE GT 610 1GB DDR3 PCIE GRAPHICS CARD TESTED!,US $21.97,N/A,N/A,N/A,N/A,N/A,2/1/2025 17:56
DIAMOND S3 ViRGE/DX Q5A4BB PCI VGA Video Card Vintage 23033231-104 3D 2000 PRO,US $54.99,N/A,N/A,N/A,N/A,N/A,2/1/2025 17:56
Trident 64-bit Providia 9685 3D 2MB PCI Multimedia Accelerator w/ TV Out TESTED,$29.95 ,OnSpeed,2 MB,EDO RAM,Trident 9685,"Composite (RCA), S-Video, TV Out, VGA",2/1/2025 17:56
Dell Precision 7530 7730 GPU Graphics Video Card Filler KWJM2 0KWJM2 LS-F597P,$54.94 ,Dell,None,N/A,None,N/A,2/1/2025 17:56
ASUS NVIDIA GeForce GT 710 2GB GDDR5 90YV0E60-M0NA00 Graphics Card GPU,$69.99 ,ASUS,2 GB,GDDR5,NVIDIA GeForce GT 710,HDMI,2/1/2025 17:56
"ASUS Dual GeForce® GTX 1650 4GB GDDR6 PCI Express for PC Gaming, Graphics Card",$150.00 ,ASUS,4 GB,GDDR6,Asus Dual GeForce GTX,"HDMI, DVI-D, DisplayPort",2/1/2025 17:56
ASUS Nvidia Geforce GTX 750ti 2GB,$60.00 ,ASUS,2 GB,N/A,NVIDIA GeForce GTX 750 Ti,N/A,2/1/2025 17:56
S3 SAVAGE2000 32MB VGA - AGP PC Graphics Card,$145.00 ,S3 Group,32 MB,SDRAM,S3 Savage2000,VGA,2/1/2025 17:56
NVIDIA Tesla M40 12GB GDDR5 GPU Accelerator for Server (900-2G600-0010-000),$38.69 ,NVIDIA,12 GB,GDDR5,Tesla M40,N/A,2/1/2025 17:56
New Matrox Multi-Monitor Series G200 graphics card - MGA G200 - 32 MB NEW KIT,$101.68 ,Matrox,32MB,DDR2,Part Number: G2+/QUADP/TVEU,Mini DisplayPort,2/1/2025 17:56
XFX ATI RADEON HD 5670 1GB HD-567X-ZN DISPLAY PORT HDMI DVI VIDEO CARD U6-4(13),$31.42 ,XFX,1 GB,N/A,ATI Radeon HD 5670,HDMI,2/1/2025 17:56
PowerColor Radeon RX 6600 8GB Fighter GDDR6 Video Graphics Card GPU,$194.99 ,PowerColor,8 GB,GDDR6,AMD Radeon RX 6600,"DisplayPort, HDMI",2/1/2025 17:56
MSI Gaming GeForce RTX 3050 6GB GDDR6 PCI Express 4.0 x8 ATX Video Card RTX 3050,US $188.49,N/A,N/A,N/A,N/A,N/A,2/1/2025 17:56
ASUS GeForce GTX 650 1GB GDDR5 Graphics Card - GRP240504,$39.00 ,ASUS,1 GB,GDDR5,NVIDIA GeForce GTX 650,N/A,2/1/2025 17:56
Dell Precision 7730 AMD Radeon Pro WX7100 8GB Video Card J7W6K LS-F606P,$79.93/ea,Dell,8 GB,N/A,AMD Radeon Pro WX7100,N/A,2/1/2025 17:56
"AMD Radeon R5 340X GDDR3 Graphics Card 1GB 109-C87051-02 DisplayPort, DVI",$15.00 ,AMD,1 GB,GDDR3,AMD RADEON R5 340X,"DisplayPort, DVI",2/1/2025 17:56
NVIDIA A10G 24GB GDDR6 GPU Passive CoolerComputing Accelerator AI Graphics Card,"$2,331.07 ",NVIDIA,24 GB,GDDR6,A10G,N/A,2/1/2025 17:56
ATI Technologies MACH64 109-25500-10 PCI Video Graphics Card,$29.00 ,ATI Technologies,N/A,N/A,ATI Mach 64,N/A,2/1/2025 17:56
Graphics Card GPU Brace Support Adjustable Magnetic Video Card Holder Bracket,$5.29 ,Unbranded,N/A,N/A,other,N/A,2/1/2025 17:56
Tech Source Raptor 1100T 32MB PCI Color Video Graphics Card 19-0125-03 10-0090,$119.00 ,Tech Source,32 MB,N/A,Raptor,13W3,2/1/2025 17:56
ASRock Radeon RX 6600 Challenger ITX 8GB Graphics Card,$338.00 ,ASRock,8 GB,GDDR6,AMD Radeon RX 6600,"DisplayPort, HDMI",2/1/2025 17:56
GTX 780M GTX780M N14E-GTX-A2 4GB DDR5 Video Graphics Card For Clevo Alienware,$103.55 ,NVIDIA,4 GB,GDDR5,N14E-GTX-A2,N/A,2/1/2025 17:56
HP NVIDIA GeForce GT 730 2GB GDDR3 PCI-E Video Graphics Card 802315-001,$17.95 ,NVIDIA,2 GB,GDDR3,GeForce GT 730,DVI,2/1/2025 17:56
XFX AMD Radeon™ RX 5700 XT 8GB GDDR6 THICC III,$150.00 ,XFX,8 GB,GDDR6,AMD Radeon RX 5700 XT,"DisplayPort, HDMI",2/1/2025 17:56
SFF DUAL DELL CP309 0CP309 RADEON HD 2400 XT 256MB PCIE TV DMS-59 WINDOWS 10,$21.06 ,ATI,256 MB,DDR2 SDRAM,RV610,"TV-Out, DMS-59 Output",2/1/2025 17:56
NVIDIA Quadro FX1100 GDDR2 Dual DVI Professional Graphics Card,$89.00 ,NVIDIA,128 MB,GDDR2,NVIDIA Quadro FX 1100,DVI,2/1/2025 17:56
DELL J96W6 AMD FirePro S9150 16GB VRAM PCI Express 3.0 Graphics Card NEW,$99.99 ,Dell,16 GB,VRAM,AMD FIREPRO S9150,N/A,2/1/2025 17:56
msi graphics card 512 mb NX8400GS,$15.00 ,MSI,512 MB,N/A,NVIDIA GeForce 8400 GS,N/A,2/1/2025 17:56
DIAMOND STEALTH 64 DRAM T S3 86C764 2MB PCI VGA VIDEO GRAPHICS CARD ADAPTER,$23.80 ,Diamond,2 MB,EDO RAM,S3 86C764,"D-Sub, VGA",2/1/2025 17:56
MSI Radeon RX 580 Gaming X 8G Graphics Card - Used,$71.00 ,MSI,8 GB,GDDR5,AMD Radeon RX 580,"DisplayPort, DVI-D, HDMI",2/1/2025 17:56
GeForce4 MX440 64MB 128-bit - AGP PC Graphics Card,$21.00 ,NVIDIA,64 MB,DDR1,GF4 MX440,"S-Video, VGA",2/1/2025 17:56
HP J0G94A NVIDIA 16GB Grid K1 GPU Graphics Video Card 788358-001,$45.00 ,Nvidia,N/A,N/A,Grid K1,N/A,2/1/2025 17:56
MSI Radeon RX 580 armor 4 GB OVC1 used PC Part,$20.00 ,MSI,4 GB,GDDR5,AMD Radeon RX 580,"DisplayPort, DVI, HDCP, DVI-D, HDMI",2/1/2025 17:56
"XFX Speedster SWIFT210 AMD Radeon RX 6600 Core Gaming  8GB GDDR6 GPU, Tested",$184.50 ,XFX,8 GB,GDDR6,AMD Radeon RX6600,"DisplayPort, HDMI",2/1/2025 17:56
graphics card amd radeon,US $59.00,N/A,N/A,N/A,N/A,N/A,2/1/2025 17:56
Gigabyte GV-R677D5-1GD AMD Radeon HD 6770 1GB GDDR5 PCI-E 2.0 Graphics Card,$19.25 ,GIGABYTE,1 GB,GDDR5,AMD Radeon HD 6770,"DisplayPort, DVI, HDMI",2/1/2025 17:56
NVIDIA Tesla P6 Mobile 16GB GDDR5 Laptop Video Graphics Card GP104-995-A1,$129.99 ,NVIDIA,16 GB,GDDR5,NVIDIA Tesla P6,N/A,2/1/2025 17:56
DELL NVIDIA GeForce GT 705 1GB DVI VGA HDMI Graphic Video Card,$18.00 ,Dell,1 GB,DDR3,NVIDIA GeForce GT 705,"DVI, HDMI, VGA",2/1/2025 17:56
ASUS Turbo GTX1070 8GB GDDR5 Graphics Card,$80.00 ,ASUS,8 GB,GDDR5,NVIDIA GeForce GTX 1070,"DisplayPort, DVI, HDCP, HDMI",2/1/2025 17:56
PowerColor Radeon HD 4890 1GB GDDR5 PCI Express 2.0 Video Card AX4890 1GBD5,$49.99 ,PowerColor,1 GB,GDDR5,ATI Radeon HD 4890,"DVI, S-Video",2/1/2025 17:56
Nvidia TNT2PRO 32MB TV-OUT graphics card Tested,$26.00 ,NVIDIA,32 MB,N/A,TNT2Pro,TV Out,2/1/2025 17:56
PNY GeForce GTX 295 S 1792MB PCIe 2.0 VCGGTX295SXPB,$55.95 ,PNY,1792MB,GDDR5,NVIDIA GeForce GTX 470,N/A,2/1/2025 17:56
HP AMD Radeon R5 420 1GB DDR5 VGA DP Graphics Card,$23.63 ,HP,1GB,GDDR5,AMD Radeon R5 420,"DisplayPort, VGA",2/1/2025 17:56
AMD Radeon R5 340X 2GB GDDR3 C870 Graphics Video card 109-C87051-00 High Profile,$16.99 ,AMD,2 GB,DDR3,Radeon R5 340X,"DisplayPort, DVI",2/1/2025 17:56
Pegatron GeForce G310 512MB PCI Video Graphics Card G310DE VUI G310DE AD B6D,$19.99 ,Geforce,512 MB,N/A,B6D,N/A,2/1/2025 17:56
PowerColor RX 6900 XT 16GB Red Devil LE GDDR6 Video Graphics Card,US $499.99,N/A,N/A,N/A,N/A,N/A,2/1/2025 17:56
Low Profile Full High Bracket For MSI GTX1050 GTX1050Ti LP Graphics Video Cards,$5.68 ,Unbranded,Does Not Apply,N/A,For MSI GTX1050,"DisplayPort, DVI, HDMI",2/1/2025 17:56
GIGABYTE Radeon RX 5700 XT GAMING OC GDDR6 Graphics Card - 8GB,$155.00 ,GIGABYTE,8 GB,GDDR6,GIGABYTE Radeon RX 5700 XT GAMING OC,"DisplayPort 1.4, HDMI",2/1/2025 17:56
PNY GeForce GTX 295 S 1792MB PCIe 2.0 VCGGTX295SXPB,$55.95 ,PNY,1792MB,GDDR5,NVIDIA GeForce GTX 470,N/A,2/1/2025 17:56
102-D05318-02 AMD V340L Radeon PRO 16GB PCI-e x16 HBM2 Graphics Card,$64.00 ,AMD,16 GB,HBM2,AMD Radeon PRO,N/A,2/1/2025 17:56
Graphics Card Gpu Fan + Shroud,US $2.49,N/A,N/A,N/A,N/A,N/A,2/1/2025 17:56
Sapphire ATI HD 3850 512MB GDDR3 AGP graphics card,$227.96 ,N/A,N/A,N/A,N/A,N/A,2/1/2025 17:56
Custom Pic & Size ARGB GPU Side Panel GPU Backplate Colorful Light Board PC Case,$54.99 ,Unbranded,N/A,N/A,NVIDIA Quadro,5V3Pin,2/1/2025 17:56
Nvidia Quadro K600 1GB DDR3 LOW PROFILE Graphics Card.TESTED.SKU220683,$14.14 ,NVIDIA,N/A,N/A,Does not apply,N/A,2/1/2025 17:56
FULL HEIGHT DUAL MATROX G550 32MB AGP G55MADDA32DB GRAPHICS CARD,GBP 11.99,N/A,N/A,N/A,N/A,N/A,2/1/2025 17:56
512MB HP 5188-5630 Radeon X1300 Pro Dual DVI / S-VID PCI-e Graphics Video Card,$18.58 ,HP,512 MB,GDDR3,ATI Radeon X1300 PRO,"DVI, S-Video",2/1/2025 17:56
Gainward Nvidia GeForce GTS 450 1GB GDDR5 Video Graphics Card - Tested!,$15.00 ,Gainward,1 GB,GDDR5,NVIDIA GeForce GTS 450,"DVI, DVI-D, DVI-I, HDMI, VGA",2/1/2025 17:56
ATI Radeon HD6570 1GB DDR3 16x PCI-e Dual Display Port DVI Graphics Video Card,$17.00/ea,ATI Technologies,1GB,DDR3,ATI Radeon HD 6500,"DisplayPort Output, DVI Output, DisplayPort, DVI",2/1/2025 17:56
ASUS GeForce GT 630 2024MB DDR3 DVI HDMI VGA - PCI-e Graphics Card,$15.00 ,ASUS,2024 MB,DDR3,NVIDIA GeForce GT 630,"DVI, HDMI, VGA",2/1/2025 17:56
NEW ASUS G75VX NVIDIA GTX670M GDDR5 3GB Graphic Card Video Card 60-NLEVG1001 VGA,$75.65 ,ASUS,3GB,GDDR5,NVIDIA GeForce GTX 670,N/A,2/1/2025 17:56
ATI Graphics Card Radeon X700 Pro AGP 8x/4x 256MB Open Box,$100.00 ,Preferred Graphics,256 MB,N/A,ATI Radeon X700 PRO,"DVI, VGA",2/1/2025 17:56
Dell NVIDIA Quadro K5000 PCIe 2.0 x16 4GB GDDR5 Graphics Card RCFKT,$49.99 ,Dell,4 GB,GDDR5,Quadro K5000,2x DVI 2x DP,2/1/2025 17:56
SPARKLE SP740M INTEL 740 8MB AGP  2X graphics card Tested,US $25.00,N/A,N/A,N/A,N/A,N/A,2/1/2025 17:56
ATI Radeon Sapphire HD3850 512MB GDDR3 AGP VGA Video Card,US $220.00,N/A,N/A,N/A,N/A,N/A,2/1/2025 17:56
PNY VCQ290NVS-PCIEX1 Graphics Card Quadro NVS290,$24.79 ,PNY,256 MB,N/A,NVIDIA Quadro NVS 290,N/A,2/1/2025 17:56
Dell AMD FirePro V4900 1GB GDDR5 2-DP & 1-DVI Video Graphics Card 0C8MR2 C8MR2,$19.99/ea,AMD,1 GB,GDDR5,AMD FirePro V4900,"DisplayPort, DVI, DVI-I",2/1/2025 17:56
