title,price,promo,coupon,product_url,collection_date,brand,screen_size,color,hard_disk_size,cpu_model
"Amazon Basics 24 Inch Gaming Monitor, FHD 1080P, 165Hz, VESA Compatible, Adaptive sync, 1ms Response, Black",$109.99,No promotion,No coupon,https://www.amazon.com/sspa/click?ie=UTF8&spc=MTo3NjIxNDc0Nzg5Nzg4MDMxOjE3MzczODU1OTY6c3BfYXRmOjMwMDM0MDU4ODU4MjYwMjo6MDo6&url=%2FAmazon-Basics-Compatible-Adaptive-Response%2Fdp%2FB0CP7TNX8C%2Fref%3Dsr_1_1_ffob_sspa%3Fdib%3DeyJ2IjoiMSJ9.13gnvC8jJBWKR_aHz-dsvL1kR-C3P1qmfczdxd6IOxxjs1PfAF_jka4NaB2lTfPOaTC3xzw_UEvDYXjdTOhllmD_eSo33WGm4-Lx4OojAl009t7cLhSe_rddMQ8-F8zjtqNhP6j4QKZtgGw7nPS8vwwBbDpxR1HXUiPJFT6pn9TWmHhTxqXkbDxemHWrJqQNNVFznT0hyczynjFfUQN8V7gwZU-oHtMobf_78vdi6jo.roB7bdtGgY6D-vwpuo5vsWo6tHo10CuVSVJrRl40pcA%26dib_tag%3Dse%26keywords%3Dmonitor%26qid%3D1737385595%26sr%3D8-1-spons%26sp_csd%3Dd2lkZ2V0TmFtZT1zcF9hdGY%26psc%3D1,2025-01-20 16:06:38,Amazon Basics,24 Inches,FHD 1080p,16:9,Glossy
"GAMEPOWER T50 27 Inch 1500R Curved Gaming Monitor, 200Hz 1080p Display, Full HD, 0.5ms Response Time, VA Panel, FreeSync, HDR, 125% sRGB, RGB Backlight, Dual Speakers, Zero Frame, HDMI/DP",$135.99,"Tue, Feb 4",No coupon,https://www.amazon.com/sspa/click?ie=UTF8&spc=MTo3NjIxNDc0Nzg5Nzg4MDMxOjE3MzczODU1OTY6c3BfYXRmOjMwMDU5MDMzODY4MzQwMjo6MDo6&url=%2FGAMEPOWER-T50-Response-Refresh-Lighting%2Fdp%2FB0CVRYDQ2P%2Fref%3Dsr_1_2_sspa%3Fdib%3DeyJ2IjoiMSJ9.13gnvC8jJBWKR_aHz-dsvL1kR-C3P1qmfczdxd6IOxxjs1PfAF_jka4NaB2lTfPOaTC3xzw_UEvDYXjdTOhllmD_eSo33WGm4-Lx4OojAl009t7cLhSe_rddMQ8-F8zjtqNhP6j4QKZtgGw7nPS8vwwBbDpxR1HXUiPJFT6pn9TWmHhTxqXkbDxemHWrJqQNNVFznT0hyczynjFfUQN8V7gwZU-oHtMobf_78vdi6jo.roB7bdtGgY6D-vwpuo5vsWo6tHo10CuVSVJrRl40pcA%26dib_tag%3Dse%26keywords%3Dmonitor%26qid%3D1737385595%26sr%3D8-2-spons%26sp_csd%3Dd2lkZ2V0TmFtZT1zcF9hdGY%26psc%3D1,2025-01-20 16:06:38,Game Power,27 Inches,FHD 1080p,16:9,Matte
"PHILIPS 24 inch Frameless Full HD (1920 x 1080) 100Hz Monitor, VESA, HDMI x1, VGA Port x1, Eye Care, 4 Year Advance Replacement Warranty, 241V8LB",$79.99,"Thu, Jan 30",No coupon,https://www.amazon.com/PHILIPS-Frameless-Replacement-Warranty-241V8LB/dp/B0C8ZKV5R9/ref=sr_1_3?dib=eyJ2IjoiMSJ9.13gnvC8jJBWKR_aHz-dsvL1kR-C3P1qmfczdxd6IOxxjs1PfAF_jka4NaB2lTfPOaTC3xzw_UEvDYXjdTOhllmD_eSo33WGm4-Lx4OojAl009t7cLhSe_rddMQ8-F8zjtqNhP6j4QKZtgGw7nPS8vwwBbDpxR1HXUiPJFT6pn9TWmHhTxqXkbDxemHWrJqQNNVFznT0hyczynjFfUQN8V7gwZU-oHtMobf_78vdi6jo.roB7bdtGgY6D-vwpuo5vsWo6tHo10CuVSVJrRl40pcA&dib_tag=se&keywords=monitor&qid=1737385595&sr=8-3,2025-01-20 16:06:38,Philips Computer Monitors,23.8 Inches,FHD 1080p,16:9,Glossy
"AOC 22B2HM2 22"" Full HD (1920 x 1080) 100Hz LED Monitor, Adaptive Sync, VGA x1, HDMI x1, Flicker-Free, Low Blue Light, HDR Ready, VESA, Tilt Adjust, Earphone Out, Eco-Friendly",$63.99,"Thu, Jan 30",No coupon,https://www.amazon.com/AOC-22B2HM2-Adaptive-Flicker-Free-Eco-Friendly/dp/B0CXZW42CD/ref=sr_1_4?dib=eyJ2IjoiMSJ9.13gnvC8jJBWKR_aHz-dsvL1kR-C3P1qmfczdxd6IOxxjs1PfAF_jka4NaB2lTfPOaTC3xzw_UEvDYXjdTOhllmD_eSo33WGm4-Lx4OojAl009t7cLhSe_rddMQ8-F8zjtqNhP6j4QKZtgGw7nPS8vwwBbDpxR1HXUiPJFT6pn9TWmHhTxqXkbDxemHWrJqQNNVFznT0hyczynjFfUQN8V7gwZU-oHtMobf_78vdi6jo.roB7bdtGgY6D-vwpuo5vsWo6tHo10CuVSVJrRl40pcA&dib_tag=se&keywords=monitor&qid=1737385595&sr=8-4,2025-01-20 16:06:38,AOC,21.5 Inches,FHD 1080p,16:9,Glossy
"acer SB240Y G0bi 23.8"" IPS Full HD Ultra-Slim Edge-to-Edge Gaming Office Monitor | Adaptive-Sync Support (FreeSync Compatible) | Up to 120Hz Refresh | 1ms (VRB) | Tilt | HDMI & VGA Ports | Black",$79.99,"Thu, Jan 30",No coupon,https://www.amazon.com/acer-Ultra-Slim-Adaptive-Sync-FreeSync-Compatible/dp/B0D2RW526R/ref=sr_1_5?dib=eyJ2IjoiMSJ9.13gnvC8jJBWKR_aHz-dsvL1kR-C3P1qmfczdxd6IOxxjs1PfAF_jka4NaB2lTfPOaTC3xzw_UEvDYXjdTOhllmD_eSo33WGm4-Lx4OojAl009t7cLhSe_rddMQ8-F8zjtqNhP6j4QKZtgGw7nPS8vwwBbDpxR1HXUiPJFT6pn9TWmHhTxqXkbDxemHWrJqQNNVFznT0hyczynjFfUQN8V7gwZU-oHtMobf_78vdi6jo.roB7bdtGgY6D-vwpuo5vsWo6tHo10CuVSVJrRl40pcA&dib_tag=se&keywords=monitor&qid=1737385595&sr=8-5,2025-01-20 16:06:38,Data not available,Data not available,Data not available,Data not available,Data not available
LG 27MS500-B 27 inch IPS Computer Monitor FHD (1920x1080) 100Hz 5ms Reader Mode Borderless Design OnScreen Control Black Stabilizer DAS Crosshair HDMI Black,$99.99,"Thu, Jan 30",No coupon,https://www.amazon.com/LG-27MS500-B-1920x1080-Borderless-Stabilizer/dp/B0CXKPZ13D/ref=sr_1_6?dib=eyJ2IjoiMSJ9.13gnvC8jJBWKR_aHz-dsvL1kR-C3P1qmfczdxd6IOxxjs1PfAF_jka4NaB2lTfPOaTC3xzw_UEvDYXjdTOhllmD_eSo33WGm4-Lx4OojAl009t7cLhSe_rddMQ8-F8zjtqNhP6j4QKZtgGw7nPS8vwwBbDpxR1HXUiPJFT6pn9TWmHhTxqXkbDxemHWrJqQNNVFznT0hyczynjFfUQN8V7gwZU-oHtMobf_78vdi6jo.roB7bdtGgY6D-vwpuo5vsWo6tHo10CuVSVJrRl40pcA&dib_tag=se&keywords=monitor&qid=1737385595&sr=8-6,2025-01-20 16:06:38,LG,27 Inches,FHD 1080p,16:9,Matte
"Laptop Screen Extender, 15.6"" FHD 1080P IPS, Triple Screen, Portable Monitor, Lightweight 3.5lbs, Plug and Play, Multi Screen Monitor Extension for 13.3""-16.1"" Laptop MacBook, Wins, Android,",$299.95,"Thu, Jan 30",No coupon,https://www.amazon.com/sspa/click?ie=UTF8&spc=MTo3NjIxNDc0Nzg5Nzg4MDMxOjE3MzczODU1OTY6c3BfbXRmOjMwMDU2MzU2NDc5ODQwMjo6MDo6&url=%2FExtender-Portable-Monitor-Lightweight-Extension%2Fdp%2FB0DH66XML4%2Fref%3Dsr_1_7_sspa%3Fdib%3DeyJ2IjoiMSJ9.13gnvC8jJBWKR_aHz-dsvL1kR-C3P1qmfczdxd6IOxxjs1PfAF_jka4NaB2lTfPOaTC3xzw_UEvDYXjdTOhllmD_eSo33WGm4-Lx4OojAl009t7cLhSe_rddMQ8-F8zjtqNhP6j4QKZtgGw7nPS8vwwBbDpxR1HXUiPJFT6pn9TWmHhTxqXkbDxemHWrJqQNNVFznT0hyczynjFfUQN8V7gwZU-oHtMobf_78vdi6jo.roB7bdtGgY6D-vwpuo5vsWo6tHo10CuVSVJrRl40pcA%26dib_tag%3Dse%26keywords%3Dmonitor%26qid%3D1737385595%26sr%3D8-7-spons%26sp_csd%3Dd2lkZ2V0TmFtZT1zcF9tdGY%26psc%3D1,2025-01-20 16:06:38,theo&things,15.6 Inches,2K DCI 1080p,1.27:1,Matte
"Sceptre New 27-inch Gaming Monitor 100Hz 1ms DisplayPort HDMI x2 100% sRGB AMD FreeSync Build-in Speakers, Eye Care Frameless Machine Black 2024 (E275W-FW100T)",$119.97,"Thu, Jan 30",No coupon,https://www.amazon.com/Sceptre-DisplayPort-FreeSync-Frameless-E275W-FW100T/dp/B0CHHSFMRL/ref=sr_1_8?dib=eyJ2IjoiMSJ9.13gnvC8jJBWKR_aHz-dsvL1kR-C3P1qmfczdxd6IOxxjs1PfAF_jka4NaB2lTfPOaTC3xzw_UEvDYXjdTOhllmD_eSo33WGm4-Lx4OojAl009t7cLhSe_rddMQ8-F8zjtqNhP6j4QKZtgGw7nPS8vwwBbDpxR1HXUiPJFT6pn9TWmHhTxqXkbDxemHWrJqQNNVFznT0hyczynjFfUQN8V7gwZU-oHtMobf_78vdi6jo.roB7bdtGgY6D-vwpuo5vsWo6tHo10CuVSVJrRl40pcA&dib_tag=se&keywords=monitor&qid=1737385595&sr=8-8,2025-01-20 16:06:38,Sceptre,27 Inches,FHD 1080p,16:9,Glossy
"SAMSUNG 27"" Essential S3 (S36GD) Series FHD 1800R Curved Computer Monitor, 100Hz, Game Mode, Advanced Eye Comfort, HDMI and D-sub Ports, LS27D366GANXZA, 2024",$129.99,"Fri, Jan 31",No coupon,https://www.amazon.com/SAMSUNG-Essential-Computer-Advanced-LS27D366GANXZA/dp/B0DB9Q5G3R/ref=sr_1_9?dib=eyJ2IjoiMSJ9.13gnvC8jJBWKR_aHz-dsvL1kR-C3P1qmfczdxd6IOxxjs1PfAF_jka4NaB2lTfPOaTC3xzw_UEvDYXjdTOhllmD_eSo33WGm4-Lx4OojAl009t7cLhSe_rddMQ8-F8zjtqNhP6j4QKZtgGw7nPS8vwwBbDpxR1HXUiPJFT6pn9TWmHhTxqXkbDxemHWrJqQNNVFznT0hyczynjFfUQN8V7gwZU-oHtMobf_78vdi6jo.roB7bdtGgY6D-vwpuo5vsWo6tHo10CuVSVJrRl40pcA&dib_tag=se&keywords=monitor&qid=1737385595&sr=8-9,2025-01-20 16:06:38,SAMSUNG,27 Inches,FHD 1080p,16:9,Curved
LG 27GS60QC-B Ultragear Curved Gaming Monitor 27-Inch QHD (2560x1440) 180Hz 1ms 1000R AMD FreeSync HDR10 HDMIx2 DisplayPort Borderless Design Black Stabilizer DAS Crosshair FPS Counter - Black,$159.99,"Fri, Jan 31",No coupon,https://www.amazon.com/LG-27GS60QC-B-DisplayPort-Borderless-Stabilizer/dp/B0D2FZS3JM/ref=sr_1_10?dib=eyJ2IjoiMSJ9.13gnvC8jJBWKR_aHz-dsvL1kR-C3P1qmfczdxd6IOxxjs1PfAF_jka4NaB2lTfPOaTC3xzw_UEvDYXjdTOhllmD_eSo33WGm4-Lx4OojAl009t7cLhSe_rddMQ8-F8zjtqNhP6j4QKZtgGw7nPS8vwwBbDpxR1HXUiPJFT6pn9TWmHhTxqXkbDxemHWrJqQNNVFznT0hyczynjFfUQN8V7gwZU-oHtMobf_78vdi6jo.roB7bdtGgY6D-vwpuo5vsWo6tHo10CuVSVJrRl40pcA&dib_tag=se&keywords=monitor&qid=1737385595&sr=8-10,2025-01-20 16:06:38,LG,27 Inches,QHD Wide 1440p,16:9,Matte
"Sceptre Curved 24.5-inch Gaming Monitor up to 240Hz 1080p R1500 1ms DisplayPort x2 HDMI x2 Blue Light Shift Build-in Speakers, Machine Black 2023 (C255B-FWT240)",$149.97,"Thu, Jan 30",No coupon,https://www.amazon.com/Sceptre-24-5-inch-DisplayPort-Speakers-C255B-FWT240/dp/B0BTKJFRDV/ref=sr_1_11?dib=eyJ2IjoiMSJ9.13gnvC8jJBWKR_aHz-dsvL1kR-C3P1qmfczdxd6IOxxjs1PfAF_jka4NaB2lTfPOaTC3xzw_UEvDYXjdTOhllmD_eSo33WGm4-Lx4OojAl009t7cLhSe_rddMQ8-F8zjtqNhP6j4QKZtgGw7nPS8vwwBbDpxR1HXUiPJFT6pn9TWmHhTxqXkbDxemHWrJqQNNVFznT0hyczynjFfUQN8V7gwZU-oHtMobf_78vdi6jo.roB7bdtGgY6D-vwpuo5vsWo6tHo10CuVSVJrRl40pcA&dib_tag=se&keywords=monitor&qid=1737385595&sr=8-11,2025-01-20 16:06:38,Sceptre,24.5 Inches,FHD 1080p,16:9,Matte
"CRUA 30Inch Ultrawide Curved Monitor, 21:9 WFHD(2560x1080P) VA Computer Monitor, 99% sRGB 100HZ 1500R PC Monitors Support FreeSync, Wall-Mounted, with HDMI/DP Display Port-Black",$149.99,"Fri, Jan 31",No coupon,https://www.amazon.com/sspa/click?ie=UTF8&spc=MTo3NjIxNDc0Nzg5Nzg4MDMxOjE3MzczODU1OTY6c3BfbXRmOjMwMDI3MTc3MzcyNjgwMjo6MDo6&url=%2FCRUA-30Inch-Ultrawide-Curved-Monitor%2Fdp%2FB0CYZ5ZX6V%2Fref%3Dsr_1_12_sspa%3Fdib%3DeyJ2IjoiMSJ9.13gnvC8jJBWKR_aHz-dsvL1kR-C3P1qmfczdxd6IOxxjs1PfAF_jka4NaB2lTfPOaTC3xzw_UEvDYXjdTOhllmD_eSo33WGm4-Lx4OojAl009t7cLhSe_rddMQ8-F8zjtqNhP6j4QKZtgGw7nPS8vwwBbDpxR1HXUiPJFT6pn9TWmHhTxqXkbDxemHWrJqQNNVFznT0hyczynjFfUQN8V7gwZU-oHtMobf_78vdi6jo.roB7bdtGgY6D-vwpuo5vsWo6tHo10CuVSVJrRl40pcA%26dib_tag%3Dse%26keywords%3Dmonitor%26qid%3D1737385595%26sr%3D8-12-spons%26sp_csd%3Dd2lkZ2V0TmFtZT1zcF9tdGY%26psc%3D1,2025-01-20 16:06:38,CRUA,29.5 Inches,FHD 1080p Ultra Wide,21:9,Matte
"SAMSUNG 24-Inch S43GC Series Business Essential Computer Monitor, IPS Panel, Height Adjustable Stand, Triple Input, New DisplayPort, 100Hz, AMD FreeSync, Advanced Eye Care LS24C432GANXZA, 2024",$99.99,"Tue, Feb 4",No coupon,https://www.amazon.com/SAMSUNG-Essential-Adjustable-DisplayPort-LS24C432GANXZA/dp/B0CNDDGPYY/ref=sr_1_13?dib=eyJ2IjoiMSJ9.13gnvC8jJBWKR_aHz-dsvL1kR-C3P1qmfczdxd6IOxxjs1PfAF_jka4NaB2lTfPOaTC3xzw_UEvDYXjdTOhllmD_eSo33WGm4-Lx4OojAl009t7cLhSe_rddMQ8-F8zjtqNhP6j4QKZtgGw7nPS8vwwBbDpxR1HXUiPJFT6pn9TWmHhTxqXkbDxemHWrJqQNNVFznT0hyczynjFfUQN8V7gwZU-oHtMobf_78vdi6jo.roB7bdtGgY6D-vwpuo5vsWo6tHo10CuVSVJrRl40pcA&dib_tag=se&keywords=monitor&qid=1737385595&sr=8-13,2025-01-20 16:06:38,SAMSUNG,23.8 Inches,FHD 1080p,16:9,Flat
"Acer SB270 G0bi 27"" IPS Full HD (1920 x 1080) Ultra-Thin Zero-Frame Gaming Office Monitor | Adaptive-Sync Support (FreeSync Compatible) | Up to 120Hz Refresh | 1ms (VRB) | Tilt | HDMI & VGA Ports",$99.99,"Fri, Jan 31",No coupon,https://www.amazon.com/acer-Ultra-Thin-Zero-Frame-Adaptive-Sync-Compatible/dp/B0D9HW6Q57/ref=sr_1_14?dib=eyJ2IjoiMSJ9.13gnvC8jJBWKR_aHz-dsvL1kR-C3P1qmfczdxd6IOxxjs1PfAF_jka4NaB2lTfPOaTC3xzw_UEvDYXjdTOhllmD_eSo33WGm4-Lx4OojAl009t7cLhSe_rddMQ8-F8zjtqNhP6j4QKZtgGw7nPS8vwwBbDpxR1HXUiPJFT6pn9TWmHhTxqXkbDxemHWrJqQNNVFznT0hyczynjFfUQN8V7gwZU-oHtMobf_78vdi6jo.roB7bdtGgY6D-vwpuo5vsWo6tHo10CuVSVJrRl40pcA&dib_tag=se&keywords=monitor&qid=1737385595&sr=8-14,2025-01-20 16:06:38,acer,27 Inches,FHD 1080p,16:9,Glossy
SANSUI Monitor 24 inch 100Hz USB Type-C Computer Monitor丨FHD 1080P PC Monitor丨HDMI丨FreeSync丨HDR丨Earphone Jack丨 Ergonomic Tilt for Home and Office,$79.99,"Fri, Jan 31",10% off coupon applied,https://www.amazon.com/SANSUI-Computer-Monitor%E4%B8%A8FHD-Monitor%E4%B8%A8HDMI%E4%B8%A8FreeSync%E4%B8%A8HDR%E4%B8%A8Earphone-Ergonomic/dp/B0D22TVRWH/ref=sr_1_15?dib=eyJ2IjoiMSJ9.13gnvC8jJBWKR_aHz-dsvL1kR-C3P1qmfczdxd6IOxxjs1PfAF_jka4NaB2lTfPOaTC3xzw_UEvDYXjdTOhllmD_eSo33WGm4-Lx4OojAl009t7cLhSe_rddMQ8-F8zjtqNhP6j4QKZtgGw7nPS8vwwBbDpxR1HXUiPJFT6pn9TWmHhTxqXkbDxemHWrJqQNNVFznT0hyczynjFfUQN8V7gwZU-oHtMobf_78vdi6jo.roB7bdtGgY6D-vwpuo5vsWo6tHo10CuVSVJrRl40pcA&dib_tag=se&keywords=monitor&qid=1737385595&sr=8-15,2025-01-20 16:06:38,SANSUI,24,FHD 1080p,16:9,Matte
"Acer KB272 G0bi 27"" IPS Full HD (1920 x 1080) Gaming Office Monitor | Adaptive-Sync Support (FreeSync Compatible) | Up to 120Hz Refresh | 1ms (VRB) | sRGB 99% | Tilt | HDMI & VGA Ports",$99.99,No promotion,No coupon,https://www.amazon.com/acer-Monitor-Adaptive-Sync-FreeSync-Compatible/dp/B0D9MK23S7/ref=sr_1_16?dib=eyJ2IjoiMSJ9.13gnvC8jJBWKR_aHz-dsvL1kR-C3P1qmfczdxd6IOxxjs1PfAF_jka4NaB2lTfPOaTC3xzw_UEvDYXjdTOhllmD_eSo33WGm4-Lx4OojAl009t7cLhSe_rddMQ8-F8zjtqNhP6j4QKZtgGw7nPS8vwwBbDpxR1HXUiPJFT6pn9TWmHhTxqXkbDxemHWrJqQNNVFznT0hyczynjFfUQN8V7gwZU-oHtMobf_78vdi6jo.roB7bdtGgY6D-vwpuo5vsWo6tHo10CuVSVJrRl40pcA&dib_tag=se&keywords=monitor&qid=1737385595&sr=8-16,2025-01-20 16:06:38,acer,27 Inches,FHD 1080p,16:9,Glossy
"Z-Edge 27-inch Curved Gaming Monitor 16:9 2560x1440 165/144Hz 1ms Frameless LED Gaming Monitor, UG27Q AMD Freesync Premium Display Port HDMI",$169.99,"Mon, Feb 3",$20.00 off coupon applied,https://www.amazon.com/sspa/click?ie=UTF8&spc=MTo3NjIxNDc0Nzg5Nzg4MDMxOjE3MzczODU1OTY6c3BfbXRmOjIwMDE2MDE3NDkyMDM5ODo6MDo6&url=%2FZ-Edge-UG27Q-27-inch-Curved-Monitor%2Fdp%2FB0BW47KFXB%2Fref%3Dsr_1_17_sspa%3Fdib%3DeyJ2IjoiMSJ9.13gnvC8jJBWKR_aHz-dsvL1kR-C3P1qmfczdxd6IOxxjs1PfAF_jka4NaB2lTfPOaTC3xzw_UEvDYXjdTOhllmD_eSo33WGm4-Lx4OojAl009t7cLhSe_rddMQ8-F8zjtqNhP6j4QKZtgGw7nPS8vwwBbDpxR1HXUiPJFT6pn9TWmHhTxqXkbDxemHWrJqQNNVFznT0hyczynjFfUQN8V7gwZU-oHtMobf_78vdi6jo.roB7bdtGgY6D-vwpuo5vsWo6tHo10CuVSVJrRl40pcA%26dib_tag%3Dse%26keywords%3Dmonitor%26qid%3D1737385595%26sr%3D8-17-spons%26sp_csd%3Dd2lkZ2V0TmFtZT1zcF9tdGY%26psc%3D1,2025-01-20 16:06:38,Z Z-EDGE,27 Inches,QHD Wide 1440p,16:9,Matte
"SAMSUNG 24-Inch Odyssey G3 (G30D) Series FHD Gaming Monitor, 1ms, 180Hz, AMD FreeSync, Adjustable Stand, Black Equalizer, Virtual Aim Point, Eye Saver Mode, Flicker-Free, LS24DG302ENXZA, 2024",$119.99,"Thu, Jan 30",No coupon,https://www.amazon.com/SAMSUNG-Adjustable-Equalizer-Flicker-Free-LS24DG302ENXZA/dp/B0D5ZZ9G26/ref=sr_1_18?dib=eyJ2IjoiMSJ9.13gnvC8jJBWKR_aHz-dsvL1kR-C3P1qmfczdxd6IOxxjs1PfAF_jka4NaB2lTfPOaTC3xzw_UEvDYXjdTOhllmD_eSo33WGm4-Lx4OojAl009t7cLhSe_rddMQ8-F8zjtqNhP6j4QKZtgGw7nPS8vwwBbDpxR1HXUiPJFT6pn9TWmHhTxqXkbDxemHWrJqQNNVFznT0hyczynjFfUQN8V7gwZU-oHtMobf_78vdi6jo.roB7bdtGgY6D-vwpuo5vsWo6tHo10CuVSVJrRl40pcA&dib_tag=se&keywords=monitor&qid=1737385595&sr=8-18,2025-01-20 16:06:38,SAMSUNG,24 Inches,FHD 1080p,16:9,Glossy
AOPEN By Acer 20E0Q bi 19.5-inch Professional HD+ (1600 x 900) Monitor | 75Hz Refresh Rate | VESA Mountable Eye Protection: BlueLight Filter & Flickerless Technology (1 x HDMI & VGA Port),$49.99,"Thu, Jan 30",No coupon,https://www.amazon.com/AOPEN-19-5-inch-Professional-Mountable-Protection/dp/B0C5NDN7W3/ref=sr_1_19?dib=eyJ2IjoiMSJ9.13gnvC8jJBWKR_aHz-dsvL1kR-C3P1qmfczdxd6IOxxjs1PfAF_jka4NaB2lTfPOaTC3xzw_UEvDYXjdTOhllmD_eSo33WGm4-Lx4OojAl009t7cLhSe_rddMQ8-F8zjtqNhP6j4QKZtgGw7nPS8vwwBbDpxR1HXUiPJFT6pn9TWmHhTxqXkbDxemHWrJqQNNVFznT0hyczynjFfUQN8V7gwZU-oHtMobf_78vdi6jo.roB7bdtGgY6D-vwpuo5vsWo6tHo10CuVSVJrRl40pcA&dib_tag=se&keywords=monitor&qid=1737385595&sr=8-19,2025-01-20 16:06:38,AOPEN,19.5 Inches,HD+,16:9,Glossy
"acer Nitro 27"" WQHD 2560 x 1440 IPS Gaming Monitor | AMD FreeSync | Up to 180Hz Refresh | Up to 0.5ms | DCI-P3 95% | HDR 10 Support | 1 x Display Port 1.2 & 2 x HDMI 2.0 | KG271U N3bmiipx",$149.99,"Mon, Feb 3",No coupon,https://www.amazon.com/acer-Monitor-FreeSync-Refresh-N3bmiipx/dp/B0D8LH2VSP/ref=sr_1_20?dib=eyJ2IjoiMSJ9.13gnvC8jJBWKR_aHz-dsvL1kR-C3P1qmfczdxd6IOxxjs1PfAF_jka4NaB2lTfPOaTC3xzw_UEvDYXjdTOhllmD_eSo33WGm4-Lx4OojAl009t7cLhSe_rddMQ8-F8zjtqNhP6j4QKZtgGw7nPS8vwwBbDpxR1HXUiPJFT6pn9TWmHhTxqXkbDxemHWrJqQNNVFznT0hyczynjFfUQN8V7gwZU-oHtMobf_78vdi6jo.roB7bdtGgY6D-vwpuo5vsWo6tHo10CuVSVJrRl40pcA&dib_tag=se&keywords=monitor&qid=1737385595&sr=8-20,2025-01-20 16:06:38,acer,27 Inches,QHD Wide 1440p,16:9,Glossy
"AOC 24B2H2 24” Frameless IPS Monitor, FHD 1920x1080, 100Hz, 106% sRGB, for Home and Office, HDMI x2, Low Blue Mode, VESA Compatible, Black",$74.99,"Thu, Jan 30",No coupon,https://www.amazon.com/AOC-24B2H2-Frameless-1920x1080-Compatible/dp/B0C8ZJP65J/ref=sr_1_21?dib=eyJ2IjoiMSJ9.13gnvC8jJBWKR_aHz-dsvL1kR-C3P1qmfczdxd6IOxxjs1PfAF_jka4NaB2lTfPOaTC3xzw_UEvDYXjdTOhllmD_eSo33WGm4-Lx4OojAl009t7cLhSe_rddMQ8-F8zjtqNhP6j4QKZtgGw7nPS8vwwBbDpxR1HXUiPJFT6pn9TWmHhTxqXkbDxemHWrJqQNNVFznT0hyczynjFfUQN8V7gwZU-oHtMobf_78vdi6jo.roB7bdtGgY6D-vwpuo5vsWo6tHo10CuVSVJrRl40pcA&dib_tag=se&keywords=monitor&qid=1737385595&sr=8-21,2025-01-20 16:06:38,AOC,23.8 Inches,FHD 1080p,16:9,Glossy
"Single Monitor Arm Holds to 28.6 lbs, Ultrawide Monitor Stand for 35 inch Screens, Fully Adjustable Monitor Mount with Premium Aluminum&Gas Spring, C-Clamp & Grommet Base, VESA 75x75 or 100x100mm",$79.00,No promotion,No coupon,https://www.amazon.com/sspa/click?ie=UTF8&spc=MTo3NjIxNDc0Nzg5Nzg4MDMxOjE3MzczODU1OTY6c3BfYnRmOjMwMDU1NDUyMjgyNjEwMjo6MDo6&url=%2FMonitor-Ultrawide-Adjustable-Aluminum-100x100mm%2Fdp%2FB0DB1FB32Q%2Fref%3Dsr_1_22_sspa%3Fdib%3DeyJ2IjoiMSJ9.13gnvC8jJBWKR_aHz-dsvL1kR-C3P1qmfczdxd6IOxxjs1PfAF_jka4NaB2lTfPOaTC3xzw_UEvDYXjdTOhllmD_eSo33WGm4-Lx4OojAl009t7cLhSe_rddMQ8-F8zjtqNhP6j4QKZtgGw7nPS8vwwBbDpxR1HXUiPJFT6pn9TWmHhTxqXkbDxemHWrJqQNNVFznT0hyczynjFfUQN8V7gwZU-oHtMobf_78vdi6jo.roB7bdtGgY6D-vwpuo5vsWo6tHo10CuVSVJrRl40pcA%26dib_tag%3Dse%26keywords%3Dmonitor%26qid%3D1737385595%26sr%3D8-22-spons%26sp_csd%3Dd2lkZ2V0TmFtZT1zcF9idGY%26psc%3D1,2025-01-20 16:06:38,NearHub,Data not available,Data not available,Data not available,Data not available
"Laptop Screen Extender, 15.6"" FHD 1080P IPS, Triple Screen, Portable Monitor, Lightweight 3.5lbs, Plug and Play, Multi Screen Monitor Extension for 13.3""-16.1"" Laptop MacBook, Wins, Android,",$299.95,"Thu, Jan 30",No coupon,https://www.amazon.com/sspa/click?ie=UTF8&spc=MToxNjQ0NDY3NTU1NzgyNjc5OjE3MzczODU2MTA6c3BfYXRmX25leHQ6MzAwNTYzNTY0Nzk4NDAyOjowOjo&url=%2FExtender-Portable-Monitor-Lightweight-Extension%2Fdp%2FB0DH66XML4%2Fref%3Dsr_1_17_sspa%3Fdib%3DeyJ2IjoiMSJ9.pKrrcJK7Tjgqr114LYFVdLdszzkUPg0bSsv4R06ztmjHJFXEa3YZF-Ca3FgCpB3Ytn6884XsVoZARfdyvfSh_h0BY6hvSN_HZTs4OIca7ow1BKSwqjby8eqneZKEDcv4RHTktaFh7ohTv8g8C51MI2qjZ-LfW6ruUpFagftHFOeCS95DoiF1L5EpzJFUybcJ_CSpaxkhk5R_drxpVv5v6rOIRcVp7IAGQx8fxNXMSQY.1pzV9TR9fNgA2hpDhsK1HI6llftAmRb3d4-62Allic8%26dib_tag%3Dse%26keywords%3Dmonitor%26qid%3D1737385610%26sr%3D8-17-spons%26sp_csd%3Dd2lkZ2V0TmFtZT1zcF9hdGZfbmV4dA%26psc%3D1,2025-01-20 16:06:54,theo&things,15.6 Inches,2K DCI 1080p,1.27:1,Matte
"SANSUI Monitor 22 inch IPS Panel 1080p FHD 75Hz Computer Monitor with HDMI VGA, Ultra-Slim Bezel Ergonomic Tilt Eye Care LED Display for Home Office (ES-22F1 HDMI Cable Included)",$76.99,"Mon, Feb 3",$10.00 off coupon applied,https://www.amazon.com/sspa/click?ie=UTF8&spc=MToxNjQ0NDY3NTU1NzgyNjc5OjE3MzczODU2MTA6c3BfYXRmX25leHQ6MzAwNTkxODYwMDA3NTAyOjowOjo&url=%2FSANSUI-Computer-Ultra-Slim-Ergonomic-ES-22F1%2Fdp%2FB0B49JWRBZ%2Fref%3Dsr_1_18_sspa%3Fdib%3DeyJ2IjoiMSJ9.pKrrcJK7Tjgqr114LYFVdLdszzkUPg0bSsv4R06ztmjHJFXEa3YZF-Ca3FgCpB3Ytn6884XsVoZARfdyvfSh_h0BY6hvSN_HZTs4OIca7ow1BKSwqjby8eqneZKEDcv4RHTktaFh7ohTv8g8C51MI2qjZ-LfW6ruUpFagftHFOeCS95DoiF1L5EpzJFUybcJ_CSpaxkhk5R_drxpVv5v6rOIRcVp7IAGQx8fxNXMSQY.1pzV9TR9fNgA2hpDhsK1HI6llftAmRb3d4-62Allic8%26dib_tag%3Dse%26keywords%3Dmonitor%26qid%3D1737385610%26sr%3D8-18-spons%26sp_csd%3Dd2lkZ2V0TmFtZT1zcF9hdGZfbmV4dA%26psc%3D1,2025-01-20 16:06:54,SANSUI,22 Inches,FHD 1080p,16:9,Matte
"SANSUI Monitor 27 Inch IPS 100Hz Computer Monitor, Built-in Speakers HDR 110% sRGB FHD HDMI RTS/FPS Tilt Adjustable VESA Compatible, for Game and Office (HDMI Cable Included)",$90.99,"Fri, Jan 31",No coupon,https://www.amazon.com/SANSUI-Computer-Speakers-Adjustable-Compatible/dp/B0D8BKHM75/ref=sr_1_19?dib=eyJ2IjoiMSJ9.pKrrcJK7Tjgqr114LYFVdLdszzkUPg0bSsv4R06ztmjHJFXEa3YZF-Ca3FgCpB3Ytn6884XsVoZARfdyvfSh_h0BY6hvSN_HZTs4OIca7ow1BKSwqjby8eqneZKEDcv4RHTktaFh7ohTv8g8C51MI2qjZ-LfW6ruUpFagftHFOeCS95DoiF1L5EpzJFUybcJ_CSpaxkhk5R_drxpVv5v6rOIRcVp7IAGQx8fxNXMSQY.1pzV9TR9fNgA2hpDhsK1HI6llftAmRb3d4-62Allic8&dib_tag=se&keywords=monitor&qid=1737385610&sr=8-19,2025-01-20 16:06:54,SANSUI,27 Inches,FHD 1080p,16:9,Matte
"Sceptre 20"" 1600x900 75Hz Ultra Thin LED Monitor 2x HDMI VGA Built-in Speakers, Machine Black Wide Viewing Angle 170° (Horizontal) / 160° (Vertical)",$67.99,"Fri, Jan 31",No coupon,https://www.amazon.com/Sceptre-E205W-16003R-Frameless-Speakers-Metallic/dp/B07743412C/ref=sr_1_20?dib=eyJ2IjoiMSJ9.pKrrcJK7Tjgqr114LYFVdLdszzkUPg0bSsv4R06ztmjHJFXEa3YZF-Ca3FgCpB3Ytn6884XsVoZARfdyvfSh_h0BY6hvSN_HZTs4OIca7ow1BKSwqjby8eqneZKEDcv4RHTktaFh7ohTv8g8C51MI2qjZ-LfW6ruUpFagftHFOeCS95DoiF1L5EpzJFUybcJ_CSpaxkhk5R_drxpVv5v6rOIRcVp7IAGQx8fxNXMSQY.1pzV9TR9fNgA2hpDhsK1HI6llftAmRb3d4-62Allic8&dib_tag=se&keywords=monitor&qid=1737385610&sr=8-20,2025-01-20 16:06:54,Sceptre,20 Inches,HD+,16:9,Matte
"Sceptre Curved 24-inch Gaming Monitor 1080p R1500 98% sRGB HDMI x2 VGA Build-in Speakers, VESA Wall Mount Machine Black (C248W-1920RN Series)",$95.83,"Thu, Jan 30",No coupon,https://www.amazon.com/Sceptre-Curved-Monitor-Speakers-C248W-1920RN/dp/B07KXSR99Y/ref=sr_1_21?dib=eyJ2IjoiMSJ9.pKrrcJK7Tjgqr114LYFVdLdszzkUPg0bSsv4R06ztmjHJFXEa3YZF-Ca3FgCpB3Ytn6884XsVoZARfdyvfSh_h0BY6hvSN_HZTs4OIca7ow1BKSwqjby8eqneZKEDcv4RHTktaFh7ohTv8g8C51MI2qjZ-LfW6ruUpFagftHFOeCS95DoiF1L5EpzJFUybcJ_CSpaxkhk5R_drxpVv5v6rOIRcVp7IAGQx8fxNXMSQY.1pzV9TR9fNgA2hpDhsK1HI6llftAmRb3d4-62Allic8&dib_tag=se&keywords=monitor&qid=1737385610&sr=8-21,2025-01-20 16:06:54,Sceptre,24 Inches,FHD 1080p,16:9,Glossy
"Samsung 27' T35F Series FHD 1080p Computer Monitor, 75Hz, IPS Panel, HDMI, VGA (D-Sub), AMD FreeSync, Wall Mountable, Game Mode, 3-Sided Border-Less, Eye Care, LF27T350FHNXZA",$109.99,"Thu, Jan 30",No coupon,https://www.amazon.com/SAMSUNG-27-inch-Border-Less-FreeSync-LF27T350FHNXZA/dp/B08FF3JQ28/ref=sr_1_22?dib=eyJ2IjoiMSJ9.pKrrcJK7Tjgqr114LYFVdLdszzkUPg0bSsv4R06ztmjHJFXEa3YZF-Ca3FgCpB3Ytn6884XsVoZARfdyvfSh_h0BY6hvSN_HZTs4OIca7ow1BKSwqjby8eqneZKEDcv4RHTktaFh7ohTv8g8C51MI2qjZ-LfW6ruUpFagftHFOeCS95DoiF1L5EpzJFUybcJ_CSpaxkhk5R_drxpVv5v6rOIRcVp7IAGQx8fxNXMSQY.1pzV9TR9fNgA2hpDhsK1HI6llftAmRb3d4-62Allic8&dib_tag=se&keywords=monitor&qid=1737385610&sr=8-22,2025-01-20 16:06:54,SAMSUNG,27 Inches,FHD 1080p,16:9,Flat
"SANSUI Monitor 27 Inch 100Hz USB Type-C Computer Monitor, FHD 1920X1080P,Frameless Eye Care PC Office Monitor with HDMI, Adaptive Sync, HDR, VESA(100x100mm)（ES-27F2C HDMI Cable Included）",$99.99,"Tue, Feb 4",No coupon,https://www.amazon.com/SANSUI-Frameless-Ergonomic-Compatible-ES-27F2C/dp/B0D259JHS6/ref=sr_1_23?dib=eyJ2IjoiMSJ9.pKrrcJK7Tjgqr114LYFVdLdszzkUPg0bSsv4R06ztmjHJFXEa3YZF-Ca3FgCpB3Ytn6884XsVoZARfdyvfSh_h0BY6hvSN_HZTs4OIca7ow1BKSwqjby8eqneZKEDcv4RHTktaFh7ohTv8g8C51MI2qjZ-LfW6ruUpFagftHFOeCS95DoiF1L5EpzJFUybcJ_CSpaxkhk5R_drxpVv5v6rOIRcVp7IAGQx8fxNXMSQY.1pzV9TR9fNgA2hpDhsK1HI6llftAmRb3d4-62Allic8&dib_tag=se&keywords=monitor&qid=1737385610&sr=8-23,2025-01-20 16:06:54,SANSUI,27,FHD 1080p,16:9,Matte
"SAMSUNG 32-Inch Odyssey G50D Series QHD Fast IPS Gaming Monitor, 1ms, VESA DisplayHDR 400, 180Hz, AMD FreeSync, Adjustable Stand, Eye Saver Mode, LS32DG502ENXZA, 2024",$270.17,"Fri, Jan 31",No coupon,https://www.amazon.com/SAMSUNG-DisplayHDR-FreeSync-Adjustable-LS32DG502ENXZA/dp/B0CZPLQZ8P/ref=sr_1_24?dib=eyJ2IjoiMSJ9.pKrrcJK7Tjgqr114LYFVdLdszzkUPg0bSsv4R06ztmjHJFXEa3YZF-Ca3FgCpB3Ytn6884XsVoZARfdyvfSh_h0BY6hvSN_HZTs4OIca7ow1BKSwqjby8eqneZKEDcv4RHTktaFh7ohTv8g8C51MI2qjZ-LfW6ruUpFagftHFOeCS95DoiF1L5EpzJFUybcJ_CSpaxkhk5R_drxpVv5v6rOIRcVp7IAGQx8fxNXMSQY.1pzV9TR9fNgA2hpDhsK1HI6llftAmRb3d4-62Allic8&dib_tag=se&keywords=monitor&qid=1737385610&sr=8-24,2025-01-20 16:06:54,SAMSUNG,32 Inches,QHD Wide 1440p,16:9,Glossy
"Samsung 24” FT45 Series FHD 1080p Computer Monitor, 75Hz, IPS Panel, HDMI, DisplayPort, USB Hub, Ultra Thin Bezels, Ergonomic Design, Height Adjustable Stand, 3 Year Warranty, LF24T454FQNXGO, Black",$131.99,"Thu, Jan 30",No coupon,https://www.amazon.com/SAMSUNG-Computer-DisplayPort-Adjustable-LF24T454FQNXGO/dp/B08WGLL83S/ref=sr_1_25?dib=eyJ2IjoiMSJ9.pKrrcJK7Tjgqr114LYFVdLdszzkUPg0bSsv4R06ztmjHJFXEa3YZF-Ca3FgCpB3Ytn6884XsVoZARfdyvfSh_h0BY6hvSN_HZTs4OIca7ow1BKSwqjby8eqneZKEDcv4RHTktaFh7ohTv8g8C51MI2qjZ-LfW6ruUpFagftHFOeCS95DoiF1L5EpzJFUybcJ_CSpaxkhk5R_drxpVv5v6rOIRcVp7IAGQx8fxNXMSQY.1pzV9TR9fNgA2hpDhsK1HI6llftAmRb3d4-62Allic8&dib_tag=se&keywords=monitor&qid=1737385610&sr=8-25,2025-01-20 16:06:54,SAMSUNG,24 Inches,FHD 1080p,16:9,Flat
"Acer SH242Y G0bih 23.8"" IPS Full HD (1920 x 1080) Ultra-Thin Gaming Office Monitor | Adaptive-Sync Support (FreeSync Compatible) | Up to 120Hz Refresh | 1ms (VRB) | Adjustable Stand | HDMI & VGA Ports",$99.99,"Thu, Jan 30",No coupon,https://www.amazon.com/SH242Y-G0bih-Ultra-Thin-Adaptive-Sync-Compatible/dp/B0DFVTVLPH/ref=sr_1_26?dib=eyJ2IjoiMSJ9.pKrrcJK7Tjgqr114LYFVdLdszzkUPg0bSsv4R06ztmjHJFXEa3YZF-Ca3FgCpB3Ytn6884XsVoZARfdyvfSh_h0BY6hvSN_HZTs4OIca7ow1BKSwqjby8eqneZKEDcv4RHTktaFh7ohTv8g8C51MI2qjZ-LfW6ruUpFagftHFOeCS95DoiF1L5EpzJFUybcJ_CSpaxkhk5R_drxpVv5v6rOIRcVp7IAGQx8fxNXMSQY.1pzV9TR9fNgA2hpDhsK1HI6llftAmRb3d4-62Allic8&dib_tag=se&keywords=monitor&qid=1737385610&sr=8-26,2025-01-20 16:06:54,acer,23.8 Inches,FHD 1080p,16:9,Glossy
"CRUA 30Inch Ultrawide Curved Monitor, 21:9 WFHD(2560x1080P) VA Computer Monitor, 99% sRGB 100HZ 1500R PC Monitors Support FreeSync, Wall-Mounted, with HDMI/DP Display Port-Black",$149.99,"Fri, Jan 31",No coupon,https://www.amazon.com/sspa/click?ie=UTF8&spc=MToxNjQ0NDY3NTU1NzgyNjc5OjE3MzczODU2MTA6c3BfbXRmOjMwMDI3MTc3MzcyNjgwMjo6MDo6&url=%2FCRUA-30Inch-Ultrawide-Curved-Monitor%2Fdp%2FB0CYZ5ZX6V%2Fref%3Dsr_1_27_sspa%3Fdib%3DeyJ2IjoiMSJ9.pKrrcJK7Tjgqr114LYFVdLdszzkUPg0bSsv4R06ztmjHJFXEa3YZF-Ca3FgCpB3Ytn6884XsVoZARfdyvfSh_h0BY6hvSN_HZTs4OIca7ow1BKSwqjby8eqneZKEDcv4RHTktaFh7ohTv8g8C51MI2qjZ-LfW6ruUpFagftHFOeCS95DoiF1L5EpzJFUybcJ_CSpaxkhk5R_drxpVv5v6rOIRcVp7IAGQx8fxNXMSQY.1pzV9TR9fNgA2hpDhsK1HI6llftAmRb3d4-62Allic8%26dib_tag%3Dse%26keywords%3Dmonitor%26qid%3D1737385610%26sr%3D8-27-spons%26sp_csd%3Dd2lkZ2V0TmFtZT1zcF9tdGY%26psc%3D1,2025-01-20 16:06:54,CRUA,29.5 Inches,FHD 1080p Ultra Wide,21:9,Matte
"GAMEPOWER T50 27 Inch 1500R Curved Gaming Monitor, 200Hz 1080p Display, Full HD, 0.5ms Response Time, VA Panel, FreeSync, HDR, 125% sRGB, RGB Backlight, Dual Speakers, Zero Frame, HDMI/DP",$135.99,"Tue, Feb 4",No coupon,https://www.amazon.com/sspa/click?ie=UTF8&spc=MToxNjQ0NDY3NTU1NzgyNjc5OjE3MzczODU2MTA6c3BfbXRmOjMwMDU5MDMzODY4MzQwMjo6MDo6&url=%2FGAMEPOWER-T50-Response-Refresh-Lighting%2Fdp%2FB0CVRYDQ2P%2Fref%3Dsr_1_28_sspa%3Fdib%3DeyJ2IjoiMSJ9.pKrrcJK7Tjgqr114LYFVdLdszzkUPg0bSsv4R06ztmjHJFXEa3YZF-Ca3FgCpB3Ytn6884XsVoZARfdyvfSh_h0BY6hvSN_HZTs4OIca7ow1BKSwqjby8eqneZKEDcv4RHTktaFh7ohTv8g8C51MI2qjZ-LfW6ruUpFagftHFOeCS95DoiF1L5EpzJFUybcJ_CSpaxkhk5R_drxpVv5v6rOIRcVp7IAGQx8fxNXMSQY.1pzV9TR9fNgA2hpDhsK1HI6llftAmRb3d4-62Allic8%26dib_tag%3Dse%26keywords%3Dmonitor%26qid%3D1737385610%26sr%3D8-28-spons%26sp_csd%3Dd2lkZ2V0TmFtZT1zcF9tdGY%26psc%3D1,2025-01-20 16:06:54,Game Power,27 Inches,FHD 1080p,16:9,Matte
LG 24GS60F-B Ultragear 24-inch IPS Gaming Monitor FHD (1920x1080) 180Hz 1ms AMD FreeSync G-Sync Compatible HDR10 HDMI DisplayPort Black,$109.99,No promotion,No coupon,https://www.amazon.com/LG-24GS60F-B-Ultragear-Compatible-DisplayPort/dp/B0CYQGRTHX/ref=sr_1_29?dib=eyJ2IjoiMSJ9.pKrrcJK7Tjgqr114LYFVdLdszzkUPg0bSsv4R06ztmjHJFXEa3YZF-Ca3FgCpB3Ytn6884XsVoZARfdyvfSh_h0BY6hvSN_HZTs4OIca7ow1BKSwqjby8eqneZKEDcv4RHTktaFh7ohTv8g8C51MI2qjZ-LfW6ruUpFagftHFOeCS95DoiF1L5EpzJFUybcJ_CSpaxkhk5R_drxpVv5v6rOIRcVp7IAGQx8fxNXMSQY.1pzV9TR9fNgA2hpDhsK1HI6llftAmRb3d4-62Allic8&dib_tag=se&keywords=monitor&qid=1737385610&sr=8-29,2025-01-20 16:06:54,LG,24 Inches,FHD 1080p,16:9,Matte
"Acer Nitro 27"" WQHD 2560 x 1440 PC Gaming IPS Monitor | AMD FreeSync Premium | Up to 240Hz Refresh | Up to 0.5ms | DisplayHDR 400 | sRGB 99% | 1 x Display Port 1.4 & 2 x HDMI 2.1 | XV272U W2bmiiprx",$266.67,No promotion,No coupon,https://www.amazon.com/acer-Monitor-FreeSync-DisplayHDR-W2bmiiprx/dp/B0C1T35BCF/ref=sr_1_30?dib=eyJ2IjoiMSJ9.pKrrcJK7Tjgqr114LYFVdLdszzkUPg0bSsv4R06ztmjHJFXEa3YZF-Ca3FgCpB3Ytn6884XsVoZARfdyvfSh_h0BY6hvSN_HZTs4OIca7ow1BKSwqjby8eqneZKEDcv4RHTktaFh7ohTv8g8C51MI2qjZ-LfW6ruUpFagftHFOeCS95DoiF1L5EpzJFUybcJ_CSpaxkhk5R_drxpVv5v6rOIRcVp7IAGQx8fxNXMSQY.1pzV9TR9fNgA2hpDhsK1HI6llftAmRb3d4-62Allic8&dib_tag=se&keywords=monitor&qid=1737385610&sr=8-30,2025-01-20 16:06:54,acer,27 Inches,QHD Wide 1440p,16:9,Glossy
"SAMSUNG Viewfinity S65UA Series 34-Inch Ultrawide QHD Curved Monitor, 100Hz, USB-C, HDR10 (1 Billion Colors), Height Adjustable Stand, TUV-certified Intelligent Eye Care (LS34A654UBNXGO),Black",$329.99,"Fri, Jan 31",No coupon,https://www.amazon.com/SAMSUNG-Viewfinity-TUV-Certified-Intelligent-LS34A654UBNXGO/dp/B0BLT79X2G/ref=sr_1_31?dib=eyJ2IjoiMSJ9.pKrrcJK7Tjgqr114LYFVdLdszzkUPg0bSsv4R06ztmjHJFXEa3YZF-Ca3FgCpB3Ytn6884XsVoZARfdyvfSh_h0BY6hvSN_HZTs4OIca7ow1BKSwqjby8eqneZKEDcv4RHTktaFh7ohTv8g8C51MI2qjZ-LfW6ruUpFagftHFOeCS95DoiF1L5EpzJFUybcJ_CSpaxkhk5R_drxpVv5v6rOIRcVp7IAGQx8fxNXMSQY.1pzV9TR9fNgA2hpDhsK1HI6llftAmRb3d4-62Allic8&dib_tag=se&keywords=monitor&qid=1737385610&sr=8-31,2025-01-20 16:06:54,SAMSUNG,34 Inches,QHD Ultra Wide 1440p,21:9,Matte
"24 Inch Gaming Monitor with 165hz/144hz, IPS 1ms, FHD 1080p and HDR 10 | PC Computer Monitor with 105% sRGB, Bluelight Filter, 2 HDMI & 1 DP Port, Support Freesync and VESA",$89.99,"Tue, Feb 4",No coupon,https://www.amazon.com/Viewedge-Monitor-Computer-Bluelight-Freesync/dp/B0CSS9X886/ref=sr_1_32?dib=eyJ2IjoiMSJ9.pKrrcJK7Tjgqr114LYFVdLdszzkUPg0bSsv4R06ztmjHJFXEa3YZF-Ca3FgCpB3Ytn6884XsVoZARfdyvfSh_h0BY6hvSN_HZTs4OIca7ow1BKSwqjby8eqneZKEDcv4RHTktaFh7ohTv8g8C51MI2qjZ-LfW6ruUpFagftHFOeCS95DoiF1L5EpzJFUybcJ_CSpaxkhk5R_drxpVv5v6rOIRcVp7IAGQx8fxNXMSQY.1pzV9TR9fNgA2hpDhsK1HI6llftAmRb3d4-62Allic8&dib_tag=se&keywords=monitor&qid=1737385610&sr=8-32,2025-01-20 16:06:54,Viewedge,24 Inches,FHD 1080p,16:9,Glossy
"Acer K202Q bi 19.5-inch Professional HD+ (1600 x 900) Monitor, 75Hz Refresh Rate, VESA Mountable, VisionCare Technologies, BlueLight Filter & Flickerless Technology (HDMI Port & VGA Port),Black",$59.99,"Fri, Jan 31",No coupon,https://www.amazon.com/Professional-VisionCare-Technologies-Flickerless-Technology/dp/B0C4C69HG7/ref=sr_1_33?dib=eyJ2IjoiMSJ9.pKrrcJK7Tjgqr114LYFVdLdszzkUPg0bSsv4R06ztmjHJFXEa3YZF-Ca3FgCpB3Ytn6884XsVoZARfdyvfSh_h0BY6hvSN_HZTs4OIca7ow1BKSwqjby8eqneZKEDcv4RHTktaFh7ohTv8g8C51MI2qjZ-LfW6ruUpFagftHFOeCS95DoiF1L5EpzJFUybcJ_CSpaxkhk5R_drxpVv5v6rOIRcVp7IAGQx8fxNXMSQY.1pzV9TR9fNgA2hpDhsK1HI6llftAmRb3d4-62Allic8&dib_tag=se&keywords=monitor&qid=1737385610&sr=8-33,2025-01-20 16:06:54,acer,19.5 Inches,HD+,16:9,Glossy
"AOC Q27G4XN 27"" Gaming Monitor, 2K QHD 2560x1440, 180Hz 1ms, Adaptive-Sync, Height Adjustable, 2X HDMI 2.0, 1x Display Port, Xbox/PS5/Switch Ready, 3-Year Zero-Bright-dot",$159.99,"Mon, Feb 3",No coupon,https://www.amazon.com/AOC-Q27G4XN-Adaptive-Sync-Adjustable-Zero-Bright-dot/dp/B0CPHW5JQY/ref=sr_1_34?dib=eyJ2IjoiMSJ9.pKrrcJK7Tjgqr114LYFVdLdszzkUPg0bSsv4R06ztmjHJFXEa3YZF-Ca3FgCpB3Ytn6884XsVoZARfdyvfSh_h0BY6hvSN_HZTs4OIca7ow1BKSwqjby8eqneZKEDcv4RHTktaFh7ohTv8g8C51MI2qjZ-LfW6ruUpFagftHFOeCS95DoiF1L5EpzJFUybcJ_CSpaxkhk5R_drxpVv5v6rOIRcVp7IAGQx8fxNXMSQY.1pzV9TR9fNgA2hpDhsK1HI6llftAmRb3d4-62Allic8&dib_tag=se&keywords=monitor&qid=1737385610&sr=8-34,2025-01-20 16:06:54,AOC,27 Inches,QHD Wide 1440p,16:9,Glossy
Acer Nitro 23.8 Inch WQHD 2560 x 1440 ZeroFrame Design PC Gaming Monitor | AMD FreeSync | Up to 180Hz Refresh | Up to 0.5ms (G to G) | 1 x Display Port 1.4 and 2 x HDMI 2.0 Ports | VG240YU Mbiipx,$149.99,"Tue, Feb 4",No coupon,https://www.amazon.com/ZeroFrame-Monitor-FreeSync-Refresh-Display/dp/B0DJ9WTN3N/ref=sr_1_35?dib=eyJ2IjoiMSJ9.pKrrcJK7Tjgqr114LYFVdLdszzkUPg0bSsv4R06ztmjHJFXEa3YZF-Ca3FgCpB3Ytn6884XsVoZARfdyvfSh_h0BY6hvSN_HZTs4OIca7ow1BKSwqjby8eqneZKEDcv4RHTktaFh7ohTv8g8C51MI2qjZ-LfW6ruUpFagftHFOeCS95DoiF1L5EpzJFUybcJ_CSpaxkhk5R_drxpVv5v6rOIRcVp7IAGQx8fxNXMSQY.1pzV9TR9fNgA2hpDhsK1HI6llftAmRb3d4-62Allic8&dib_tag=se&keywords=monitor&qid=1737385610&sr=8-35,2025-01-20 16:06:54,acer,23.8 Inches,QHD Wide 1440p,16:9,Glossy
"ASUS TUF Gaming 27” 1440P HDR Monitor (VG27AQ3A) – QHD (2560 x 1440), 180Hz, 1ms, Fast IPS, 130% sRGB, Extreme Low Motion Blur Sync, Speakers, Freesync Premium, G-SYNC Compatible, HDMI, DisplayPort",$199.00,"Fri, Jan 31",No coupon,https://www.amazon.com/ASUS-Gaming-1440P-Monitor-VG27AQ3A/dp/B0BZR9TMBJ/ref=sr_1_36?dib=eyJ2IjoiMSJ9.pKrrcJK7Tjgqr114LYFVdLdszzkUPg0bSsv4R06ztmjHJFXEa3YZF-Ca3FgCpB3Ytn6884XsVoZARfdyvfSh_h0BY6hvSN_HZTs4OIca7ow1BKSwqjby8eqneZKEDcv4RHTktaFh7ohTv8g8C51MI2qjZ-LfW6ruUpFagftHFOeCS95DoiF1L5EpzJFUybcJ_CSpaxkhk5R_drxpVv5v6rOIRcVp7IAGQx8fxNXMSQY.1pzV9TR9fNgA2hpDhsK1HI6llftAmRb3d4-62Allic8&dib_tag=se&keywords=monitor&qid=1737385610&sr=8-36,2025-01-20 16:06:54,ASUS,27 Inches,QHD Wide 1440p,16:9,Matte
SANSUI Monitor 24 inch 100Hz USB Type-C Computer Monitor丨FHD 1080P PC Monitor丨HDMI丨FreeSync丨HDR丨Earphone Jack丨 Ergonomic Tilt for Home and Office,$79.99,"Fri, Jan 31",10% off coupon applied,https://www.amazon.com/sspa/click?ie=UTF8&spc=MToxNjQ0NDY3NTU1NzgyNjc5OjE3MzczODU2MTA6c3BfYnRmOjMwMDQ5Njk5NjMwMTYwMjo6MDo6&url=%2FSANSUI-Computer-Monitor%25E4%25B8%25A8FHD-Monitor%25E4%25B8%25A8HDMI%25E4%25B8%25A8FreeSync%25E4%25B8%25A8HDR%25E4%25B8%25A8Earphone-Ergonomic%2Fdp%2FB0D22TVRWH%2Fref%3Dsr_1_37_sspa%3Fdib%3DeyJ2IjoiMSJ9.pKrrcJK7Tjgqr114LYFVdLdszzkUPg0bSsv4R06ztmjHJFXEa3YZF-Ca3FgCpB3Ytn6884XsVoZARfdyvfSh_h0BY6hvSN_HZTs4OIca7ow1BKSwqjby8eqneZKEDcv4RHTktaFh7ohTv8g8C51MI2qjZ-LfW6ruUpFagftHFOeCS95DoiF1L5EpzJFUybcJ_CSpaxkhk5R_drxpVv5v6rOIRcVp7IAGQx8fxNXMSQY.1pzV9TR9fNgA2hpDhsK1HI6llftAmRb3d4-62Allic8%26dib_tag%3Dse%26keywords%3Dmonitor%26qid%3D1737385610%26sr%3D8-37-spons%26sp_csd%3Dd2lkZ2V0TmFtZT1zcF9idGY%26psc%3D1,2025-01-20 16:06:54,SANSUI,24,FHD 1080p,16:9,Matte
"AYY Portable Monitor 15.6 Inch Full HD 1080P IPS 60Hz 30ms Response Ultra-Thin Monitor with Magnetic Case USB Type-C Mini-HDMI, Adjustable Stand, Built-in Speakers Ideal for Gaming/Travel",$59.99,"Thu, Jan 30",No coupon,https://www.amazon.com/sspa/click?ie=UTF8&spc=MToxNjQ0NDY3NTU1NzgyNjc5OjE3MzczODU2MTA6c3BfYnRmOjMwMDYzMDg1Mjc5MzgwMjo6MDo6&url=%2FAYY-15-6-Inch-Ultra-Thin-Mini-HDMI-Adjustable%2Fdp%2FB08SQ6N19W%2Fref%3Dsr_1_38_sspa%3Fdib%3DeyJ2IjoiMSJ9.pKrrcJK7Tjgqr114LYFVdLdszzkUPg0bSsv4R06ztmjHJFXEa3YZF-Ca3FgCpB3Ytn6884XsVoZARfdyvfSh_h0BY6hvSN_HZTs4OIca7ow1BKSwqjby8eqneZKEDcv4RHTktaFh7ohTv8g8C51MI2qjZ-LfW6ruUpFagftHFOeCS95DoiF1L5EpzJFUybcJ_CSpaxkhk5R_drxpVv5v6rOIRcVp7IAGQx8fxNXMSQY.1pzV9TR9fNgA2hpDhsK1HI6llftAmRb3d4-62Allic8%26dib_tag%3Dse%26keywords%3Dmonitor%26qid%3D1737385610%26sr%3D8-38-spons%26sp_csd%3Dd2lkZ2V0TmFtZT1zcF9idGY%26psc%3D1,2025-01-20 16:06:54,AYY,15.6 Inches,FHD 1080p,16:9,Glossy
"Single Monitor Arm Holds to 28.6 lbs, Ultrawide Monitor Stand for 35 inch Screens, Fully Adjustable Monitor Mount with Premium Aluminum&Gas Spring, C-Clamp & Grommet Base, VESA 75x75 or 100x100mm",$79.00,No promotion,No coupon,https://www.amazon.com/sspa/click?ie=UTF8&spc=MToxMzk0MTkxOTAxOTU5MTUwOjE3MzczODU2Mjg6c3BfYXRmX25leHQ6MzAwNTU0NTIyODI2MTAyOjowOjo&url=%2FMonitor-Ultrawide-Adjustable-Aluminum-100x100mm%2Fdp%2FB0DB1FB32Q%2Fref%3Dsr_1_33_sspa%3Fdib%3DeyJ2IjoiMSJ9.KzlizDcPIbhNlsuEwQ-hgwurIDBIi3-oyKBRTWvFWTp0jh0Ctaz193IyJNM_6KQPYHyuP4mEMK4g7QsXLa9yIYzvZrMIwt19x-Nz4OKgMUorByz4TG73npt7YW0jmtkMlNnWRjjgW1LtzJME9IQXPyLidYcpF7la32e68v_Ihu72uVEn70Y5mddigZ2dU8yj60e4KgWHEMaHRE_XBWh5zXWaP-RZPlpASdunRPIa-hg.iCjlMuUYVOdTkqM-PMBhkMRvRj1OArHUVXcQnO4BgG8%26dib_tag%3Dse%26keywords%3Dmonitor%26qid%3D1737385628%26sr%3D8-33-spons%26sp_csd%3Dd2lkZ2V0TmFtZT1zcF9hdGZfbmV4dA%26psc%3D1,2025-01-20 16:07:10,NearHub,Data not available,Data not available,Data not available,Data not available
"CRUA 30Inch Ultrawide Curved Monitor, 21:9 WFHD(2560x1080P) VA Computer Monitor, 99% sRGB 100HZ 1500R PC Monitors Support FreeSync, Wall-Mounted, with HDMI/DP Display Port-Black",$149.99,"Fri, Jan 31",No coupon,https://www.amazon.com/sspa/click?ie=UTF8&spc=MToxMzk0MTkxOTAxOTU5MTUwOjE3MzczODU2Mjg6c3BfYXRmX25leHQ6MzAwMjcxNzczNzI2ODAyOjowOjo&url=%2FCRUA-30Inch-Ultrawide-Curved-Monitor%2Fdp%2FB0CYZ5ZX6V%2Fref%3Dsr_1_34_sspa%3Fdib%3DeyJ2IjoiMSJ9.KzlizDcPIbhNlsuEwQ-hgwurIDBIi3-oyKBRTWvFWTp0jh0Ctaz193IyJNM_6KQPYHyuP4mEMK4g7QsXLa9yIYzvZrMIwt19x-Nz4OKgMUorByz4TG73npt7YW0jmtkMlNnWRjjgW1LtzJME9IQXPyLidYcpF7la32e68v_Ihu72uVEn70Y5mddigZ2dU8yj60e4KgWHEMaHRE_XBWh5zXWaP-RZPlpASdunRPIa-hg.iCjlMuUYVOdTkqM-PMBhkMRvRj1OArHUVXcQnO4BgG8%26dib_tag%3Dse%26keywords%3Dmonitor%26qid%3D1737385628%26sr%3D8-34-spons%26sp_csd%3Dd2lkZ2V0TmFtZT1zcF9hdGZfbmV4dA%26psc%3D1,2025-01-20 16:07:10,CRUA,29.5 Inches,FHD 1080p Ultra Wide,21:9,Matte
LG 24GS60F-B Ultragear 24-inch IPS Gaming Monitor FHD (1920x1080) 180Hz 1ms AMD FreeSync G-Sync Compatible HDR10 HDMI DisplayPort Black,$109.99,No promotion,No coupon,https://www.amazon.com/LG-24GS60F-B-Ultragear-Compatible-DisplayPort/dp/B0CYQGRTHX/ref=sr_1_35?dib=eyJ2IjoiMSJ9.KzlizDcPIbhNlsuEwQ-hgwurIDBIi3-oyKBRTWvFWTp0jh0Ctaz193IyJNM_6KQPYHyuP4mEMK4g7QsXLa9yIYzvZrMIwt19x-Nz4OKgMUorByz4TG73npt7YW0jmtkMlNnWRjjgW1LtzJME9IQXPyLidYcpF7la32e68v_Ihu72uVEn70Y5mddigZ2dU8yj60e4KgWHEMaHRE_XBWh5zXWaP-RZPlpASdunRPIa-hg.iCjlMuUYVOdTkqM-PMBhkMRvRj1OArHUVXcQnO4BgG8&dib_tag=se&keywords=monitor&qid=1737385628&sr=8-35,2025-01-20 16:07:10,LG,24 Inches,FHD 1080p,16:9,Matte
"ASUS TUF Gaming 27” 1440P HDR Monitor (VG27AQ3A) – QHD (2560 x 1440), 180Hz, 1ms, Fast IPS, 130% sRGB, Extreme Low Motion Blur Sync, Speakers, Freesync Premium, G-SYNC Compatible, HDMI, DisplayPort",$199.00,"Fri, Jan 31",No coupon,https://www.amazon.com/ASUS-Gaming-1440P-Monitor-VG27AQ3A/dp/B0BZR9TMBJ/ref=sr_1_36?dib=eyJ2IjoiMSJ9.KzlizDcPIbhNlsuEwQ-hgwurIDBIi3-oyKBRTWvFWTp0jh0Ctaz193IyJNM_6KQPYHyuP4mEMK4g7QsXLa9yIYzvZrMIwt19x-Nz4OKgMUorByz4TG73npt7YW0jmtkMlNnWRjjgW1LtzJME9IQXPyLidYcpF7la32e68v_Ihu72uVEn70Y5mddigZ2dU8yj60e4KgWHEMaHRE_XBWh5zXWaP-RZPlpASdunRPIa-hg.iCjlMuUYVOdTkqM-PMBhkMRvRj1OArHUVXcQnO4BgG8&dib_tag=se&keywords=monitor&qid=1737385628&sr=8-36,2025-01-20 16:07:10,Data not available,Data not available,Data not available,Data not available,Data not available
"KTC 27 Inch QHD Computer Monitor, 2K 100Hz IPS Gaming Monitor, 1440P Frameless Eye Care PC Office Monitor with HDMI/DP, FreeSync & G-Sync, HDR10, VESA, Tilt Adjustable",$139.99,"Tue, Feb 4",$40.00 off coupon applied,https://www.amazon.com/KTC-QHD-100Hz-IPS-Adjustable/dp/B0D3PKPZCK/ref=sr_1_37?dib=eyJ2IjoiMSJ9.KzlizDcPIbhNlsuEwQ-hgwurIDBIi3-oyKBRTWvFWTp0jh0Ctaz193IyJNM_6KQPYHyuP4mEMK4g7QsXLa9yIYzvZrMIwt19x-Nz4OKgMUorByz4TG73npt7YW0jmtkMlNnWRjjgW1LtzJME9IQXPyLidYcpF7la32e68v_Ihu72uVEn70Y5mddigZ2dU8yj60e4KgWHEMaHRE_XBWh5zXWaP-RZPlpASdunRPIa-hg.iCjlMuUYVOdTkqM-PMBhkMRvRj1OArHUVXcQnO4BgG8&dib_tag=se&keywords=monitor&qid=1737385628&sr=8-37,2025-01-20 16:07:10,KTC,27 Inches,QHD Wide 1440p,16:9,Matte
"SAMSUNG 32-Inch M8 (M80D) Series 4K UHD Smart Monitor with Streaming TV, Speakers, HDR10+, AI Upscaling, USB-C, Ergonomic Stand, SlimFit Camera, Gaming Hub, LS32DM801UNXZA, 2024",$399.99,"Mon, Feb 3",No coupon,https://www.amazon.com/SAMSUNG-Streaming-Upscaling-Ergonomic-LS32DM801UNXZA/dp/B0D1DBQRRS/ref=sr_1_38?dib=eyJ2IjoiMSJ9.KzlizDcPIbhNlsuEwQ-hgwurIDBIi3-oyKBRTWvFWTp0jh0Ctaz193IyJNM_6KQPYHyuP4mEMK4g7QsXLa9yIYzvZrMIwt19x-Nz4OKgMUorByz4TG73npt7YW0jmtkMlNnWRjjgW1LtzJME9IQXPyLidYcpF7la32e68v_Ihu72uVEn70Y5mddigZ2dU8yj60e4KgWHEMaHRE_XBWh5zXWaP-RZPlpASdunRPIa-hg.iCjlMuUYVOdTkqM-PMBhkMRvRj1OArHUVXcQnO4BgG8&dib_tag=se&keywords=monitor&qid=1737385628&sr=8-38,2025-01-20 16:07:10,SAMSUNG,32 Inches,4K UHD 2160p,16:9,Matte
"SAMSUNG 25"" Odyssey G4 Series FHD Gaming Monitor, IPS, 240Hz, 1ms, G-Sync Compatible, AMD FreeSync Premium, HDR10, Ultrawide Game View, DisplayPort, HDMI, Fully Adjustable Stand, LS25BG402ENXGO",$239.99,"Thu, Jan 30",No coupon,https://www.amazon.com/SAMSUNG-Compatible-DisplayPort-Adjustable-LS25BG402ENXGO/dp/B0B45998BM/ref=sr_1_39?dib=eyJ2IjoiMSJ9.KzlizDcPIbhNlsuEwQ-hgwurIDBIi3-oyKBRTWvFWTp0jh0Ctaz193IyJNM_6KQPYHyuP4mEMK4g7QsXLa9yIYzvZrMIwt19x-Nz4OKgMUorByz4TG73npt7YW0jmtkMlNnWRjjgW1LtzJME9IQXPyLidYcpF7la32e68v_Ihu72uVEn70Y5mddigZ2dU8yj60e4KgWHEMaHRE_XBWh5zXWaP-RZPlpASdunRPIa-hg.iCjlMuUYVOdTkqM-PMBhkMRvRj1OArHUVXcQnO4BgG8&dib_tag=se&keywords=monitor&qid=1737385628&sr=8-39,2025-01-20 16:07:10,SAMSUNG,25 Inches,FHD 1080p,"16:9, 21:9",Glossy
"KTC 27 Inch QHD(2560 * 1440) 100Hz Computer Monitor - IPS Panel, Anti-Blue Light Screen, 100% High Color Gamut, 123% sRGB, Support FreeSync and GSync, PC Monitor for Casual Gaming and Working",$139.99,"Thu, Jan 30",$40.00 off coupon applied,https://www.amazon.com/KTC-Inch-100Hz-Computer-Monitor/dp/B0D4QVHWPJ/ref=sr_1_40?dib=eyJ2IjoiMSJ9.KzlizDcPIbhNlsuEwQ-hgwurIDBIi3-oyKBRTWvFWTp0jh0Ctaz193IyJNM_6KQPYHyuP4mEMK4g7QsXLa9yIYzvZrMIwt19x-Nz4OKgMUorByz4TG73npt7YW0jmtkMlNnWRjjgW1LtzJME9IQXPyLidYcpF7la32e68v_Ihu72uVEn70Y5mddigZ2dU8yj60e4KgWHEMaHRE_XBWh5zXWaP-RZPlpASdunRPIa-hg.iCjlMuUYVOdTkqM-PMBhkMRvRj1OArHUVXcQnO4BgG8&dib_tag=se&keywords=monitor&qid=1737385628&sr=8-40,2025-01-20 16:07:10,KTC,27 Inches,QHD Wide 1440p,16:9,Matte
"Acer K202Q bi 19.5-inch Professional HD+ (1600 x 900) Monitor, 75Hz Refresh Rate, VESA Mountable, VisionCare Technologies, BlueLight Filter & Flickerless Technology (HDMI Port & VGA Port),Black",$59.99,"Fri, Jan 31",No coupon,https://www.amazon.com/Professional-VisionCare-Technologies-Flickerless-Technology/dp/B0C4C69HG7/ref=sr_1_41?dib=eyJ2IjoiMSJ9.KzlizDcPIbhNlsuEwQ-hgwurIDBIi3-oyKBRTWvFWTp0jh0Ctaz193IyJNM_6KQPYHyuP4mEMK4g7QsXLa9yIYzvZrMIwt19x-Nz4OKgMUorByz4TG73npt7YW0jmtkMlNnWRjjgW1LtzJME9IQXPyLidYcpF7la32e68v_Ihu72uVEn70Y5mddigZ2dU8yj60e4KgWHEMaHRE_XBWh5zXWaP-RZPlpASdunRPIa-hg.iCjlMuUYVOdTkqM-PMBhkMRvRj1OArHUVXcQnO4BgG8&dib_tag=se&keywords=monitor&qid=1737385628&sr=8-41,2025-01-20 16:07:10,acer,19.5 Inches,HD+,16:9,Glossy
"acer Nitro 31.5"" WQHD 2560 x 1440 1500R Curved Gaming Monitor | AMD FreeSync | Up to 180Hz Refresh | 1ms (VRB) | Tilt | 1 x Display Port 1.4 & 2 x HDMI 2.0 | EDA323QU S3bmiiphx",$199.99,No promotion,No coupon,https://www.amazon.com/acer-Monitor-FreeSync-EDA323QU-S3bmiiphx/dp/B0D9HP796Q/ref=sr_1_42?dib=eyJ2IjoiMSJ9.KzlizDcPIbhNlsuEwQ-hgwurIDBIi3-oyKBRTWvFWTp0jh0Ctaz193IyJNM_6KQPYHyuP4mEMK4g7QsXLa9yIYzvZrMIwt19x-Nz4OKgMUorByz4TG73npt7YW0jmtkMlNnWRjjgW1LtzJME9IQXPyLidYcpF7la32e68v_Ihu72uVEn70Y5mddigZ2dU8yj60e4KgWHEMaHRE_XBWh5zXWaP-RZPlpASdunRPIa-hg.iCjlMuUYVOdTkqM-PMBhkMRvRj1OArHUVXcQnO4BgG8&dib_tag=se&keywords=monitor&qid=1737385628&sr=8-42,2025-01-20 16:07:10,acer,31.5 Inches,QHD Wide 1440p,16:9,Glossy
"Acer Nitro 24.5"" Full HD 1920 x 1080 Gaming Monitor | AMD FreeSync | 180Hz Refresh | 1ms (VRB) | 99% sRGB | HDR 10 Support | 1 x Display Port 1.2 & 2 x HDMI 2.0 | KG251Q P3biip",$99.99,No promotion,No coupon,https://www.amazon.com/sspa/click?ie=UTF8&spc=MToxMzk0MTkxOTAxOTU5MTUwOjE3MzczODU2Mjg6c3BfbXRmOjMwMDYxNzA4NTczNDAwMjo6MDo6&url=%2Facer-Monitor-FreeSync-Refresh-Support%2Fdp%2FB0D9PCW1X5%2Fref%3Dsr_1_43_sspa%3Fdib%3DeyJ2IjoiMSJ9.KzlizDcPIbhNlsuEwQ-hgwurIDBIi3-oyKBRTWvFWTp0jh0Ctaz193IyJNM_6KQPYHyuP4mEMK4g7QsXLa9yIYzvZrMIwt19x-Nz4OKgMUorByz4TG73npt7YW0jmtkMlNnWRjjgW1LtzJME9IQXPyLidYcpF7la32e68v_Ihu72uVEn70Y5mddigZ2dU8yj60e4KgWHEMaHRE_XBWh5zXWaP-RZPlpASdunRPIa-hg.iCjlMuUYVOdTkqM-PMBhkMRvRj1OArHUVXcQnO4BgG8%26dib_tag%3Dse%26keywords%3Dmonitor%26qid%3D1737385628%26sr%3D8-43-spons%26sp_csd%3Dd2lkZ2V0TmFtZT1zcF9tdGY%26psc%3D1,2025-01-20 16:07:10,acer,24.5 Inches,FHD 1080p,16:9,Glossy
"Sceptre 34-Inch Curved Ultrawide WQHD Monitor 3440 x 1440 R1500 up to 165Hz DisplayPort x2 99% sRGB 1ms Picture by Picture, Machine Black 2023 (C345B-QUT168)",$261.64,"Fri, Jan 31",No coupon,https://www.amazon.com/sspa/click?ie=UTF8&spc=MToxMzk0MTkxOTAxOTU5MTUwOjE3MzczODU2Mjg6c3BfbXRmOjMwMDAxNDc3MTA1OTQwMjo6MDo6&url=%2FSceptre-34-Inch-Ultrawide-DisplayPort-C345B-QUT168%2Fdp%2FB0BTK1C533%2Fref%3Dsr_1_44_sspa%3Fdib%3DeyJ2IjoiMSJ9.KzlizDcPIbhNlsuEwQ-hgwurIDBIi3-oyKBRTWvFWTp0jh0Ctaz193IyJNM_6KQPYHyuP4mEMK4g7QsXLa9yIYzvZrMIwt19x-Nz4OKgMUorByz4TG73npt7YW0jmtkMlNnWRjjgW1LtzJME9IQXPyLidYcpF7la32e68v_Ihu72uVEn70Y5mddigZ2dU8yj60e4KgWHEMaHRE_XBWh5zXWaP-RZPlpASdunRPIa-hg.iCjlMuUYVOdTkqM-PMBhkMRvRj1OArHUVXcQnO4BgG8%26dib_tag%3Dse%26keywords%3Dmonitor%26qid%3D1737385628%26sr%3D8-44-spons%26sp_csd%3Dd2lkZ2V0TmFtZT1zcF9tdGY%26psc%3D1,2025-01-20 16:07:10,Sceptre,34 Inches,QHD Ultra Wide 1440p,21:9,Matte
"Portable Monitor 15.6inch,1080P USB-C HDMI Second External Monitor for Laptop,PC,Mac Phone,PS,Xbox,Swich,IPS Ultra-Thin Zero Frame Gaming Monitor/Premium Smart Cover",$79.99,"Thu, Jan 30",$10.00 off coupon applied,https://www.amazon.com/ForHelp-15-6inch-Portable-External-Ultra-Thin/dp/B0BNWWF32B/ref=sr_1_45?dib=eyJ2IjoiMSJ9.KzlizDcPIbhNlsuEwQ-hgwurIDBIi3-oyKBRTWvFWTp0jh0Ctaz193IyJNM_6KQPYHyuP4mEMK4g7QsXLa9yIYzvZrMIwt19x-Nz4OKgMUorByz4TG73npt7YW0jmtkMlNnWRjjgW1LtzJME9IQXPyLidYcpF7la32e68v_Ihu72uVEn70Y5mddigZ2dU8yj60e4KgWHEMaHRE_XBWh5zXWaP-RZPlpASdunRPIa-hg.iCjlMuUYVOdTkqM-PMBhkMRvRj1OArHUVXcQnO4BgG8&dib_tag=se&keywords=monitor&qid=1737385628&sr=8-45,2025-01-20 16:07:10,ForHelp,15.6,FHD 1080p,16:9,Matte
"LG 27GS50F-B 27-inch FHD (1920 x 1080) Ultragear Gaming Monitor with 180Hz, 1ms MBR, HDR10, AMD FreeSync, HDMI, DisplayPort, 3-Side Virtually Borderless Design, Black",$129.99,"Tue, Feb 4",No coupon,https://www.amazon.com/LG-27GS50F-B-Ultragear-DisplayPort-Borderless/dp/B0D1VW3JBM/ref=sr_1_46?dib=eyJ2IjoiMSJ9.KzlizDcPIbhNlsuEwQ-hgwurIDBIi3-oyKBRTWvFWTp0jh0Ctaz193IyJNM_6KQPYHyuP4mEMK4g7QsXLa9yIYzvZrMIwt19x-Nz4OKgMUorByz4TG73npt7YW0jmtkMlNnWRjjgW1LtzJME9IQXPyLidYcpF7la32e68v_Ihu72uVEn70Y5mddigZ2dU8yj60e4KgWHEMaHRE_XBWh5zXWaP-RZPlpASdunRPIa-hg.iCjlMuUYVOdTkqM-PMBhkMRvRj1OArHUVXcQnO4BgG8&dib_tag=se&keywords=monitor&qid=1737385628&sr=8-46,2025-01-20 16:07:10,LG,27 Inches,FHD 1080p,16:9,Matte
"Acer 27"" WQHD 2560 x 1440 1500R Curved PC Gaming Monitor | AMD FreeSync Premium | Up to 170Hz Refresh | 1ms VRB | VESA Mount | HDR10 | 1 x Display Port 1.2 & 2 x HDMI 2.0 | EDA270U Pbmiipx | Silver",$159.99,"Thu, Jan 30",No coupon,https://www.amazon.com/Monitor-FreeSync-Premium-Refresh-Display/dp/B0CJVK87Y7/ref=sr_1_47?dib=eyJ2IjoiMSJ9.KzlizDcPIbhNlsuEwQ-hgwurIDBIi3-oyKBRTWvFWTp0jh0Ctaz193IyJNM_6KQPYHyuP4mEMK4g7QsXLa9yIYzvZrMIwt19x-Nz4OKgMUorByz4TG73npt7YW0jmtkMlNnWRjjgW1LtzJME9IQXPyLidYcpF7la32e68v_Ihu72uVEn70Y5mddigZ2dU8yj60e4KgWHEMaHRE_XBWh5zXWaP-RZPlpASdunRPIa-hg.iCjlMuUYVOdTkqM-PMBhkMRvRj1OArHUVXcQnO4BgG8&dib_tag=se&keywords=monitor&qid=1737385628&sr=8-47,2025-01-20 16:07:10,Data not available,Data not available,Data not available,Data not available,Data not available
"CRUA 30Inch Ultrawide Curved Monitor, 21:9 WFHD(2560x1080P) VA Computer Monitor, 99% sRGB 100HZ 1500R PC Monitors Support FreeSync, Wall-Mounted, with HDMI/DP Display Port-Black",$149.99,"Fri, Jan 31",No coupon,https://www.amazon.com/CRUA-30Inch-Ultrawide-Curved-Monitor/dp/B0CYZ5ZX6V/ref=sr_1_48?dib=eyJ2IjoiMSJ9.KzlizDcPIbhNlsuEwQ-hgwurIDBIi3-oyKBRTWvFWTp0jh0Ctaz193IyJNM_6KQPYHyuP4mEMK4g7QsXLa9yIYzvZrMIwt19x-Nz4OKgMUorByz4TG73npt7YW0jmtkMlNnWRjjgW1LtzJME9IQXPyLidYcpF7la32e68v_Ihu72uVEn70Y5mddigZ2dU8yj60e4KgWHEMaHRE_XBWh5zXWaP-RZPlpASdunRPIa-hg.iCjlMuUYVOdTkqM-PMBhkMRvRj1OArHUVXcQnO4BgG8&dib_tag=se&keywords=monitor&qid=1737385628&sr=8-48,2025-01-20 16:07:10,CRUA,29.5 Inches,FHD 1080p Ultra Wide,21:9,Matte
"HP Series 5 27 inch FHD Monitor, Full HD Display (1920 x 1080), IPS Panel, 99% sRGB, 1500:1 Contrast Ratio, 300 nits, Eye Ease with Eyesafe Certification, 527sa (2024)",$154.99,"Tue, Feb 4",No coupon,https://www.amazon.com/HP-inch-Monitor-Display-panel/dp/B0CV75WYTB/ref=sr_1_49?dib=eyJ2IjoiMSJ9.KzlizDcPIbhNlsuEwQ-hgwurIDBIi3-oyKBRTWvFWTp0jh0Ctaz193IyJNM_6KQPYHyuP4mEMK4g7QsXLa9yIYzvZrMIwt19x-Nz4OKgMUorByz4TG73npt7YW0jmtkMlNnWRjjgW1LtzJME9IQXPyLidYcpF7la32e68v_Ihu72uVEn70Y5mddigZ2dU8yj60e4KgWHEMaHRE_XBWh5zXWaP-RZPlpASdunRPIa-hg.iCjlMuUYVOdTkqM-PMBhkMRvRj1OArHUVXcQnO4BgG8&dib_tag=se&keywords=monitor&qid=1737385628&sr=8-49,2025-01-20 16:07:10,HP,27 Inches,FHD 1080p,16:9,Matte
Acer Nitro 23.8 Inch WQHD 2560 x 1440 ZeroFrame Design PC Gaming Monitor | AMD FreeSync | Up to 180Hz Refresh | Up to 0.5ms (G to G) | 1 x Display Port 1.4 and 2 x HDMI 2.0 Ports | VG240YU Mbiipx,$149.99,"Tue, Feb 4",No coupon,https://www.amazon.com/ZeroFrame-Monitor-FreeSync-Refresh-Display/dp/B0DJ9WTN3N/ref=sr_1_50?dib=eyJ2IjoiMSJ9.KzlizDcPIbhNlsuEwQ-hgwurIDBIi3-oyKBRTWvFWTp0jh0Ctaz193IyJNM_6KQPYHyuP4mEMK4g7QsXLa9yIYzvZrMIwt19x-Nz4OKgMUorByz4TG73npt7YW0jmtkMlNnWRjjgW1LtzJME9IQXPyLidYcpF7la32e68v_Ihu72uVEn70Y5mddigZ2dU8yj60e4KgWHEMaHRE_XBWh5zXWaP-RZPlpASdunRPIa-hg.iCjlMuUYVOdTkqM-PMBhkMRvRj1OArHUVXcQnO4BgG8&dib_tag=se&keywords=monitor&qid=1737385628&sr=8-50,2025-01-20 16:07:10,acer,23.8 Inches,QHD Wide 1440p,16:9,Glossy
"Sceptre IPS 24” Gaming Monitor 165Hz 144Hz Full HD (1920 x 1080) FreeSync Eye Care FPS RTS DisplayPort HDMI Build-in Speakers, Machine Black 2020 (E248B-FPT168),IPS 24"" 165Hz",$129.97,"Thu, Jan 30",No coupon,https://www.amazon.com/Sceptre-FreeSync-DisplayPort-Speakers-E248B-FPT168/dp/B088VMY23M/ref=sr_1_51?dib=eyJ2IjoiMSJ9.KzlizDcPIbhNlsuEwQ-hgwurIDBIi3-oyKBRTWvFWTp0jh0Ctaz193IyJNM_6KQPYHyuP4mEMK4g7QsXLa9yIYzvZrMIwt19x-Nz4OKgMUorByz4TG73npt7YW0jmtkMlNnWRjjgW1LtzJME9IQXPyLidYcpF7la32e68v_Ihu72uVEn70Y5mddigZ2dU8yj60e4KgWHEMaHRE_XBWh5zXWaP-RZPlpASdunRPIa-hg.iCjlMuUYVOdTkqM-PMBhkMRvRj1OArHUVXcQnO4BgG8&dib_tag=se&keywords=monitor&qid=1737385628&sr=8-51,2025-01-20 16:07:10,Sceptre,24 Inches,FHD 1080p,16:9,Glossy
"24 Inch Computer Frameless Monitor, 75Hz Full HD 1920 x 1080P IPS LED Display, HDMI VGA Port, 178 Degree Viewing Angle Blue Light Filter Function, 100x100mm VESA Mountable, MN24-H",$69.99,"Thu, Jan 30",No coupon,https://www.amazon.com/Norcent-Frameless-100x100mm-Mountable-MN24-H/dp/B0BRMC93Y3/ref=sr_1_52?dib=eyJ2IjoiMSJ9.KzlizDcPIbhNlsuEwQ-hgwurIDBIi3-oyKBRTWvFWTp0jh0Ctaz193IyJNM_6KQPYHyuP4mEMK4g7QsXLa9yIYzvZrMIwt19x-Nz4OKgMUorByz4TG73npt7YW0jmtkMlNnWRjjgW1LtzJME9IQXPyLidYcpF7la32e68v_Ihu72uVEn70Y5mddigZ2dU8yj60e4KgWHEMaHRE_XBWh5zXWaP-RZPlpASdunRPIa-hg.iCjlMuUYVOdTkqM-PMBhkMRvRj1OArHUVXcQnO4BgG8&dib_tag=se&keywords=monitor&qid=1737385628&sr=8-52,2025-01-20 16:07:10,Norcent,23.8 Inches,FHD 1080p,16:9,Glossy
"SANSUI Monitor 22 inch IPS Panel 1080p FHD 75Hz Computer Monitor with HDMI VGA, Ultra-Slim Bezel Ergonomic Tilt Eye Care LED Display for Home Office (ES-22F1 HDMI Cable Included)",$76.99,"Mon, Feb 3",$10.00 off coupon applied,https://www.amazon.com/sspa/click?ie=UTF8&spc=MToxMzk0MTkxOTAxOTU5MTUwOjE3MzczODU2Mjg6c3BfYnRmOjMwMDU5MTg2MDAwNzUwMjo6MDo6&url=%2FSANSUI-Computer-Ultra-Slim-Ergonomic-ES-22F1%2Fdp%2FB0B49JWRBZ%2Fref%3Dsr_1_53_sspa%3Fdib%3DeyJ2IjoiMSJ9.KzlizDcPIbhNlsuEwQ-hgwurIDBIi3-oyKBRTWvFWTp0jh0Ctaz193IyJNM_6KQPYHyuP4mEMK4g7QsXLa9yIYzvZrMIwt19x-Nz4OKgMUorByz4TG73npt7YW0jmtkMlNnWRjjgW1LtzJME9IQXPyLidYcpF7la32e68v_Ihu72uVEn70Y5mddigZ2dU8yj60e4KgWHEMaHRE_XBWh5zXWaP-RZPlpASdunRPIa-hg.iCjlMuUYVOdTkqM-PMBhkMRvRj1OArHUVXcQnO4BgG8%26dib_tag%3Dse%26keywords%3Dmonitor%26qid%3D1737385628%26sr%3D8-53-spons%26sp_csd%3Dd2lkZ2V0TmFtZT1zcF9idGY%26psc%3D1,2025-01-20 16:07:10,SANSUI,22 Inches,FHD 1080p,16:9,Matte
"Garmin Approach® R50, Premium Golf Launch Monitor and Simulator, 10"" Built-in Color Touchscreen Display",Data not available,No promotion,No coupon,https://www.amazon.com/sspa/click?ie=UTF8&spc=MToxMzk0MTkxOTAxOTU5MTUwOjE3MzczODU2Mjg6c3BfYnRmOjMwMDU1MDgxMDI0MzgwMjo6MDo6&url=%2FGarmin-Approach%25C2%25AE-Premium-Simulator-Touchscreen%2Fdp%2FB0DM6NYRYN%2Fref%3Dsr_1_54_sspa%3Fdib%3DeyJ2IjoiMSJ9.KzlizDcPIbhNlsuEwQ-hgwurIDBIi3-oyKBRTWvFWTp0jh0Ctaz193IyJNM_6KQPYHyuP4mEMK4g7QsXLa9yIYzvZrMIwt19x-Nz4OKgMUorByz4TG73npt7YW0jmtkMlNnWRjjgW1LtzJME9IQXPyLidYcpF7la32e68v_Ihu72uVEn70Y5mddigZ2dU8yj60e4KgWHEMaHRE_XBWh5zXWaP-RZPlpASdunRPIa-hg.iCjlMuUYVOdTkqM-PMBhkMRvRj1OArHUVXcQnO4BgG8%26dib_tag%3Dse%26keywords%3Dmonitor%26qid%3D1737385628%26sr%3D8-54-spons%26sp_csd%3Dd2lkZ2V0TmFtZT1zcF9idGY%26psc%3D1,2025-01-20 16:07:10,Data not available,Data not available,Data not available,Data not available,Data not available
"CRUA 30Inch Ultrawide Curved Monitor, 21:9 WFHD(2560x1080P) VA Computer Monitor, 99% sRGB 100HZ 1500R PC Monitors Support FreeSync, Wall-Mounted, with HDMI/DP Display Port-Black",$149.99,"Fri, Jan 31",No coupon,https://www.amazon.com/sspa/click?ie=UTF8&spc=MTo4NzA4MzYwNTYwNTQ5ODM4OjE3MzczODU2Mzg6c3BfYXRmX25leHQ6MzAwMjcxNzczNzI2ODAyOjowOjo&url=%2FCRUA-30Inch-Ultrawide-Curved-Monitor%2Fdp%2FB0CYZ5ZX6V%2Fref%3Dsr_1_49_sspa%3Fdib%3DeyJ2IjoiMSJ9._T7iMDY-0s11wQxbDtmxCINopi1M_aGRUue7eaGJd7VYbeMr2TenvKYa-MBJj8BqcAUWrixup7YKQSXfxNc4KKG-ljISzC1kMwlZKlCq2cz5fXeqRFhaL5h6Nsb8uMwgUs_udd11bbjTlxZlZXv6vMSbxxK_oNoP7W-va2vZDXuekKz7VddCcWI61LPlhzZFByH9ZcV7CVuaDfP3KAxt0U_fudrhFogFmloFRy7nXw0.xbzswctwH5LbAohEiKHW7L4EEa_33I1lkV8_MAllMlk%26dib_tag%3Dse%26keywords%3Dmonitor%26qid%3D1737385638%26sr%3D8-49-spons%26sp_csd%3Dd2lkZ2V0TmFtZT1zcF9hdGZfbmV4dA%26psc%3D1,2025-01-20 16:07:19,CRUA,29.5 Inches,FHD 1080p Ultra Wide,21:9,Matte
"S3 Dual Laptop Screen Extender, 14'' Triple Portable Monitor for Laptop Plug and Play, 1080P FHD IPS Laptop Monitor Extender for 13''-17'' Laptops Compatible with Mac/Wins/Android/Dex",$209.99,"Thu, Jan 30",$20.00 off coupon applied,https://www.amazon.com/sspa/click?ie=UTF8&spc=MTo4NzA4MzYwNTYwNTQ5ODM4OjE3MzczODU2Mzg6c3BfYXRmX25leHQ6MzAwNTA2MTQzNDk5MjAyOjowOjo&url=%2FClanor-Extender-Portable-Monitor-Compatible%2Fdp%2FB0DCG1PRRM%2Fref%3Dsr_1_50_sspa%3Fdib%3DeyJ2IjoiMSJ9._T7iMDY-0s11wQxbDtmxCINopi1M_aGRUue7eaGJd7VYbeMr2TenvKYa-MBJj8BqcAUWrixup7YKQSXfxNc4KKG-ljISzC1kMwlZKlCq2cz5fXeqRFhaL5h6Nsb8uMwgUs_udd11bbjTlxZlZXv6vMSbxxK_oNoP7W-va2vZDXuekKz7VddCcWI61LPlhzZFByH9ZcV7CVuaDfP3KAxt0U_fudrhFogFmloFRy7nXw0.xbzswctwH5LbAohEiKHW7L4EEa_33I1lkV8_MAllMlk%26dib_tag%3Dse%26keywords%3Dmonitor%26qid%3D1737385638%26sr%3D8-50-spons%26sp_csd%3Dd2lkZ2V0TmFtZT1zcF9hdGZfbmV4dA%26psc%3D1,2025-01-20 16:07:19,Clanor,14 Inches,FHD 1080p,16:9,Glossy
"24 Inch Computer Frameless Monitor, 75Hz Full HD 1920 x 1080P IPS LED Display, HDMI VGA Port, 178 Degree Viewing Angle Blue Light Filter Function, 100x100mm VESA Mountable, MN24-H",$69.99,"Thu, Jan 30",No coupon,https://www.amazon.com/Norcent-Frameless-100x100mm-Mountable-MN24-H/dp/B0BRMC93Y3/ref=sr_1_51?dib=eyJ2IjoiMSJ9._T7iMDY-0s11wQxbDtmxCINopi1M_aGRUue7eaGJd7VYbeMr2TenvKYa-MBJj8BqcAUWrixup7YKQSXfxNc4KKG-ljISzC1kMwlZKlCq2cz5fXeqRFhaL5h6Nsb8uMwgUs_udd11bbjTlxZlZXv6vMSbxxK_oNoP7W-va2vZDXuekKz7VddCcWI61LPlhzZFByH9ZcV7CVuaDfP3KAxt0U_fudrhFogFmloFRy7nXw0.xbzswctwH5LbAohEiKHW7L4EEa_33I1lkV8_MAllMlk&dib_tag=se&keywords=monitor&qid=1737385638&sr=8-51,2025-01-20 16:07:19,Norcent,23.8 Inches,FHD 1080p,16:9,Glossy
"ASUS ROG Strix 27” 4K HDR USB-C Gaming Monitor (XG27UCG-W) – White, UHD (3840x2160) Dual Mode (4K 160Hz or FHD 320Hz), 1ms, Fast IPS, ELMB Sync, G-SYNC Compatible, AI Gaming, 3yr Warranty",$399.00,No promotion,No coupon,https://www.amazon.com/ASUS-Strix-Gaming-Monitor-XG27UCG-W/dp/B0D6C4316S/ref=sr_1_52?dib=eyJ2IjoiMSJ9._T7iMDY-0s11wQxbDtmxCINopi1M_aGRUue7eaGJd7VYbeMr2TenvKYa-MBJj8BqcAUWrixup7YKQSXfxNc4KKG-ljISzC1kMwlZKlCq2cz5fXeqRFhaL5h6Nsb8uMwgUs_udd11bbjTlxZlZXv6vMSbxxK_oNoP7W-va2vZDXuekKz7VddCcWI61LPlhzZFByH9ZcV7CVuaDfP3KAxt0U_fudrhFogFmloFRy7nXw0.xbzswctwH5LbAohEiKHW7L4EEa_33I1lkV8_MAllMlk&dib_tag=se&keywords=monitor&qid=1737385638&sr=8-52,2025-01-20 16:07:19,ASUS,27 Inches,4K UHD 2160p,16:9,Matte
"SANSUI 180Hz Monitor 24 inch PC Monitor, Computer Monitor IPS FHD 1080p, Display Port Monitor with Built-in Speakers sRGB 110% Adaptive Sync, HDMIx2 Ports VESA Compatible Tilt Adjustable,Black",$107.06,"Thu, Jan 30",No coupon,https://www.amazon.com/SANSUI-Computer-Speakers-Compatible-Adjustable/dp/B0DMNKBWG9/ref=sr_1_53?dib=eyJ2IjoiMSJ9._T7iMDY-0s11wQxbDtmxCINopi1M_aGRUue7eaGJd7VYbeMr2TenvKYa-MBJj8BqcAUWrixup7YKQSXfxNc4KKG-ljISzC1kMwlZKlCq2cz5fXeqRFhaL5h6Nsb8uMwgUs_udd11bbjTlxZlZXv6vMSbxxK_oNoP7W-va2vZDXuekKz7VddCcWI61LPlhzZFByH9ZcV7CVuaDfP3KAxt0U_fudrhFogFmloFRy7nXw0.xbzswctwH5LbAohEiKHW7L4EEa_33I1lkV8_MAllMlk&dib_tag=se&keywords=monitor&qid=1737385638&sr=8-53,2025-01-20 16:07:19,SANSUI,24 Inches,FHD 1080p,16:9,Glossy
"acer Nitro 29.5"" 1500R Curved Zero-Frame UWFHD 2560 x 1080 Gaming Monitor | AMD FreeSync Premium | Up to 200Hz | 1ms VRB | VESA Mountable | 2 x Display Port 1.4 & 2 x HDMI 2.0 | ED306C Xbmiippx",$189.99,"Tue, Feb 4",No coupon,https://www.amazon.com/acer-Zero-Frame-FreeSync-Mountable-Xbmiippx/dp/B0D2LT8L75/ref=sr_1_54?dib=eyJ2IjoiMSJ9._T7iMDY-0s11wQxbDtmxCINopi1M_aGRUue7eaGJd7VYbeMr2TenvKYa-MBJj8BqcAUWrixup7YKQSXfxNc4KKG-ljISzC1kMwlZKlCq2cz5fXeqRFhaL5h6Nsb8uMwgUs_udd11bbjTlxZlZXv6vMSbxxK_oNoP7W-va2vZDXuekKz7VddCcWI61LPlhzZFByH9ZcV7CVuaDfP3KAxt0U_fudrhFogFmloFRy7nXw0.xbzswctwH5LbAohEiKHW7L4EEa_33I1lkV8_MAllMlk&dib_tag=se&keywords=monitor&qid=1737385638&sr=8-54,2025-01-20 16:07:19,acer,29.5 Inches,FHD 1080p Ultra Wide,21:9,Glossy
VILVA Portable-Monitor-for-Laptop - 15.6'' 1080P FHD IPS Display USB-C HDMI Portable Monitor for Laptop with Cover and Speakers External Monitor for Laptop/PC/Mac/Phone/Xbox Switch/PS4/,$79.99,"Thu, Jan 30",No coupon,https://www.amazon.com/VILVA-Portable-Monitor-Laptop-Portable-Speakers/dp/B0BTSFVMLV/ref=sr_1_55?dib=eyJ2IjoiMSJ9._T7iMDY-0s11wQxbDtmxCINopi1M_aGRUue7eaGJd7VYbeMr2TenvKYa-MBJj8BqcAUWrixup7YKQSXfxNc4KKG-ljISzC1kMwlZKlCq2cz5fXeqRFhaL5h6Nsb8uMwgUs_udd11bbjTlxZlZXv6vMSbxxK_oNoP7W-va2vZDXuekKz7VddCcWI61LPlhzZFByH9ZcV7CVuaDfP3KAxt0U_fudrhFogFmloFRy7nXw0.xbzswctwH5LbAohEiKHW7L4EEa_33I1lkV8_MAllMlk&dib_tag=se&keywords=monitor&qid=1737385638&sr=8-55,2025-01-20 16:07:19,VILVA,15.6,FHD 1080p,16:9,Matte
KOORUI Monitor 22 Inch Gaming Monitor Full HD 1080P 100Hz PC Monitor VA Panel LCD Display with Speakers Adpitive sync (HDMI/VGA/VESA Compatible/Audio Out) S01,$69.99,"Thu, Jan 30",No coupon,https://www.amazon.com/KOORUI-Business-Computer-Monitor-Desktop/dp/B09FP4H99P/ref=sr_1_56?dib=eyJ2IjoiMSJ9._T7iMDY-0s11wQxbDtmxCINopi1M_aGRUue7eaGJd7VYbeMr2TenvKYa-MBJj8BqcAUWrixup7YKQSXfxNc4KKG-ljISzC1kMwlZKlCq2cz5fXeqRFhaL5h6Nsb8uMwgUs_udd11bbjTlxZlZXv6vMSbxxK_oNoP7W-va2vZDXuekKz7VddCcWI61LPlhzZFByH9ZcV7CVuaDfP3KAxt0U_fudrhFogFmloFRy7nXw0.xbzswctwH5LbAohEiKHW7L4EEa_33I1lkV8_MAllMlk&dib_tag=se&keywords=monitor&qid=1737385638&sr=8-56,2025-01-20 16:07:19,KOORUI,22 Inches,FHD 1080p,16:9,Matte
"Dell 27"" QHD Monitor - 100Hz Refresh Rate 1500:1 Contrast Ratio, TÜV Rheinland Eye Comfort 4 Star, VESA, Integrated 2x5W Speaker, Pivot/Swivel/Tilt/Height - 2 x HDMI/DisplayPort, Ash White",$240.00,"Tue, Feb 4",No coupon,https://www.amazon.com/Dell-QHD-Monitor-Integrated-DisplayPort/dp/B0DJVX48N3/ref=sr_1_57?dib=eyJ2IjoiMSJ9._T7iMDY-0s11wQxbDtmxCINopi1M_aGRUue7eaGJd7VYbeMr2TenvKYa-MBJj8BqcAUWrixup7YKQSXfxNc4KKG-ljISzC1kMwlZKlCq2cz5fXeqRFhaL5h6Nsb8uMwgUs_udd11bbjTlxZlZXv6vMSbxxK_oNoP7W-va2vZDXuekKz7VddCcWI61LPlhzZFByH9ZcV7CVuaDfP3KAxt0U_fudrhFogFmloFRy7nXw0.xbzswctwH5LbAohEiKHW7L4EEa_33I1lkV8_MAllMlk&dib_tag=se&keywords=monitor&qid=1737385638&sr=8-57,2025-01-20 16:07:19,Dell,27 Inches,5K QHD 1440p,16:9,Matte
"MSI PRO MP223, 22-inch VA 1920 x 1080 (FHD) Computer Monitor, 100Hz, Adaptive-Synch, HDMI, Video Port, VESA Mountable, Less Blue Light, Tilt, 1ms, Black",Data not available,No promotion,No coupon,https://www.amazon.com/MSI-PRO-MP223-Adaptive-Synch-Mountable/dp/B0CTSHK7H7/ref=sr_1_58?dib=eyJ2IjoiMSJ9._T7iMDY-0s11wQxbDtmxCINopi1M_aGRUue7eaGJd7VYbeMr2TenvKYa-MBJj8BqcAUWrixup7YKQSXfxNc4KKG-ljISzC1kMwlZKlCq2cz5fXeqRFhaL5h6Nsb8uMwgUs_udd11bbjTlxZlZXv6vMSbxxK_oNoP7W-va2vZDXuekKz7VddCcWI61LPlhzZFByH9ZcV7CVuaDfP3KAxt0U_fudrhFogFmloFRy7nXw0.xbzswctwH5LbAohEiKHW7L4EEa_33I1lkV8_MAllMlk&dib_tag=se&keywords=monitor&qid=1737385638&sr=8-58,2025-01-20 16:07:19,MSI,22 Inches,1920 x 1080 FHD,16:10,Glossy
"Single Monitor Arm Holds to 28.6 lbs, Ultrawide Monitor Stand for 35 inch Screens, Fully Adjustable Monitor Mount with Premium Aluminum&Gas Spring, C-Clamp & Grommet Base, VESA 75x75 or 100x100mm",$79.00,No promotion,No coupon,https://www.amazon.com/sspa/click?ie=UTF8&spc=MTo4NzA4MzYwNTYwNTQ5ODM4OjE3MzczODU2Mzg6c3BfbXRmOjMwMDU1NDUyMjgyNjEwMjo6MDo6&url=%2FMonitor-Ultrawide-Adjustable-Aluminum-100x100mm%2Fdp%2FB0DB1FB32Q%2Fref%3Dsr_1_59_sspa%3Fdib%3DeyJ2IjoiMSJ9._T7iMDY-0s11wQxbDtmxCINopi1M_aGRUue7eaGJd7VYbeMr2TenvKYa-MBJj8BqcAUWrixup7YKQSXfxNc4KKG-ljISzC1kMwlZKlCq2cz5fXeqRFhaL5h6Nsb8uMwgUs_udd11bbjTlxZlZXv6vMSbxxK_oNoP7W-va2vZDXuekKz7VddCcWI61LPlhzZFByH9ZcV7CVuaDfP3KAxt0U_fudrhFogFmloFRy7nXw0.xbzswctwH5LbAohEiKHW7L4EEa_33I1lkV8_MAllMlk%26dib_tag%3Dse%26keywords%3Dmonitor%26qid%3D1737385638%26sr%3D8-59-spons%26sp_csd%3Dd2lkZ2V0TmFtZT1zcF9tdGY%26psc%3D1,2025-01-20 16:07:19,NearHub,Data not available,Data not available,Data not available,Data not available
SANSUI Monitor 24 inch 100Hz USB Type-C Computer Monitor丨FHD 1080P PC Monitor丨HDMI丨FreeSync丨HDR丨Earphone Jack丨 Ergonomic Tilt for Home and Office,$79.99,"Fri, Jan 31",10% off coupon applied,https://www.amazon.com/sspa/click?ie=UTF8&spc=MTo4NzA4MzYwNTYwNTQ5ODM4OjE3MzczODU2Mzg6c3BfbXRmOjMwMDQ5Njk5NjMwMTYwMjo6MDo6&url=%2FSANSUI-Computer-Monitor%25E4%25B8%25A8FHD-Monitor%25E4%25B8%25A8HDMI%25E4%25B8%25A8FreeSync%25E4%25B8%25A8HDR%25E4%25B8%25A8Earphone-Ergonomic%2Fdp%2FB0D22TVRWH%2Fref%3Dsr_1_60_sspa%3Fdib%3DeyJ2IjoiMSJ9._T7iMDY-0s11wQxbDtmxCINopi1M_aGRUue7eaGJd7VYbeMr2TenvKYa-MBJj8BqcAUWrixup7YKQSXfxNc4KKG-ljISzC1kMwlZKlCq2cz5fXeqRFhaL5h6Nsb8uMwgUs_udd11bbjTlxZlZXv6vMSbxxK_oNoP7W-va2vZDXuekKz7VddCcWI61LPlhzZFByH9ZcV7CVuaDfP3KAxt0U_fudrhFogFmloFRy7nXw0.xbzswctwH5LbAohEiKHW7L4EEa_33I1lkV8_MAllMlk%26dib_tag%3Dse%26keywords%3Dmonitor%26qid%3D1737385638%26sr%3D8-60-spons%26sp_csd%3Dd2lkZ2V0TmFtZT1zcF9tdGY%26psc%3D1,2025-01-20 16:07:19,SANSUI,24,FHD 1080p,16:9,Matte
"Portable Monitor 15.6 Inch 1080P USB-C HDMI Ultra-Slim Travel Monitor with Kickstand, for Laptop, PC, Mac Phone, PS, Xbox, Swich IPS Ultra-Thin Zero Frame Gaming Monitor",$68.99,"Thu, Jan 30",$15.00 off coupon applied,https://www.amazon.com/Anyuse-Portable-Ultra-Slim-Kickstand-Ultra-Thin/dp/B0D44QFCPQ/ref=sr_1_61?dib=eyJ2IjoiMSJ9._T7iMDY-0s11wQxbDtmxCINopi1M_aGRUue7eaGJd7VYbeMr2TenvKYa-MBJj8BqcAUWrixup7YKQSXfxNc4KKG-ljISzC1kMwlZKlCq2cz5fXeqRFhaL5h6Nsb8uMwgUs_udd11bbjTlxZlZXv6vMSbxxK_oNoP7W-va2vZDXuekKz7VddCcWI61LPlhzZFByH9ZcV7CVuaDfP3KAxt0U_fudrhFogFmloFRy7nXw0.xbzswctwH5LbAohEiKHW7L4EEa_33I1lkV8_MAllMlk&dib_tag=se&keywords=monitor&qid=1737385638&sr=8-61,2025-01-20 16:07:19,Anyuse,15.6 Inches,FHD 1080p,16:9,Matte
"Acer Nitro 23.8"" Full HD 1920 x 1080 PC Gaming IPS Monitor | AMD FreeSync Premium | 180Hz Refresh | Up to 0.5ms | HDR10 Support | 99% sRGB | 1 x Display Port 1.2 & 2 x HDMI 2.0 | VG240Y M3biip",$109.99,"Thu, Jan 30",No coupon,https://www.amazon.com/Monitor-FreeSync-Premium-Refresh-Support/dp/B0C7WGTKJZ/ref=sr_1_62?dib=eyJ2IjoiMSJ9._T7iMDY-0s11wQxbDtmxCINopi1M_aGRUue7eaGJd7VYbeMr2TenvKYa-MBJj8BqcAUWrixup7YKQSXfxNc4KKG-ljISzC1kMwlZKlCq2cz5fXeqRFhaL5h6Nsb8uMwgUs_udd11bbjTlxZlZXv6vMSbxxK_oNoP7W-va2vZDXuekKz7VddCcWI61LPlhzZFByH9ZcV7CVuaDfP3KAxt0U_fudrhFogFmloFRy7nXw0.xbzswctwH5LbAohEiKHW7L4EEa_33I1lkV8_MAllMlk&dib_tag=se&keywords=monitor&qid=1737385638&sr=8-62,2025-01-20 16:07:19,acer,23.8 Inches,FHD 1080p,16:9,Glossy
"ASUS TUF Gaming 25” (24.5 viewable) 1080P Gaming Monitor (VG259Q3A) – FHD, 180Hz, 1ms, Fast IPS, Extreme Low Motion Blur, FreeSync, Variable Overdrive, Speakers, 99% sRGB, Shadow Boost 3yr Warranty",$115.24,No promotion,No coupon,https://www.amazon.com/ASUS-Gaming-viewable-Monitor-VG259Q3A/dp/B0CVSL2KKW/ref=sr_1_63?dib=eyJ2IjoiMSJ9._T7iMDY-0s11wQxbDtmxCINopi1M_aGRUue7eaGJd7VYbeMr2TenvKYa-MBJj8BqcAUWrixup7YKQSXfxNc4KKG-ljISzC1kMwlZKlCq2cz5fXeqRFhaL5h6Nsb8uMwgUs_udd11bbjTlxZlZXv6vMSbxxK_oNoP7W-va2vZDXuekKz7VddCcWI61LPlhzZFByH9ZcV7CVuaDfP3KAxt0U_fudrhFogFmloFRy7nXw0.xbzswctwH5LbAohEiKHW7L4EEa_33I1lkV8_MAllMlk&dib_tag=se&keywords=monitor&qid=1737385638&sr=8-63,2025-01-20 16:07:19,ASUS,25 Inches,FHD 1080p,16:9,Non-Glare
"KOORUI Monitor, 27"" QHD IPS Gaming Monitor, 170Hz, 1ms, HDR400, Compatibility G-Sync and FreeSync, Tilt Pivot Swivel Vertical Height Adjustable，2 HDMI 2.0 & 1 DisplayPor 1.2, 27E3Q, Black",$159.98,"Fri, Jan 31",No coupon,https://www.amazon.com/KOORUI-Vertical-Rotating-DisplayPort-Adjustable/dp/B0C1GLNRXB/ref=sr_1_64?dib=eyJ2IjoiMSJ9._T7iMDY-0s11wQxbDtmxCINopi1M_aGRUue7eaGJd7VYbeMr2TenvKYa-MBJj8BqcAUWrixup7YKQSXfxNc4KKG-ljISzC1kMwlZKlCq2cz5fXeqRFhaL5h6Nsb8uMwgUs_udd11bbjTlxZlZXv6vMSbxxK_oNoP7W-va2vZDXuekKz7VddCcWI61LPlhzZFByH9ZcV7CVuaDfP3KAxt0U_fudrhFogFmloFRy7nXw0.xbzswctwH5LbAohEiKHW7L4EEa_33I1lkV8_MAllMlk&dib_tag=se&keywords=monitor&qid=1737385638&sr=8-64,2025-01-20 16:07:19,KOORUI,27 Inches,QHD Wide 1440p,16:9,Flat
"Yodoit Portable Monitor for Laptop 1920×1080 15.6"" FHD Travel Monitor Screen IPS Display with USB Type C Port and Speakers with Smart Cover Metal Monitor Compatible with PC, MacBook, Xbox (Black)",$50.99,"Thu, Jan 30",No coupon,https://www.amazon.com/Yodoit-Portable-1920%C3%971080-Speakers-Compatible/dp/B0C77WJ6F5/ref=sr_1_65?dib=eyJ2IjoiMSJ9._T7iMDY-0s11wQxbDtmxCINopi1M_aGRUue7eaGJd7VYbeMr2TenvKYa-MBJj8BqcAUWrixup7YKQSXfxNc4KKG-ljISzC1kMwlZKlCq2cz5fXeqRFhaL5h6Nsb8uMwgUs_udd11bbjTlxZlZXv6vMSbxxK_oNoP7W-va2vZDXuekKz7VddCcWI61LPlhzZFByH9ZcV7CVuaDfP3KAxt0U_fudrhFogFmloFRy7nXw0.xbzswctwH5LbAohEiKHW7L4EEa_33I1lkV8_MAllMlk&dib_tag=se&keywords=monitor&qid=1737385638&sr=8-65,2025-01-20 16:07:19,Yodoit,15.6 Inches,FHD 1080p,16:9,Glossy
"ZZA 34"" UltraWide Curved QHD Monitor - Immersive Gaming Experience with 165Hz Refresh Rate, VA Panel, and AMD FreeSync Premium | HDR10 | 99% sRGB | 3440x1440",$199.99,No promotion,No coupon,https://www.amazon.com/ZZA-UltraWide-Curved-QHD-Monitor/dp/B0DM1F3BBM/ref=sr_1_66?dib=eyJ2IjoiMSJ9._T7iMDY-0s11wQxbDtmxCINopi1M_aGRUue7eaGJd7VYbeMr2TenvKYa-MBJj8BqcAUWrixup7YKQSXfxNc4KKG-ljISzC1kMwlZKlCq2cz5fXeqRFhaL5h6Nsb8uMwgUs_udd11bbjTlxZlZXv6vMSbxxK_oNoP7W-va2vZDXuekKz7VddCcWI61LPlhzZFByH9ZcV7CVuaDfP3KAxt0U_fudrhFogFmloFRy7nXw0.xbzswctwH5LbAohEiKHW7L4EEa_33I1lkV8_MAllMlk&dib_tag=se&keywords=monitor&qid=1737385638&sr=8-66,2025-01-20 16:07:19,ZZA,34,4K UHD 1600p Ultra Wide,4:3,Matte
"KTC 27 Inch Gaming Monitor 180Hz, Full HD 1920x1080 Fast IPS Computer Monitor, DP 1.4 & HDMI 2.0 Ports 1Ms FreeSync Frameless PC Gamer Monitor, HDR, VESA Mount, H27F22",$129.99,"Tue, Feb 4",$15.00 off coupon applied,https://www.amazon.com/KTC-1920x1080-Computer-Frameless-H27F22/dp/B0DKJVBWZ4/ref=sr_1_67?dib=eyJ2IjoiMSJ9._T7iMDY-0s11wQxbDtmxCINopi1M_aGRUue7eaGJd7VYbeMr2TenvKYa-MBJj8BqcAUWrixup7YKQSXfxNc4KKG-ljISzC1kMwlZKlCq2cz5fXeqRFhaL5h6Nsb8uMwgUs_udd11bbjTlxZlZXv6vMSbxxK_oNoP7W-va2vZDXuekKz7VddCcWI61LPlhzZFByH9ZcV7CVuaDfP3KAxt0U_fudrhFogFmloFRy7nXw0.xbzswctwH5LbAohEiKHW7L4EEa_33I1lkV8_MAllMlk&dib_tag=se&keywords=monitor&qid=1737385638&sr=8-67,2025-01-20 16:07:19,KTC,27 Inches,FHD 1080p,16:9,Matte
"MSI PRO MP2412W 24-inch VA 1920 x 1080 (FHD) Computer Monitor, 100Hz, Free-Synch, HDMI, DisplayPort, VESA Mountable, Tilt, 1ms, White",$91.38,"Thu, Jan 30",No coupon,https://www.amazon.com/MSI-PRO-MP2412W-Free-Synch-DisplayPort/dp/B0DC85VZPX/ref=sr_1_68?dib=eyJ2IjoiMSJ9._T7iMDY-0s11wQxbDtmxCINopi1M_aGRUue7eaGJd7VYbeMr2TenvKYa-MBJj8BqcAUWrixup7YKQSXfxNc4KKG-ljISzC1kMwlZKlCq2cz5fXeqRFhaL5h6Nsb8uMwgUs_udd11bbjTlxZlZXv6vMSbxxK_oNoP7W-va2vZDXuekKz7VddCcWI61LPlhzZFByH9ZcV7CVuaDfP3KAxt0U_fudrhFogFmloFRy7nXw0.xbzswctwH5LbAohEiKHW7L4EEa_33I1lkV8_MAllMlk&dib_tag=se&keywords=monitor&qid=1737385638&sr=8-68,2025-01-20 16:07:19,MSI,24,FHD 1080p,16:9,Matte
"SANSUI Monitor 22 inch IPS Panel 1080p FHD 75Hz Computer Monitor with HDMI VGA, Ultra-Slim Bezel Ergonomic Tilt Eye Care LED Display for Home Office (ES-22F1 HDMI Cable Included)",$76.99,"Mon, Feb 3",$10.00 off coupon applied,https://www.amazon.com/sspa/click?ie=UTF8&spc=MTo4NzA4MzYwNTYwNTQ5ODM4OjE3MzczODU2Mzg6c3BfYnRmOjMwMDU5MTg2MDAwNzUwMjo6MDo6&url=%2FSANSUI-Computer-Ultra-Slim-Ergonomic-ES-22F1%2Fdp%2FB0B49JWRBZ%2Fref%3Dsr_1_69_sspa%3Fdib%3DeyJ2IjoiMSJ9._T7iMDY-0s11wQxbDtmxCINopi1M_aGRUue7eaGJd7VYbeMr2TenvKYa-MBJj8BqcAUWrixup7YKQSXfxNc4KKG-ljISzC1kMwlZKlCq2cz5fXeqRFhaL5h6Nsb8uMwgUs_udd11bbjTlxZlZXv6vMSbxxK_oNoP7W-va2vZDXuekKz7VddCcWI61LPlhzZFByH9ZcV7CVuaDfP3KAxt0U_fudrhFogFmloFRy7nXw0.xbzswctwH5LbAohEiKHW7L4EEa_33I1lkV8_MAllMlk%26dib_tag%3Dse%26keywords%3Dmonitor%26qid%3D1737385638%26sr%3D8-69-spons%26sp_csd%3Dd2lkZ2V0TmFtZT1zcF9idGY%26psc%3D1,2025-01-20 16:07:19,SANSUI,22 Inches,FHD 1080p,16:9,Matte
"SANSUI Monitor 24 inch 100Hz IPS 1080P Computer Monitor HDMI VGA HDR Tilt Adjustable/VESA Compatible, for Game and Office (ES-24X3AL HDMI Cable Included)",$79.99,"Tue, Feb 4",10% off coupon applied,https://www.amazon.com/sspa/click?ie=UTF8&spc=MTo4NzA4MzYwNTYwNTQ5ODM4OjE3MzczODU2Mzg6c3BfYnRmOjMwMDU5NDA2MTQxMzQwMjo6MDo6&url=%2FSANSUI-Computer-Adjustable-Compatible-ES-24X3AL%2Fdp%2FB0CRH7YY7G%2Fref%3Dsr_1_70_sspa%3Fdib%3DeyJ2IjoiMSJ9._T7iMDY-0s11wQxbDtmxCINopi1M_aGRUue7eaGJd7VYbeMr2TenvKYa-MBJj8BqcAUWrixup7YKQSXfxNc4KKG-ljISzC1kMwlZKlCq2cz5fXeqRFhaL5h6Nsb8uMwgUs_udd11bbjTlxZlZXv6vMSbxxK_oNoP7W-va2vZDXuekKz7VddCcWI61LPlhzZFByH9ZcV7CVuaDfP3KAxt0U_fudrhFogFmloFRy7nXw0.xbzswctwH5LbAohEiKHW7L4EEa_33I1lkV8_MAllMlk%26dib_tag%3Dse%26keywords%3Dmonitor%26qid%3D1737385638%26sr%3D8-70-spons%26sp_csd%3Dd2lkZ2V0TmFtZT1zcF9idGY%26psc%3D1,2025-01-20 16:07:19,SANSUI,23.8 Inches,FHD 1080p,16:9,Matte
