title,price,image_url,product_url,Brand,Aspect Ratio,ASIN,Standing screen display size,Country of Origin,Item Weight,Series,Item Dimensions  LxWxH,Item model number,Screen Resolution,Package Weight,Screen Size,Batteries required,Product Dimensions,Screen Surface Description,Is Discontinued By Manufacturer,Item dimensions L x W x H,Resolution,Date First Available,Manufacturer,Max Screen Resolution,Color,Image brightness,Total Usb Ports,Voltage
"21.5 Inch Monitor, Full HD 1080p Computer Monitor with VGA & HDMI Ports, 75Hz ...",MAD 1286,https://d3ulwu8fab47va.cloudfront.net/skin/frontend/default/ubuycom/images/loading.gif,https://www.ubuy.ma/en/product/4KGGXKEM4-feihe-1920-x-1080p-computer-monitor-21-5-inch-monitor-with-75hz-refresh-rate-5s-response-time-built-in-dual-speakers-computer-screen-with,ADPOP,16:9,B0DHVQ8DQN,27 Inches (68.6 cm),China,10.08 pounds (4.57 kg),,,BM27TM-ADPOP,,,27 Inches (68.6 cm),,10 x 2 x 12 inches (25.4 x 5.1 x 30.5 cm),Glossy,,,1920 x 1080 Pixels,"September 24, 2024",ADPOP,,,,,
"21.5 Inch Monitor, Full HD 1080p Computer Monitor with VGA & HDMI Ports, 75Hz ...",MAD 1286,https://d3ulwu8fab47va.cloudfront.net/skin/frontend/default/ubuycom/images/loading.gif,https://www.ubuy.ma/en/product/8ROV6862U-feihe-17-inch-computer-monitor-fhd-1920x1200-led-monitor-with-hdmi-vga-build-in-speakers-60hz-refresh-rate-vesa-mounting,ADPOP,16:9,B0DHVQ8DQN,27 Inches (68.6 cm),China,10.08 pounds (4.57 kg),,,BM27TM-ADPOP,,,27 Inches (68.6 cm),,10 x 2 x 12 inches (25.4 x 5.1 x 30.5 cm),Glossy,,,1920 x 1080 Pixels,"September 24, 2024",ADPOP,,,,,
"24 Inch Monitor IPS Screen FHD 1080p Computer PC Monitor 75hz Flicker Free, 5ms Low ...",MAD 1054,https://d3ulwu8fab47va.cloudfront.net/skin/frontend/default/ubuycom/images/loading.gif,https://www.ubuy.ma/en/product/MKTIJPZX8-24-inch-monitor-ips-screen-fhd-1080p-computer-pc-monitor-75hz-flicker-free-5ms-low-blue-light-anti-glare-led-24-desktop-display,,,,,,,,,,,,,,,,,,,,,,,,,
"24 Inch Monitor 75Hz FHD IPS Computer Screen 1080P PC Monitor, 5msGTG 99% sRGB Low ...",MAD 1067,https://d3ulwu8fab47va.cloudfront.net/skin/frontend/default/ubuycom/images/loading.gif,https://www.ubuy.ma/en/product/MW0PX2WO0-24-inch-monitor-75hz-fhd-ips-computer-screen-1080p-pc-monitor-5ms-gtg-99-srgb-low-blue-light-anti-glare-led-desktop-display,Showscren,16:9,B0D295T94W,15.6 Inches (39.6 cm),China,3.67 pounds (1.66 kg),,,Computer Monitor,,,15.6 Inches (39.6 cm),,1.38 x 14.96 x 9.45 inches (3.5 x 38 x 24 cm),霧面,,,1920 x 1080,"May 30, 2024","Shenzhen Kenowa Electronics Co., LTD",,,300 Lux,,
27 Inch Monitor FHD 1080p 75Hz Gaming Monitor Home Office PC Monitor IPS Panel ...,MAD 1286,https://d3ulwu8fab47va.cloudfront.net/skin/frontend/default/ubuycom/images/loading.gif,https://www.ubuy.ma/en/product/MKTIJPZV4-27-inch-monitor-fhd-1080p-75hz-gaming-monitor-home-office-pc-monitor-ips-panel-computer-display-hdmi-vga-flicker-free-flicker-free-blue-light,Showscren,16:9,B0D295T94W,15.6 Inches (39.6 cm),China,3.67 pounds (1.66 kg),,,Computer Monitor,,,15.6 Inches (39.6 cm),,1.38 x 14.96 x 9.45 inches (3.5 x 38 x 24 cm),霧面,,,1920 x 1080,"May 30, 2024","Shenzhen Kenowa Electronics Co., LTD",,,300 Lux,,
"27 inch Curved Gaming Monitor, 144hz/180hz PC Monitor FHD 1080P VA Screen 1800R ...",MAD 1833,https://d3ulwu8fab47va.cloudfront.net/skin/frontend/default/ubuycom/images/loading.gif,https://www.ubuy.ma/en/product/IQDU0DOMS-zer-lon-27-inch-gaming-monitor-full-hd-1920-x-1080p-computer-monitor-180hz-1ms-1800r-va-curved-monitors-with-dp1-4-hdmi1-4-eye-care-frameless-100-x,Showscren,16:9,B0D295T94W,15.6 Inches (39.6 cm),China,3.67 pounds (1.66 kg),,,Computer Monitor,,,15.6 Inches (39.6 cm),,1.38 x 14.96 x 9.45 inches (3.5 x 38 x 24 cm),霧面,,,1920 x 1080,"May 30, 2024","Shenzhen Kenowa Electronics Co., LTD",,,300 Lux,,
PC Monitor 15.6 Inch Touchscreen Portable Monitor HDR 1920x1080 100% sRGB ...,"MAD 1420                                                                        
                                                                            1546",https://d3ulwu8fab47va.cloudfront.net/skin/frontend/default/ubuycom/images/loading.gif,https://www.ubuy.ma/en/product/JN2FYD7C8-showscren-pc-monitor-15-6-inch-touchscreen-portable-monitor-hdr-1920x1080-100-srgb-hdmi-usb-c-ips-desktop-monitor-with-speakers-for,Showscren,16:9,B0D295T94W,15.6 Inches (39.6 cm),China,3.67 pounds (1.66 kg),,,Computer Monitor,,,15.6 Inches (39.6 cm),,1.38 x 14.96 x 9.45 inches (3.5 x 38 x 24 cm),霧面,,,1920 x 1080,"May 30, 2024","Shenzhen Kenowa Electronics Co., LTD",,,300 Lux,,
Computer Monitor 14 Inch Touchscreen Portable Monitor FHD HDR 1080P 100% sRGB Small ...,MAD 1423,https://d3ulwu8fab47va.cloudfront.net/skin/frontend/default/ubuycom/images/loading.gif,https://www.ubuy.ma/en/product/JMM4GKDZU-showscren-pc-monitor-14-inch-touchscreen-portable-monitor-fhd-hdr-1080p-99-srgb-desktop-monitor-with-hdmi-usb-c-port-multifunctional-stand-built-in,,,,,,,,,,,,,,,,,,,,,,,,,
KOORUI Monitor 22 Inch Computer Monitor FHD 1080P 75Hz PC Monitor VA Panel 30001 ...,"MAD 1013                                                                        
                                                                            1559",https://d3ulwu8fab47va.cloudfront.net/skin/frontend/default/ubuycom/images/loading.gif,https://www.ubuy.ma/en/product/4QZHV5E5S-koorui-27-inch-fhd-monitor-computer-monitor-ips-panel-1080p-75hz-hdmi-vga-99-srgb-5ms-response-eye-care-virtually-borderless-design-display,,,,,,,,,,,,,,,,,,,,,,,,,
KOORUI Monitor 22 Inch Computer Monitor FHD 1080P 75Hz PC Monitor VA Panel 30001 ...,"MAD 1013                                                                        
                                                                            1559",https://d3ulwu8fab47va.cloudfront.net/skin/frontend/default/ubuycom/images/loading.gif,https://www.ubuy.ma/en/product/5AU0EA3TC-koorui-27-inch-fhd-monitor-computer-monitor-ips-panel-1080p-75hz-hdmi-vga-99-srgb-5ms-response-eye-care-virtually-borderless-design-display,,,,,,,,,,,,,,,,,,,,,,,,,
KOORUI Monitor 22 Inch Computer Monitor FHD 1080P 75Hz PC Monitor VA Panel 30001 ...,"MAD 1013                                                                        
                                                                            1559",https://d3ulwu8fab47va.cloudfront.net/skin/frontend/default/ubuycom/images/loading.gif,https://www.ubuy.ma/en/product/JS6O5AEJO-koorui-24-inch-computer-monitor-full-hd-1920-x-1080p-va-display-75hz-3000-1-contrast-ratio-with-hdmi-vga-frameless-75-x-75-mm-vesa-mountable,,,,,,,,,,,,,,,,,,,,,,,,,
KOORUI Monitor 22 Inch Computer Monitor FHD 1080P 75Hz PC Monitor VA Panel 30001 ...,"MAD 1013                                                                        
                                                                            1559",https://d3ulwu8fab47va.cloudfront.net/skin/frontend/default/ubuycom/images/loading.gif,https://www.ubuy.ma/en/product/EQJSF6AY8-koorui-22-inch-computer-gaming-monitor-fhd-1080p-desktop-display-with-2-speakers-100hz-ultra-thin-bezel-eye-care-ergonomic-tilt-hdmi-vga-ports-led,,,,,,,,,,,,,,,,,,,,,,,,,
KOORUI Monitor 22 Inch Computer Monitor FHD 1080P 75Hz PC Monitor VA Panel 30001 ...,"MAD 1013                                                                        
                                                                            1559",https://d3ulwu8fab47va.cloudfront.net/skin/frontend/default/ubuycom/images/loading.gif,https://www.ubuy.ma/en/product/BI8IRXA6S-koorui-24-full-hd-ips-monitor-computer-monitors-75hz-5ms-1080p-3-sided-frameless-ultra-slim-design-hdmi-vga-vesa-compatible-eye,SANSUI,16:9,,‎22 Inches,‎China,‎6.78 pounds,‎ES-22X3,‎6.8 x 19.39 x 14.14 inches,‎EEMONITORIPS1K75HZ22V4,‎1920x1080,,22 Inches (55.9 cm),,‎6.8 x 19.39 x 14.14 inches,Glossy,,,2K DCI 1080p,2024-02-02 20:27:49,‎SANSUI,‎1920 x 1080,‎Black,,,
"Dell 27 inch Monitor, P2722H Full HD 1080p Computer Monitor, Anti Glare 169 IPS ...",MAD 3732,https://d3ulwu8fab47va.cloudfront.net/skin/frontend/default/ubuycom/images/loading.gif,https://www.ubuy.ma/en/product/FSVXWOZ20-dell-27-inch-monitor-p2722h-full-hd-1080p-computer-monitor-anti-glare-16-9-ips-computer-screen-lcd-60hz-monitor-with-slim-design-for-home-and,SANSUI,16:9,,‎22 Inches,‎China,‎6.78 pounds,‎ES-22X3,‎6.8 x 19.39 x 14.14 inches,‎EEMONITORIPS1K75HZ22V4,‎1920x1080,,22 Inches (55.9 cm),,‎6.8 x 19.39 x 14.14 inches,Glossy,,,2K DCI 1080p,2024-02-02 20:27:49,‎SANSUI,‎1920 x 1080,‎Black,,,
"STGAubron 24 Inch Gaming Computer Monitor, FHD 1920 x 1080P Office PC LED Display, ...",MAD 1423,https://d3ulwu8fab47va.cloudfront.net/skin/frontend/default/ubuycom/images/loading.gif,https://www.ubuy.ma/en/product/CDCNMZESO-stgaubron-24-inch-gaming-computer-monitor-fhd-1920-x-1080p-office-pc-led-display-99-srgb-hdmi-vga-vesa-ergonomic-tilt-adjustment,SANSUI,16:9,,‎22 Inches,‎China,‎6.78 pounds,‎ES-22X3,‎6.8 x 19.39 x 14.14 inches,‎EEMONITORIPS1K75HZ22V4,‎1920x1080,,22 Inches (55.9 cm),,‎6.8 x 19.39 x 14.14 inches,Glossy,,,2K DCI 1080p,2024-02-02 20:27:49,‎SANSUI,‎1920 x 1080,‎Black,,,
LYMAX Computer Monitor Led Lights PC Monitor LED Bar Eye Caring Monitor Led Lights ...,"MAD 548                                                                        
                                                                            740",https://d3ulwu8fab47va.cloudfront.net/skin/frontend/default/ubuycom/images/loading.gif,https://www.ubuy.ma/en/product/4LMKEZ7WQ-raone-monitor-light-bar-flat-curved-monitor-screen-led-lights-eye-caring-pc-monitor-led-bar-space-saving-desk-lamp-with-auto-dimming-for,SANSUI,16:9,,‎22 Inches,‎China,‎6.78 pounds,‎ES-22X3,‎6.8 x 19.39 x 14.14 inches,‎EEMONITORIPS1K75HZ22V4,‎1920x1080,,22 Inches (55.9 cm),,‎6.8 x 19.39 x 14.14 inches,Glossy,,,2K DCI 1080p,2024-02-02 20:27:49,‎SANSUI,‎1920 x 1080,‎Black,,,
"24 Inch QHD Computer Monitor,1440P Ultrawide LED Monitor,75Hz IPS Display with ...",MAD 1956,https://d3ulwu8fab47va.cloudfront.net/skin/frontend/default/ubuycom/images/loading.gif,https://www.ubuy.ma/en/product/FBJF50WUY-luckyfive-27-inch-2560-x-1440-165hz-hdr-gaming-monitor-with-built-in-speakers-vesa-mountable-tilt-adjustment-supports-hdmi-and-dp,CRUA,16:9,B0B17J144M,23.8 Inches (60.5 cm),,8.13 pounds (3.69 kg),,,CR240CM,,21 Pound,23.8 Inches (60.5 cm),,0.39 x 21.06 x 12.8 inches (1 x 53.5 x 32.5 cm),Curved,No,,1920 x 1080 Pixels,"May 13, 2022",CRUA,,,250 Candela,,120 Volts (AC)
"CRUA 24"" Curved Monitor, FHD1920 1080P 100HZ, 99% sRGB Color Gamut Computer ...","MAD 1149                                                                        
                                                                            1696",https://d3ulwu8fab47va.cloudfront.net/skin/frontend/default/ubuycom/images/loading.gif,https://www.ubuy.ma/en/product/54BAZ1EBQ-crua-24-inch-curved-gaming-monitor-fhd-1920-1080p-75hz-led-ultra-thin-pc-computer-monitor-for-home-office-frameless-with,CRUA,16:9,B0B17J144M,23.8 Inches (60.5 cm),,8.13 pounds (3.69 kg),,,CR240CM,,21 Pound,23.8 Inches (60.5 cm),,0.39 x 21.06 x 12.8 inches (1 x 53.5 x 32.5 cm),Curved,No,,1920 x 1080 Pixels,"May 13, 2022",CRUA,,,250 Candela,,120 Volts (AC)
"SANSUI Computer Monitor 22 inch Monitor IPS FHD 1080P PC Monitor 75Hz, Monitors ...",MAD 999,https://d3ulwu8fab47va.cloudfront.net/skin/frontend/default/ubuycom/images/loading.gif,https://www.ubuy.ma/en/product/IKERR1IMC-sansui-monitor-22-inch-ips-75hz-fhd-1080p-hdmi-vga-ports-computer-monitor-ultra-thin-tilt-adjustable-vesa-mount-with-178-wide-viewing-angle,CRUA,16:9,B0B17J144M,23.8 Inches (60.5 cm),,8.13 pounds (3.69 kg),,,CR240CM,,21 Pound,23.8 Inches (60.5 cm),,0.39 x 21.06 x 12.8 inches (1 x 53.5 x 32.5 cm),Curved,No,,1920 x 1080 Pixels,"May 13, 2022",CRUA,,,250 Candela,,120 Volts (AC)
"Touchscreen Portable Monitor, 15.6 Inch Small PC Monitor with HDMI USB C, IPS ...",MAD 1423,https://d3ulwu8fab47va.cloudfront.net/skin/frontend/default/ubuycom/images/loading.gif,https://www.ubuy.ma/en/product/JMCMOB6QC-touchscreen-portable-monitor-15-6-inch-small-pc-monitor-with-hdmi-usb-c-ips-screen-hdr-400cd-m-fhd-1080p-99-srgb-led-monitor-for-laptop-mac,CRUA,16:9,B0B17J144M,23.8 Inches (60.5 cm),,8.13 pounds (3.69 kg),,,CR240CM,,21 Pound,23.8 Inches (60.5 cm),,0.39 x 21.06 x 12.8 inches (1 x 53.5 x 32.5 cm),Curved,No,,1920 x 1080 Pixels,"May 13, 2022",CRUA,,,250 Candela,,120 Volts (AC)
"KTC 27 Inch QHD Computer Monitor, 2K 100Hz IPS Gaming Monitor, 1440P Frameless Eye ...","MAD 1559                                                                        
                                                                            1969",https://d3ulwu8fab47va.cloudfront.net/skin/frontend/default/ubuycom/images/loading.gif,https://www.ubuy.ma/en/product/LTCCCQGH6-ktc-27-inch-qhd-computer-monitor-2k-100hz-ips-gaming-monitor-1440p-frameless-eye-care-pc-office-monitor-with-hdmi-dp-freesync-g-sync-hdr10,,,,,,,,,,,,,,,,,,,,,,,,,
"Touchscreen Monitor 27 Inch 2K 100Hz Gaming Monitor, QHD 2560x1440 IPS PC Monitor, ...",MAD 4429,https://d3ulwu8fab47va.cloudfront.net/skin/frontend/default/ubuycom/images/loading.gif,https://www.ubuy.ma/en/product/MX7RT2XW0-touchscreen-monitor-27-inch-2k-100hz-gaming-monitor-qhd-2560x1440-ips-pc-monitor,luckyfive,16:9,B0D9B4185H,27 Inches (68.6 cm),China,10.9 pounds (4.94 kg),,,M-27LKF1Q165,,,27 Inches (68.6 cm),,5.12 x 26.97 x 17.52 inches (13 x 68.5 x 44.5 cm),有光澤,,,1920 x 1080,"July 12, 2024",luckyfive,,,,1,
Touchscreen Monitor 21.5 Inch Full HD 1920x1080P 10-Point Multi Touch Screen PC ...,MAD 2516,https://d3ulwu8fab47va.cloudfront.net/skin/frontend/default/ubuycom/images/loading.gif,https://www.ubuy.ma/en/product/LSG07X7FE-touchscreen-monitor-21-5-inch-full-hd-1920x1080p-10-point-multi-touch-screen-pc-monitor-with-hdmi-vga-usb-port-built-in-speakers,luckyfive,16:9,B0D9B4185H,27 Inches (68.6 cm),China,10.9 pounds (4.94 kg),,,M-27LKF1Q165,,,27 Inches (68.6 cm),,5.12 x 26.97 x 17.52 inches (13 x 68.5 x 44.5 cm),有光澤,,,1920 x 1080,"July 12, 2024",luckyfive,,,,1,
Touchscreen Monitor 21.5 Inch Full HD 1920x1080P 10-Point Multi Touch Screen PC ...,MAD 2516,https://d3ulwu8fab47va.cloudfront.net/skin/frontend/default/ubuycom/images/loading.gif,https://www.ubuy.ma/en/product/4JOUW4488-computer-monitor-pisichen-22-inch-pc-monitor-hd-1600x1050-gaming-monitor-with-hdmi-vga-interface-5ms-75hz-brightness-250-cd-m-computer,luckyfive,16:9,B0D9B4185H,27 Inches (68.6 cm),China,10.9 pounds (4.94 kg),,,M-27LKF1Q165,,,27 Inches (68.6 cm),,5.12 x 26.97 x 17.52 inches (13 x 68.5 x 44.5 cm),有光澤,,,1920 x 1080,"July 12, 2024",luckyfive,,,,1,
Touchscreen Monitor 21.5 Inch Full HD 1920x1080P 10-Point Multi Touch Screen PC ...,MAD 2516,https://d3ulwu8fab47va.cloudfront.net/skin/frontend/default/ubuycom/images/loading.gif,https://www.ubuy.ma/en/product/IQ0YGDJ2I-pisichen-touchscreen-monitor-21-5-inch-full-hd-1920x1080p-10-point-multi-touch-screen-pc-monitor-with-hdmi-vga-usb-port-built-in-speakers,luckyfive,16:9,B0D9B4185H,27 Inches (68.6 cm),China,10.9 pounds (4.94 kg),,,M-27LKF1Q165,,,27 Inches (68.6 cm),,5.12 x 26.97 x 17.52 inches (13 x 68.5 x 44.5 cm),有光澤,,,1920 x 1080,"July 12, 2024",luckyfive,,,,1,
"Dell 24 inch Monitor, P2422H Full HD 1080p Computer Monitor, Anti Glare 169 IPS ...",MAD 3131,https://d3ulwu8fab47va.cloudfront.net/skin/frontend/default/ubuycom/images/loading.gif,https://www.ubuy.ma/en/product/G6LAOBGJG-dell-24-inch-monitor-p2422h-full-hd-1080p-computer-monitor-anti-glare-16-9-ips-computer-screen-lcd-60hz-monitor-with-slim-design-for-home-and,Gawfolk,16:9,B0CNGW5P7Z,32 Inches (81.3 cm),,14.96 pounds (6.79 kg),,,GF320E,,,32 Inches (81.3 cm),,0.5 x 27.8 x 20 inches (1.3 x 70.6 x 50.8 cm),Matte,No,,2560 x 1440 Pixels,"November 16, 2023",Gawfolk,,,220 Candela,,12 Volts
"24 Inch QHD Computer Monitor,1440P Ultrawide LED Monitor,75Hz IPS Display with ...",MAD 1956,https://d3ulwu8fab47va.cloudfront.net/skin/frontend/default/ubuycom/images/loading.gif,https://www.ubuy.ma/en/product/FBJ81TCNK-luckyfive-27-inch-2k-165hz-curved-gaming-monitor-with-built-in-speakers-1ms-response-time-wide-viewing-angle-vesa-mountable-support-hdmi-and,Gawfolk,16:9,B0CNGW5P7Z,32 Inches (81.3 cm),,14.96 pounds (6.79 kg),,,GF320E,,,32 Inches (81.3 cm),,0.5 x 27.8 x 20 inches (1.3 x 70.6 x 50.8 cm),Matte,No,,2560 x 1440 Pixels,"November 16, 2023",Gawfolk,,,220 Candela,,12 Volts
"CRUA 24 Inch Curved Monitor, FHD1920 1080P 100HZ 99% sRGB Computer Monitors, Narrow ...","MAD 1277                                                                        
                                                                            1505",https://d3ulwu8fab47va.cloudfront.net/skin/frontend/default/ubuycom/images/loading.gif,https://www.ubuy.ma/en/product/FLX8LQE72-crua-24-inch-curved-monitor-fhd-1920-1080p-75hz-99-srgb-computer-monitor-led-filter-blue-light-178-wide-viewing-angle-pc-monitors-for-home,Gawfolk,16:9,B0CNGW5P7Z,32 Inches (81.3 cm),,14.96 pounds (6.79 kg),,,GF320E,,,32 Inches (81.3 cm),,0.5 x 27.8 x 20 inches (1.3 x 70.6 x 50.8 cm),Matte,No,,2560 x 1440 Pixels,"November 16, 2023",Gawfolk,,,220 Candela,,12 Volts
KOORUI 24-inch Computer Monitor Full HD 1920 x 1080p 75Hz VA Display 30001 Contrast ...,"MAD 1559                                                                        
                                                                            2120",https://d3ulwu8fab47va.cloudfront.net/skin/frontend/default/ubuycom/images/loading.gif,https://www.ubuy.ma/en/product/4SI7XHRB2-koorui-24-inch-business-computer-monitor-full-hd-1920-x-1080p-va-display-75hz-3000-1-contrast-ratio-with-hdmi-vga-frameless-75-x-75-mm-vesa,Gawfolk,16:9,B0CNGW5P7Z,32 Inches (81.3 cm),,14.96 pounds (6.79 kg),,,GF320E,,,32 Inches (81.3 cm),,0.5 x 27.8 x 20 inches (1.3 x 70.6 x 50.8 cm),Matte,No,,2560 x 1440 Pixels,"November 16, 2023",Gawfolk,,,220 Candela,,12 Volts
Monitor 32 inch Computer Monitor QHD 2560 x 1440 2K 1500R Curved Computer Monitors ...,"MAD 2243                                                                        
                                                                            2762",https://d3ulwu8fab47va.cloudfront.net/skin/frontend/default/ubuycom/images/loading.gif,https://www.ubuy.ma/en/product/IEIA4O3JS-gawfolk-32-inch-computer-monitor-qhd-2560x1440p-2k-75hz-curved-monitor-va-display-hdmi-x-1-dp-port-x1-audio-port-office-monitor-with-low-blue,Gawfolk,16:9,B0CNGW5P7Z,32 Inches (81.3 cm),,14.96 pounds (6.79 kg),,,GF320E,,,32 Inches (81.3 cm),,0.5 x 27.8 x 20 inches (1.3 x 70.6 x 50.8 cm),Matte,No,,2560 x 1440 Pixels,"November 16, 2023",Gawfolk,,,220 Candela,,12 Volts
"23.8 Inch PC Gaming Monitor QHD 2560x1440 2K 100Hz, 2ms, Built-in Speakers, HDR, ...","MAD 1559                                                                        
                                                                            1653",https://d3ulwu8fab47va.cloudfront.net/skin/frontend/default/ubuycom/images/loading.gif,https://www.ubuy.ma/en/product/8XWFCJWRG-prechen-27-computer-monitor-business-monitor-3-sided-frameless-ips-screen-fhd-1920x1080-led-desktop-monitor-with-hdmi-vga-interface,Prechen,16:9,B0DDSZF9H6,23.8 Inches (60.5 cm),China,10.08 pounds (4.57 kg),,,HD-238,,,23.8 Inches (60.5 cm),,0.59 x 20.8 x 12.9 inches (1.5 x 52.8 x 32.8 cm),Matte,,,2560 x 1440,"August 21, 2024","Shenzhen Kenowa Electronics Co., LTD",,,,,
"24.5 Inch Gaming Monitor 180Hz, Fast IPS FHD 1080P Computer Monitor, 1ms, Adaptive ...","MAD 1423                                                                        
                                                                            1559",https://d3ulwu8fab47va.cloudfront.net/skin/frontend/default/ubuycom/images/loading.gif,https://www.ubuy.ma/en/product/M0ODDYSY0-24-5-inch-gaming-monitor-180hz-fast-ips-fhd-1080p-computer-monitor-1ms-adaptive-sync-hdr10-118-srgb-frameless-hdmi-2-0-displayport-1-4-vesa,Prechen,16:9,B0DDSZF9H6,23.8 Inches (60.5 cm),China,10.08 pounds (4.57 kg),,,HD-238,,,23.8 Inches (60.5 cm),,0.59 x 20.8 x 12.9 inches (1.5 x 52.8 x 32.8 cm),Matte,,,2560 x 1440,"August 21, 2024","Shenzhen Kenowa Electronics Co., LTD",,,,,
"20"" PC Monitor 169 1600x900 Kitchen Monitor, LED Monitor Build in Speaker, 5Ms, 60 ...",MAD 1340,https://d3ulwu8fab47va.cloudfront.net/skin/frontend/default/ubuycom/images/loading.gif,https://www.ubuy.ma/en/product/4RLDNUGMW-thinlerain-20-inch-pc-monitor-16-9-1600x900-kitchen-monitor-cctv-monitor-build-in-speaker-5ms-60-hz-vesa-mountable-with-vga-hdmi-av-bnc-usb,Prechen,16:9,B0DDSZF9H6,23.8 Inches (60.5 cm),China,10.08 pounds (4.57 kg),,,HD-238,,,23.8 Inches (60.5 cm),,0.59 x 20.8 x 12.9 inches (1.5 x 52.8 x 32.8 cm),Matte,,,2560 x 1440,"August 21, 2024","Shenzhen Kenowa Electronics Co., LTD",,,,,
14'' 4K UHD IPS 3840x1100 Stretched Bar Touch Screen Display Monitor for Laptop ...,MAD 3472,https://d3ulwu8fab47va.cloudfront.net/skin/frontend/default/ubuycom/images/loading.gif,https://www.ubuy.ma/en/product/8RBB2FPAG-wisecoco-14-inch-uhd-ips-3840x1100-touch-screen-stretched-bar-lcd-monitor-mini-hdmi-lcd-display-for-cellphone-laptop-tv-xbox-game-ps3-4-5-os-windows,Prechen,16:9,B0DDSZF9H6,23.8 Inches (60.5 cm),China,10.08 pounds (4.57 kg),,,HD-238,,,23.8 Inches (60.5 cm),,0.59 x 20.8 x 12.9 inches (1.5 x 52.8 x 32.8 cm),Matte,,,2560 x 1440,"August 21, 2024","Shenzhen Kenowa Electronics Co., LTD",,,,,
"23.8 Inch PC Gaming Monitor QHD 2560x1440 2K 100Hz, 2ms, Built-in Speakers, HDR, ...","MAD 1423                                                                        
                                                                            1653",https://d3ulwu8fab47va.cloudfront.net/skin/frontend/default/ubuycom/images/loading.gif,https://www.ubuy.ma/en/product/MEAR59BBI-23-8-inch-pc-gaming-monitor-qhd-2560x1440-2k-100hz-2ms-built-in-speakers-hdr-99-srgb-ips-led-computer-screen-with-hdmi-dp-ports-amd-freesync,,,,,,,,,,,,,,,,,,,,,,,,,
Acer 23.8  Full HD 1920 x 1080 IPS Zero Frame Home Office Computer Monitor - 178  ...,MAD 2502,https://d3ulwu8fab47va.cloudfront.net/skin/frontend/default/ubuycom/images/loading.gif,https://www.ubuy.ma/en/product/BM64C8848-acer-23-8-full-hd-1920-x-1080-ips-zero-frame-home-office-computer-monitor-178-wide-view-angle-tilt-compatible-hdmi-vga-port,ZZA,4:3,B0DM1F3BBM,34,China,15.92 pounds (7.22 kg),,,Z34G,,,34,,36 x 17 x 6 inches (91.4 x 43.2 x 15.2 cm),Matte,,,3440 x 1440 Pixels,"November 5, 2024","Jetta (Shenzhen) E-commerce Co.., Ltd.",,,,,
"SPEKZ 24 Inch Computer Monitor, FHD PC Monitors 1920 x 1080p IPS Display 75Hz, ...",MAD 1013,https://d3ulwu8fab47va.cloudfront.net/skin/frontend/default/ubuycom/images/loading.gif,https://www.ubuy.ma/en/product/7ZMJONGKS-spekz-24-professional-thin-75hz-1080-led-monitor-hdmi-vga-build-in-speakers-abyss-black-em-024,ZZA,4:3,B0DM1F3BBM,34,China,15.92 pounds (7.22 kg),,,Z34G,,,34,,36 x 17 x 6 inches (91.4 x 43.2 x 15.2 cm),Matte,,,3440 x 1440 Pixels,"November 5, 2024","Jetta (Shenzhen) E-commerce Co.., Ltd.",,,,,
ZZA Gaming Monitor 27 Inch Curved 180Hz| 165Hz|144Hz|1ms| Computer Monitor ...,"MAD 1969                                                                        
                                                                            2243",https://d3ulwu8fab47va.cloudfront.net/skin/frontend/default/ubuycom/images/loading.gif,https://www.ubuy.ma/en/product/MQT30C38E-zza-34-inch-curved-gaming-monitor-freesync-g-sync-hdr10-122-srgb-dp-hdmi-vesa-mount-compatible-wqhd-monitor-3440-x-1440-r1500-up-to165hz,ZZA,4:3,B0DM1F3BBM,34,China,15.92 pounds (7.22 kg),,,Z34G,,,34,,36 x 17 x 6 inches (91.4 x 43.2 x 15.2 cm),Matte,,,3440 x 1440 Pixels,"November 5, 2024","Jetta (Shenzhen) E-commerce Co.., Ltd.",,,,,
"Monitor Light Bar with Remote Control, USB Computer Monitor Lamp, Eye-Care Screen ...",MAD 466,https://d3ulwu8fab47va.cloudfront.net/skin/frontend/default/ubuycom/images/loading.gif,https://www.ubuy.ma/en/product/IJUKEBVL0-computer-monitor-lamp-screen-monitor-light-bar-for-eye-caring-e-reading-led-task-lamp-touch-control-no-screen-glare-space-saving-home-office-desk,ZZA,4:3,B0DM1F3BBM,34,China,15.92 pounds (7.22 kg),,,Z34G,,,34,,36 x 17 x 6 inches (91.4 x 43.2 x 15.2 cm),Matte,,,3440 x 1440 Pixels,"November 5, 2024","Jetta (Shenzhen) E-commerce Co.., Ltd.",,,,,
ZZA Gaming Monitor 27 Inch Curved 180Hz| 165Hz|144Hz|1ms| Computer Monitor ...,"MAD 1969                                                                        
                                                                            2243",https://d3ulwu8fab47va.cloudfront.net/skin/frontend/default/ubuycom/images/loading.gif,https://www.ubuy.ma/en/product/M5R3LSS50-34-inch-qhd-curved-gaming-monitor-165hz-refresh-rate-1ms-response-time-freesync-g-sync-hdr10-122-srgb-dp-hdmi-vesa-mount-compatible,GreBear,16:9,B0BWQR9GBF,27 Inches (68.6 cm),China,12.91 pounds (5.86 kg),,,BM27QY,,,27 Inches (68.6 cm),,1.7 x 24.51 x 18.12 inches (4.3 x 62.3 x 46 cm),Double,No,,2560*1440 Pixels,"February 24, 2023",GreBear,,,,,240 Volts (AC)
KOORUI Monitor 22 Inch Computer Monitor FHD 1080P 75Hz PC Monitor VA Panel 30001 ...,"MAD 1013                                                                        
                                                                            1559",https://d3ulwu8fab47va.cloudfront.net/skin/frontend/default/ubuycom/images/loading.gif,https://www.ubuy.ma/en/product/8LRYVTRXO-koorui-24-inch-computer-monitor-fhd-1920-x-1080p-office-pc-monitor-ips-display-75hz-hdmi-vga-75-x-75-mm-vesa-mountable-frameless-eye-protection,GreBear,16:9,B0BWQR9GBF,27 Inches (68.6 cm),China,12.91 pounds (5.86 kg),,,BM27QY,,,27 Inches (68.6 cm),,1.7 x 24.51 x 18.12 inches (4.3 x 62.3 x 46 cm),Double,No,,2560*1440 Pixels,"February 24, 2023",GreBear,,,,,240 Volts (AC)
"24 Inch QHD Computer Monitor,1440P Ultrawide LED Monitor,75Hz IPS Display with ...",MAD 1956,https://d3ulwu8fab47va.cloudfront.net/skin/frontend/default/ubuycom/images/loading.gif,https://www.ubuy.ma/en/product/FSH029AOM-luckyfive-24-inch-qhd-computer-monitor-1440p-ultrawide-led-monitor-75hz-ips-display-with-built-in-speakers-75hz-hdmi-displayport-vesa-tilt,GreBear,16:9,B0BWQR9GBF,27 Inches (68.6 cm),China,12.91 pounds (5.86 kg),,,BM27QY,,,27 Inches (68.6 cm),,1.7 x 24.51 x 18.12 inches (4.3 x 62.3 x 46 cm),Double,No,,2560*1440 Pixels,"February 24, 2023",GreBear,,,,,240 Volts (AC)
"27 Inch 2K Computer Monitor, Professional IPS PC Monitors QHD 2560 x 1440p 75Hz ...",MAD 2243,https://d3ulwu8fab47va.cloudfront.net/skin/frontend/default/ubuycom/images/loading.gif,https://www.ubuy.ma/en/product/7TDDYTCNK-grebear-24-inch-business-computer-monitor-full-hd-1920-x-1080p-va-display-75hz,GreBear,16:9,B0BWQR9GBF,27 Inches (68.6 cm),China,12.91 pounds (5.86 kg),,,BM27QY,,,27 Inches (68.6 cm),,1.7 x 24.51 x 18.12 inches (4.3 x 62.3 x 46 cm),Double,No,,2560*1440 Pixels,"February 24, 2023",GreBear,,,,,240 Volts (AC)
"27 Inch 2K Computer Monitor, Professional IPS PC Monitors QHD 2560 x 1440p 75Hz ...",MAD 2243,https://d3ulwu8fab47va.cloudfront.net/skin/frontend/default/ubuycom/images/loading.gif,https://www.ubuy.ma/en/product/C0MHVDB4M-grebear-qjb-02-computer-monitors-7-inch-fhd-1080p-pc-monitors-60hz-built-in-speaker-low-blue-light-anti-glare-ips-screen-lcd-7-desktop-display,,,,,,,,,,,,,,,,,,,,,,,,,
LYMAX Computer Monitor Led Lights with Remote PC LED Bar Eye Caring Adjustable Desk ...,"MAD 548                                                                        
                                                                            740",https://d3ulwu8fab47va.cloudfront.net/skin/frontend/default/ubuycom/images/loading.gif,https://www.ubuy.ma/en/product/4LZ1EGUIO-lymax-computer-monitor-led-lights-with-remote-pc-monitor-led-bar-eye-caring-monitor-led-lights-adjustable-monitor-led-lights-desk-lamp-for-home,Jlink,16:9,B0B58C2SDB,32 Inches (81.3 cm),,17.95 pounds (8.14 kg),,,B32FP1K,,21.51 Pound,32 Inches (81.3 cm),,5 x 21 x 33 inches (12.7 x 53.3 x 83.8 cm),Flat,,,1920 x 1080 Pixels,"September 12, 2022","Unionman Technology Co., Ltd",,,,,12 Volts
"Computer Monitor FHD 32 Inch Monitor, 1920x1080P 60Hz 104% sRGB Display w/HDMI VGA ...",MAD 2379,https://d3ulwu8fab47va.cloudfront.net/skin/frontend/default/ubuycom/images/loading.gif,https://www.ubuy.ma/en/product/7HAYQI570-computer-monitor-jlink-fhd-32-inch-monitor-1920x1080p-75hz-4-2ms-gtg-104-srgb-lcd-computer-display-with-hdmi-vga-3-5mm-audio-hdr-low-blue-light,Jlink,16:9,B0B58C2SDB,32 Inches (81.3 cm),,17.95 pounds (8.14 kg),,,B32FP1K,,21.51 Pound,32 Inches (81.3 cm),,5 x 21 x 33 inches (12.7 x 53.3 x 83.8 cm),Flat,,,1920 x 1080 Pixels,"September 12, 2022","Unionman Technology Co., Ltd",,,,,12 Volts
"Pink Computer Monitor, 27 inch 1440p 165Hz Supports 144Hz Kawaii Gaming Monitor, VA ...","MAD 3336                                                                        
                                                                            3746",https://d3ulwu8fab47va.cloudfront.net/skin/frontend/default/ubuycom/images/loading.gif,https://www.ubuy.ma/en/product/ICL2RSC6S-27-inch-qhd-144hz-165hz-curved-gaming-monitor-1440p-1ms-gtg-pink-kawaii-monitor-1500r-va-screen-amd-free-sync-displayport-hdmi-usb-build-in,Jlink,16:9,B0C2CGSV93,32 Inches (81.3 cm),,18.11 pounds (8.21 kg),,,C32QP1K,,,32 Inches (81.3 cm),,31.9 x 4.3 x 20 inches (81 x 10.9 x 50.8 cm),Flat,,,2560 x 1440 Pixels,"July 9, 2023","Unionman Technology Co., Ltd",,,,,12 Volts (DC)
"SANSUI 24 inch Monitor IPS FHD 1080P Computer Monitor 75Hz, Display Port Monitor ...",MAD 1359,https://d3ulwu8fab47va.cloudfront.net/skin/frontend/default/ubuycom/images/loading.gif,https://www.ubuy.ma/en/product/F967RV07A-sansui-monitor-24-inch-ips-fhd-1080p-75hz-hdr10-computer-monitor-with-hdmi-vga-dp-ports-frameless-eye-care-ergonomic-tilt-speakers-built-in-es-24x5a,,,,,,,,,,,,,,,,,,,,,,,,,
LYMAX Computer Monitor Led Lights with Remote PC LED Bar Eye Caring Adjustable Desk ...,"MAD 548                                                                        
                                                                            740",https://d3ulwu8fab47va.cloudfront.net/skin/frontend/default/ubuycom/images/loading.gif,https://www.ubuy.ma/en/product/4LZ1EGUIO-lymax-computer-monitor-led-lights-with-remote-pc-monitor-led-bar-eye-caring-monitor-led-lights-adjustable-monitor-led-lights-desk-lamp-for-home,,,,,,,,,,,,,,,,,,,,,,,,,
"SOTSU FlipAction Pro 16"" Gen2 Premium Portable Monitor | Super Compact | Pivot ...",MAD 7558,https://d3ulwu8fab47va.cloudfront.net/skin/frontend/default/ubuycom/images/loading.gif,https://www.ubuy.ma/en/product/JO13OMDLE-sotsu-flipaction-pro-16-premium-portable-monitor-super-compact-pivot-rotate-2560x1600-dci-p3-full-metal-cnc-usb-c-or-hdmi-perfect-match,,,,,,,,,,,,,,,,,,,,,,,,,
"32inch Gaming Monitor, 165Hz IPS Display, QHD 2560 x 1440p Monitor, 120% sRGB, ...",MAD 2653,https://d3ulwu8fab47va.cloudfront.net/skin/frontend/default/ubuycom/images/loading.gif,https://www.ubuy.ma/en/product/IBYJ3I6XW-jlink-32inch-gaming-monitor-165hz-ips-display-qhd-2560-x-1440p-monitor-120-srgb-freesync-g-sync-compatible-5ms-hdr-support-low-blue,,,,,,,,,,,,,,,,,,,,,,,,,
"Pink Computer Monitor, 27 inch 1440p 165Hz Supports 144Hz Kawaii Gaming Monitor, VA ...",MAD 3951,https://d3ulwu8fab47va.cloudfront.net/skin/frontend/default/ubuycom/images/loading.gif,https://www.ubuy.ma/en/product/JF46SFE5Q-pink-fhd-computer-monitor-27-inch-1080p-165hz-kawaii-gaming-monitor-va-panel-1500,,,,,,,,,,,,,,,,,,,,,,,,,
"18.5-Inch Touchscreen Monitor,Capacitive Multi-Touch Industrial Monitor,169 Display ...",MAD 5290,https://d3ulwu8fab47va.cloudfront.net/skin/frontend/default/ubuycom/images/loading.gif,https://www.ubuy.ma/en/product/MCBIFR260-18-5-inch-touchscreen-industrial-monitor-1920x1080p-10-point-capacitive-diaplay-with-hdmi-vga-dvi-interface-multi-touch-screen-embedded-vesa-for,,,,,,,,,,,,,,,,,,,,,,,,,
"Gaming Monitor, 27 Inch 1440P 170Hz PC Monitor, 2K QHD 1ms Fast IPS Computer ...",MAD 1969,https://d3ulwu8fab47va.cloudfront.net/skin/frontend/default/ubuycom/images/loading.gif,https://www.ubuy.ma/en/product/J2RNFSAB6-fyhxele-27-inch-170hz-ips-gaming-monitor-1ms-mprt-qhd-1440p-2560x1440-gaming-monitor-support-144hz-165hz-170hz-amd-freesync-premium-display-eye,,,,,,,,,,,,,,,,,,,,,,,,,
"CRUA 30 Inch Gaming Monitor, 200Hz White Computer Monitor, 219 WFHD 2560 * 1080P ...",MAD 2789,https://d3ulwu8fab47va.cloudfront.net/skin/frontend/default/ubuycom/images/loading.gif,https://www.ubuy.ma/en/product/N2RO6B94S-crua-30-inch-gaming-monitor-200hz-144hz-white-computer-monitor-21-9-wfhd-2560-1080p-99-srgb-ips-panel-ultra-wide-monitor-supports-freesync,,,,,,,,,,,,,,,,,,,,,,,,,
"Portable Monitor 10.5"" 1920x1280P FHD Ultra-Slim Mini Monitor 32,Standard HDMI ...",MAD 1423,https://d3ulwu8fab47va.cloudfront.net/skin/frontend/default/ubuycom/images/loading.gif,https://www.ubuy.ma/en/product/N2SC6S5TK-portable-monitor-10-5-1920x1280p-fhd-ultra-slim-mini-monitor-3-2-standard-hdmi-usb-c-computer-display-for-laptop-pc-mac-phone-switch-ps4-5,KTC,16:9,B0DRCXZN53,24 Inches (61 cm),,9.48 pounds (4.3 kg),,,H24V27,,,24 Inches (61 cm),,60 x 45 x 8 inches (152.4 x 114.3 x 20.3 cm),Matte,,,1920 x 1080 Pixels,"December 24, 2024",KTC,,,300 Candela,,12 Volts
"SANSUI 180Hz Monitor 24 inch PC Monitor, Computer Monitor FHD 1080p, Display Port ...",MAD 1574,https://d3ulwu8fab47va.cloudfront.net/skin/frontend/default/ubuycom/images/loading.gif,https://www.ubuy.ma/en/product/JGEI8TBP2-24-inch-gaming-monitor-180hz-3ms-computer-monitor-with-built-in-speakers-fhd-1080p-adaptive-sync-110-srgb-dpx1-hdmix2-ports-vesa-compatible-tilt,KTC,16:9,B0DRCXZN53,24 Inches (61 cm),,9.48 pounds (4.3 kg),,,H24V27,,,24 Inches (61 cm),,60 x 45 x 8 inches (152.4 x 114.3 x 20.3 cm),Matte,,,1920 x 1080 Pixels,"December 24, 2024",KTC,,,300 Candela,,12 Volts
"CRUA 30-inch Gaming Monitor 200HZ, 219 WFHD2560X1080P Ultrawide Computer Monitor, ...",MAD 2379,https://d3ulwu8fab47va.cloudfront.net/skin/frontend/default/ubuycom/images/loading.gif,https://www.ubuy.ma/en/product/M6I7DKSTC-30-inch-gaming-monitor-200hz-21-9-wfhd-2560x1080p-ultrawide-computer-monitor-ips-screen-100-srgb-pip-pbp-hdmi-2-0-displayport-1-4-support,KTC,16:9,B0DRCXZN53,24 Inches (61 cm),,9.48 pounds (4.3 kg),,,H24V27,,,24 Inches (61 cm),,60 x 45 x 8 inches (152.4 x 114.3 x 20.3 cm),Matte,,,1920 x 1080 Pixels,"December 24, 2024",KTC,,,300 Candela,,12 Volts
"KTC 24 Inch FHD 1080P 100Hz Computer Monitor, VA Panel FreeSync PC Gaming Monitor, ...",MAD 1218,https://d3ulwu8fab47va.cloudfront.net/skin/frontend/default/ubuycom/images/loading.gif,https://www.ubuy.ma/en/product/MXZVOJDNS-ktc-24-inch-fhd-1080p-100hz-computer-monitor-va-panel-freesync-pc-gaming-monitor-hdmi-vga-ports-hdr-4000-1-contrast-lowblue-mode,,,,,,,,,,,,,,,,,,,,,,,,,
"PC Monitor 21.5 Inch Full HD 1920x1080P Touchscreen Monitor, 10-Point Multi Touch ...",MAD 2516,https://d3ulwu8fab47va.cloudfront.net/skin/frontend/default/ubuycom/images/loading.gif,https://www.ubuy.ma/en/product/MPI2FNY6M-pc-monitor-21-5-inch-full-hd-1920x1080p-touchscreen-monitor-10-point-multi-touch-screen-led-computer-monitor-hdmi-vga-usb-ports-white,,,,,,,,,,,,,,,,,,,,,,,,,
"SAMSUNG 32-Inch M70C Series UHD Smart Computer Monitor w/Streaming TV, Gaming Hub, ...","MAD 3882                                                                        
                                                                            13174",https://d3ulwu8fab47va.cloudfront.net/skin/frontend/default/ubuycom/images/loading.gif,https://www.ubuy.ma/en/product/JNA79BNBY-samsung-32-inch-m70c-series-uhd-smart-computer-monitor-w-streaming-tv-gaming-hub-adjustable-stand-remote-pc-access-slimfit-camera,ZZA,32:9,B0DC62Z59X,32,China,14.17 pounds (6.43 kg),,,Z32D,,,32,,0.39 x 16.54 x 27.95 inches (1 x 42 x 71 cm),Glossy,,,2048 x 1080,"August 5, 2024",ZZA,,,,,
"Computer Monitor Light Bar, LED Screen Light Bar for Workspace, Dimmable Monitor ...",MAD 289,https://d3ulwu8fab47va.cloudfront.net/skin/frontend/default/ubuycom/images/loading.gif,https://www.ubuy.ma/en/product/ML80F6YKO-computer-monitor-light-bar-led-screen-light-bar-for-workspace-dimmable-monitor-lamp-touch-control-monitor-lamp-for-desk-office-home-game-for-eye,ZZA,32:9,B0DC62Z59X,32,China,14.17 pounds (6.43 kg),,,Z32D,,,32,,0.39 x 16.54 x 27.95 inches (1 x 42 x 71 cm),Glossy,,,2048 x 1080,"August 5, 2024",ZZA,,,,,
"24 inch Monitor, Z-Edge Computer Monitor, Full HD 1920 x 1080p IPS Display 100Hz PC ...","MAD 1423                                                                        
                                                                            1559",https://d3ulwu8fab47va.cloudfront.net/skin/frontend/default/ubuycom/images/loading.gif,https://www.ubuy.ma/en/product/SXSKSFW-z-edge-u24i-24-full-hd-1920x1080-75hz-led-ips-monitor-178-wide-view-angle-hdmi-vga-with-eye-care-tec,ZZA,32:9,B0DC62Z59X,32,China,14.17 pounds (6.43 kg),,,Z32D,,,32,,0.39 x 16.54 x 27.95 inches (1 x 42 x 71 cm),Glossy,,,2048 x 1080,"August 5, 2024",ZZA,,,,,
"20 Inch PC Monitor, 1600x900 Screen Desktop Monitor with HDMI VGA BNC AV Ports, ...",MAD 1094,https://d3ulwu8fab47va.cloudfront.net/skin/frontend/default/ubuycom/images/loading.gif,https://www.ubuy.ma/en/product/I6R5LCB3K-skitphrati-20-pc-monitor-1600x900-60hz-5ms-hdmi-monitor-led-monitor-viewing-angle-95-horizontal-with-hdmi-vga-input-76-srgb-vesa-wall-mount,CRUA,16:9,B09VSTTGL5,27 Inches (68.6 cm),China,10.73 pounds (4.87 kg),,,CR270BM,,21 Pound,27 Inches (68.6 cm),,0.39 x 23.8 x 17.3 inches (1 x 60.5 x 43.9 cm),Matte,No,,1920 x 1080 Pixels,"March 17, 2022",CRUA,,,250 Candela,,12 Volts
"KOORUI 27 Inch Monitor, Full HD 1080P 75Hz Computer Monitor, IPS Display, HDMI, ...","MAD 1505                                                                        
                                                                            2106",https://d3ulwu8fab47va.cloudfront.net/skin/frontend/default/ubuycom/images/loading.gif,https://www.ubuy.ma/en/product/5AI8P4QO8-koorui-27-inch-fhd-monitor-computer-monitor-ips-panel-1080p-75hz-hdmi-vga-99-srgb-5ms-response-eye-care-virtually-borderless-design-display,CRUA,16:9,B09VSTTGL5,27 Inches (68.6 cm),China,10.73 pounds (4.87 kg),,,CR270BM,,21 Pound,27 Inches (68.6 cm),,0.39 x 23.8 x 17.3 inches (1 x 60.5 x 43.9 cm),Matte,No,,1920 x 1080 Pixels,"March 17, 2022",CRUA,,,250 Candela,,12 Volts
ZZA Gaming Monitor 27 Inch Curved 180Hz| 165Hz|144Hz|1ms| Computer Monitor ...,"MAD 2133                                                                        
                                                                            2243",https://d3ulwu8fab47va.cloudfront.net/skin/frontend/default/ubuycom/images/loading.gif,https://www.ubuy.ma/en/product/MDBEL2AW0-zza-32-inch-curved-gaming-monitor-1k-240hz-180hz-1ms-response-time-freesync-g-sync-hdr10-122-srgb-dp-hdmi-vesa-mount,CRUA,16:9,B09VSTTGL5,27 Inches (68.6 cm),China,10.73 pounds (4.87 kg),,,CR270BM,,21 Pound,27 Inches (68.6 cm),,0.39 x 23.8 x 17.3 inches (1 x 60.5 x 43.9 cm),Matte,No,,1920 x 1080 Pixels,"March 17, 2022",CRUA,,,250 Candela,,12 Volts
"15.6 Inch PC Monitor, FHD 1366x768 Desktop Display with HDMI VGA Ports, VESA ...",MAD 1012,https://d3ulwu8fab47va.cloudfront.net/skin/frontend/default/ubuycom/images/loading.gif,https://www.ubuy.ma/en/product/LT591CV3C-skitphrati-15-6-inch-pc-monitor-fhd-1366x768-desktop-display-with-hdmi-vga-ports-vesa-mounting-led-monitor-for-pc-laptop-and-computer-black,CRUA,16:9,B09VSTTGL5,27 Inches (68.6 cm),China,10.73 pounds (4.87 kg),,,CR270BM,,21 Pound,27 Inches (68.6 cm),,0.39 x 23.8 x 17.3 inches (1 x 60.5 x 43.9 cm),Matte,No,,1920 x 1080 Pixels,"March 17, 2022",CRUA,,,250 Candela,,12 Volts
"CRUA 27"" Curved Monitor, FHD1920x1080P VA Panel 100HZ 99% sRGB Professional ...","MAD 1696                                                                        
                                                                            1969",https://d3ulwu8fab47va.cloudfront.net/skin/frontend/default/ubuycom/images/loading.gif,https://www.ubuy.ma/en/product/4ZDU11E38-crua-27-curved-frameless-monitor-full-hd-1920x1080p-1800r-75hz-va-professional-computer-monitor-flicker-less-blue-light-filter-for,,,,,,,,,,,,,,,,,,,,,,,,,
KOORUI 24-inch Computer Monitor Full HD 1920 x 1080p VA Display 30001 Contrast ...,MAD 1647,https://d3ulwu8fab47va.cloudfront.net/skin/frontend/default/ubuycom/images/loading.gif,https://www.ubuy.ma/en/product/F506WG04E-koorui-24-inch-computer-monitor-build-in-speakers-ips-display-fhd-1080p-100hz-hdmi-vga-75-x-75-mm-vesa-mountable-freesync-g-sync,Heymaster,,B0DR7PWPKV,,China,3.3 pounds (1.5 kg),,,,,,,No,16.54 x 7.87 x 3.27 inches (42 x 20 x 8.3 cm),,,16.54 x 7.87 x 3.27 inches (42 x 20 x 8.3 cm),,,Heymaster,,2006-B-Black,,,
"Samsung S40VA Series 24-Inch Computer Monitor, HDMI Monitor, 75Hz Monitor, IPS ...","MAD 4019                                                                        
                                                                            4292",https://d3ulwu8fab47va.cloudfront.net/skin/frontend/default/ubuycom/images/loading.gif,https://www.ubuy.ma/en/product/3ONZTUD6E-samsung-s40a-series-24-inch-fhd-1080p-computer-monitor-75hz-ips-panel-pop-up-webcam-built-in-speaker-mic-height-adjustable-stand-freesync,Heymaster,,B0DR7PWPKV,,China,3.3 pounds (1.5 kg),,,,,,,No,16.54 x 7.87 x 3.27 inches (42 x 20 x 8.3 cm),,,16.54 x 7.87 x 3.27 inches (42 x 20 x 8.3 cm),,,Heymaster,,2006-B-Black,,,
"KOORUI 24 inch Gaming Monitor,100Hz Computer Monitor, Built-in Speakers,FHD 1080P ...",MAD 1294,https://d3ulwu8fab47va.cloudfront.net/skin/frontend/default/ubuycom/images/loading.gif,https://www.ubuy.ma/en/product/823ZO00WK-koorui-24-inch-computer-monitor-fhd-pc-monitors-1920-x-1080p-ips-display-75hz-hdmi-vga-5ms-response-time-75-x-75-mm-vesa-mountable-frameless,Heymaster,,B0DR7PWPKV,,China,3.3 pounds (1.5 kg),,,,,,,No,16.54 x 7.87 x 3.27 inches (42 x 20 x 8.3 cm),,,16.54 x 7.87 x 3.27 inches (42 x 20 x 8.3 cm),,,Heymaster,,2006-B-Black,,,
"Monitor Stand for Desk, Gaming Monitor Riser with RGB Light, Foldable Computer ...",MAD 466,https://d3ulwu8fab47va.cloudfront.net/skin/frontend/default/ubuycom/images/loading.gif,https://www.ubuy.ma/en/product/JNX2Y3FM6-monitor-stand-for-desk-gaming-monitor-riser-with-rgb-light-foldable-computer-monitor-stand-riser-desk-organizers-and-accessories-for-desktop,Heymaster,,B0DR7PWPKV,,China,3.3 pounds (1.5 kg),,,,,,,No,16.54 x 7.87 x 3.27 inches (42 x 20 x 8.3 cm),,,16.54 x 7.87 x 3.27 inches (42 x 20 x 8.3 cm),,,Heymaster,,2006-B-Black,,,
"Monitor Stand for Desk, Gaming Monitor Riser with RGB Light, Foldable Computer ...",MAD 466,https://d3ulwu8fab47va.cloudfront.net/skin/frontend/default/ubuycom/images/loading.gif,https://www.ubuy.ma/en/product/N340G5F1E-monitor-stand-for-desk-gaming-monitor-riser-with-rgb-light-foldable-computer-monitor-stand-riser-desk-organizers-and-accessories-for-desktop,XUNDEFINED,21:09,B0D46XC7XN,34 Inches (86.4 cm),,18.31 pounds (8.31 kg),,,XU34PRO,,,34 Inches (86.4 cm),,7 x 38 x 19 inches (17.8 x 96.5 x 48.3 cm),Glossy,,,3440 x 1440 Pixels,"May 15, 2024",XUNDEFINED,,,316 Candela,,
"Dell 27 inch Monitor FHD 169 with Comfortview TUV-Certified, 27"" Computer Monitors, ...",MAD 3499,https://d3ulwu8fab47va.cloudfront.net/skin/frontend/default/ubuycom/images/loading.gif,https://www.ubuy.ma/en/product/42CUEMDM2-dell-27-inch-monitor-fhd-16-9-with-comfortview-tuv-certified-27-computer-monitors-75hz-refresh-rate-16-7-million-colors-anti-glare-with-3h,XUNDEFINED,21:09,B0D46XC7XN,34 Inches (86.4 cm),,18.31 pounds (8.31 kg),,,XU34PRO,,,34 Inches (86.4 cm),,7 x 38 x 19 inches (17.8 x 96.5 x 48.3 cm),Glossy,,,3440 x 1440 Pixels,"May 15, 2024",XUNDEFINED,,,316 Candela,,
"MOUNT PRO Single Monitor Stand Fits Max 32 inch Computer Screen, Free-Standing ...",MAD 398,https://d3ulwu8fab47va.cloudfront.net/skin/frontend/default/ubuycom/images/loading.gif,https://www.ubuy.ma/en/product/7GYZMOAYG-mount-pro-single-monitor-stand-fits-max-35-inch-33-lbs-computer-screen-free-standing-monitor-desk-stand-monitor-mount-with-height-adjustable,XUNDEFINED,21:09,B0D46XC7XN,34 Inches (86.4 cm),,18.31 pounds (8.31 kg),,,XU34PRO,,,34 Inches (86.4 cm),,7 x 38 x 19 inches (17.8 x 96.5 x 48.3 cm),Glossy,,,3440 x 1440 Pixels,"May 15, 2024",XUNDEFINED,,,316 Candela,,
"Dell S24 inch Monitor, LED FHD - 100Hz Refresh Rate 15001 Contrast Ratio, AMD ...",MAD 2639,https://d3ulwu8fab47va.cloudfront.net/skin/frontend/default/ubuycom/images/loading.gif,https://www.ubuy.ma/en/product/LTE6RNFW8-dell-newest-24-inch-monitor-led-fhd-100hz-refresh-rate-15001-contrast-ratio-amd-freesync-vesa-integrated-2x5w-speaker-heighttiltswivelpivot-2,,,,,,,,,,,,,,,,,,,,,,,,,
"24 inch 1K Computer Monitor with Speakers, 75Hz Gaming IPS Monitor, FreeSync ...",MAD 1149,https://d3ulwu8fab47va.cloudfront.net/skin/frontend/default/ubuycom/images/loading.gif,https://www.ubuy.ma/en/product/MDBYY9DQ8-34-inch-ultrawide-curved-gaming-monitor-with-1500r-display-uwqhd-3440-x-1440-180h,,,,,,,,,,,,,,,,,,,,,,,,,
"KOORUI 24 Inch Computer Monitor FHD 1920 x 1080p 100HZ, Built-in Speakers, ...","MAD 1297                                                                        
                                                                            1696",https://d3ulwu8fab47va.cloudfront.net/skin/frontend/default/ubuycom/images/loading.gif,https://www.ubuy.ma/en/product/4YT8ZDMFO-koorui-qhd-27-inch-monitor-curved-screen-r1800-2560-1440p-144hz-1ms-dci-p3-85-dp-hdm-250cd-narrow-bezel-on-three-sides-black,HP,16:9,B0DFQM3BDP,24 Inches (61 cm),,11.9 pounds (5.4 kg),,,E24 G5,,,24 Inches (61 cm),,8.31 x 21.24 x 19.96 inches (21.1 x 53.9 x 50.7 cm),Flat,,,1920 x 1080 Pixels,"August 30, 2024",HP,,,250 Lux,,
"Dell 27"" QHD Monitor - 100Hz Refresh Rate 15001 Contrast Ratio, T V Rheinland Eye ...",MAD 3336,https://d3ulwu8fab47va.cloudfront.net/skin/frontend/default/ubuycom/images/loading.gif,https://www.ubuy.ma/en/product/MK9ZN2RW8-newest-27-qhd-monitor-100hz-refresh-rate-1500-1-contrast-ratio-tuv-rheinland-eye-comfort-4-star-vesa-integrated-2x5w-speaker,HP,16:9,B0DFQM3BDP,24 Inches (61 cm),,11.9 pounds (5.4 kg),,,E24 G5,,,24 Inches (61 cm),,8.31 x 21.24 x 19.96 inches (21.1 x 53.9 x 50.7 cm),Flat,,,1920 x 1080 Pixels,"August 30, 2024",HP,,,250 Lux,,
"20"" PC Monitor 169 1600x900 Kitchen Monitor, LED Monitor Build in Speaker, 5Ms, 60 ...",MAD 1340,https://d3ulwu8fab47va.cloudfront.net/skin/frontend/default/ubuycom/images/loading.gif,https://www.ubuy.ma/en/product/479YNUNWG-thinlerain-20-inch-pc-monitor-16-9-1600x900-kitchen-monitor-cctv-monitor-build-in-speaker-5ms-60-hz-vesa-mountable-with-vga-hdmi-av-bnc-usb,HP,16:9,B0DFQM3BDP,24 Inches (61 cm),,11.9 pounds (5.4 kg),,,E24 G5,,,24 Inches (61 cm),,8.31 x 21.24 x 19.96 inches (21.1 x 53.9 x 50.7 cm),Flat,,,1920 x 1080 Pixels,"August 30, 2024",HP,,,250 Lux,,
ZZA Gaming Monitor 27 Inch Curved 180Hz| 165Hz|144Hz|1ms| Computer Monitor ...,"MAD 1969                                                                        
                                                                            2243",https://d3ulwu8fab47va.cloudfront.net/skin/frontend/default/ubuycom/images/loading.gif,https://www.ubuy.ma/en/product/MC26WJJ9C-zza-gaming-monitor-27-zoll-180hz-1ms-response-time-curved-monitor-fhd-1920x1080-90-dci-p3-100-srgb-pc-gaming-monitor-adaptive-sync-hdmi,HP,16:9,B0DFQM3BDP,24 Inches (61 cm),,11.9 pounds (5.4 kg),,,E24 G5,,,24 Inches (61 cm),,8.31 x 21.24 x 19.96 inches (21.1 x 53.9 x 50.7 cm),Flat,,,1920 x 1080 Pixels,"August 30, 2024",HP,,,250 Lux,,
"HP E24 G5 Commercial Monitor 24"" IPS FHD Anti-Glare Display, VESA Mount 100x100mm, ...",MAD 4839,https://d3ulwu8fab47va.cloudfront.net/skin/frontend/default/ubuycom/images/loading.gif,https://www.ubuy.ma/en/product/MCXYT5XNU-hp-e24-g5-commercial-monitor-24-ips-fhd-anti-glare-display-vesa-mount-100x100mm-flicker-free-adjustable-tilt-hdmi-black-silver-6n6e9aa-aba,,,,,,,,,,,,,,,,,,,,,,,,,
"27 Inch Monitor, 1080P Ultra Wide FHD Frameless Computer Monitor 100Hz, 1ms, 99% ...",MAD 1423,https://d3ulwu8fab47va.cloudfront.net/skin/frontend/default/ubuycom/images/loading.gif,https://www.ubuy.ma/en/product/MPSTXWZSC-memzuoix-27-inch-monitor-with-ultra-thin-and-3-side-frameless-panel-fhd-1080p-100hz-gaming-monitor-with-audio-output-speakers-1ms-mprt-99-srgb,,,,,,,,,,,,,,,,,,,,,,,,,
"Westinghouse 24 Inch Computer Monitor, 100Hz, 1080p Full HD IPS Display, Adaptive ...",MAD 1286,https://d3ulwu8fab47va.cloudfront.net/skin/frontend/default/ubuycom/images/loading.gif,https://www.ubuy.ma/en/product/MDLXRF8NW-24-inch-computer-monitor-100hz-1080p-full-hd-ips-display-adaptive-sync-blue-light-protection-home-office-pc-monitor-with-built-in-speakers-hdmi,,,,,,,,,,,,,,,,,,,,,,,,,
"CRUA 24.5Inch Gaming Monitor 144Hz/165Hz, FHD1920x1080P 100% sRGB Computer Monitor, ...","MAD 1696                                                                        
                                                                            1969",https://d3ulwu8fab47va.cloudfront.net/skin/frontend/default/ubuycom/images/loading.gif,https://www.ubuy.ma/en/product/IDBZZLTLY-crua-24-5inch-gaming-monitor-144hz-165hz-fhd-100-srgb-computer-monitor-height-pivot-swivel-tilt-adjustable-vertical-monitor-support-freesync,,,,,,,,,,,,,,,,,,,,,,,,,
"CRUA 24.5Inch Gaming Monitor 144Hz/165Hz, FHD1920x1080P 100% sRGB Computer Monitor, ...","MAD 1696                                                                        
                                                                            1969",https://d3ulwu8fab47va.cloudfront.net/skin/frontend/default/ubuycom/images/loading.gif,https://www.ubuy.ma/en/product/M0ZZF1X44-crua-28-vertical-monitor-sdqhd-2560-x-2880p-computer-monitor-with-webcam-with-mic-height-pivot-adjustable-stand-speakers-98-dci-p3-color,,,,,,,,,,,,,,,,,,,,,,,,,
Hemudu 2 Pack Computer Monitor Riser | Triangle Save Space Desktop Corner Stand for ...,"MAD 484                                                                        
                                                                            507",https://d3ulwu8fab47va.cloudfront.net/skin/frontend/default/ubuycom/images/loading.gif,https://www.ubuy.ma/en/product/10JTS8VU-2-pack-computer-monitor-riser-triangle-save-space-desktop-corner-stand-for-computer-monitor-laptop-b,,,,,,,,,,,,,,,,,,,,,,,,,
"KOORUI 24 Inch Computer Monitor FHD 1920 x 1080p 100HZ, Built-in Speakers, ...",MAD 1696,https://d3ulwu8fab47va.cloudfront.net/skin/frontend/default/ubuycom/images/loading.gif,https://www.ubuy.ma/en/product/FLZSF9OTC-koorui-24-inch-computer-monitor-fhd-1920-x-1080p-100hz-built-in-speakers-ultra-slim-bezels-75mm-vesa-mountable-tilt-adjustable-hdmi-vga-black,Wstirhy,16:9,B0CQ49TN8H,27 Inches (68.6 cm),,10.68 pounds (4.84 kg),,,,,,27 Inches (68.6 cm),,24 x 17.9 x 0.78 inches (61 x 45.5 x 2 cm),Glossy,,,1920 x 1080 Pixels,"December 13, 2023",Wstirhy,,,,,
"27 inch Gaming Computer Monitor,QHD 2560x1440, 180Hz,1ms, Height ...",MAD 1969,https://d3ulwu8fab47va.cloudfront.net/skin/frontend/default/ubuycom/images/loading.gif,https://www.ubuy.ma/en/product/LYY5EEELE-27inch-pc-gaming-ips-monitor-2kqhd-2560x1440-180hz1ms-height-adjustablefreesync-srgb-99percent-color-gamut-hdr10-with-a-3-side-virtually-borderless,Wstirhy,16:9,B0CQ49TN8H,27 Inches (68.6 cm),,10.68 pounds (4.84 kg),,,,,,27 Inches (68.6 cm),,24 x 17.9 x 0.78 inches (61 x 45.5 x 2 cm),Glossy,,,1920 x 1080 Pixels,"December 13, 2023",Wstirhy,,,,,
"KOORUI 24 Inch Computer Monitor FHD 1920 x 1080p 100HZ, Built-in Speakers, ...",MAD 1696,https://d3ulwu8fab47va.cloudfront.net/skin/frontend/default/ubuycom/images/loading.gif,https://www.ubuy.ma/en/product/8XJHMXMTY-koorui-24-inch-computer-monitor-fhd-1080p-gaming-monitor-165hz-va-1ms-build-in-freesync-compatible-g-sync-led-monitors-with-ultra-thin-hdmi-x2,Wstirhy,16:9,B0CQ49TN8H,27 Inches (68.6 cm),,10.68 pounds (4.84 kg),,,,,,27 Inches (68.6 cm),,24 x 17.9 x 0.78 inches (61 x 45.5 x 2 cm),Glossy,,,1920 x 1080 Pixels,"December 13, 2023",Wstirhy,,,,,
"24 inch Monitor, Z-Edge Computer Monitor, Full HD 1920 x 1080p IPS Display 100Hz PC ...","MAD 1423                                                                        
                                                                            1559",https://d3ulwu8fab47va.cloudfront.net/skin/frontend/default/ubuycom/images/loading.gif,https://www.ubuy.ma/en/product/JAYC7N0A4-z-edge-ug34-34-ultrawide-2k-curved-gaming-monitor-with-165hz-refresh-rate-21-9-aspect-ratio-1ms-mprt-3440x1440-resolution-1500r-curvature-va,Wstirhy,16:9,B0CQ49TN8H,27 Inches (68.6 cm),,10.68 pounds (4.84 kg),,,,,,27 Inches (68.6 cm),,24 x 17.9 x 0.78 inches (61 x 45.5 x 2 cm),Glossy,,,1920 x 1080 Pixels,"December 13, 2023",Wstirhy,,,,,
"27-Inch FHD 1080p 1920 x 1080 Monitor, 169, 60Hz, IPS Panel, 99% sRGB, HDMI & VGA ...",MAD 1422,https://d3ulwu8fab47va.cloudfront.net/skin/frontend/default/ubuycom/images/loading.gif,https://www.ubuy.ma/en/product/IEMDBCBEQ-wstirhy-27-inch-fhd-1080p-1920-x-1080-monitor-16-9-60hz-ips-panel-99-srgb-hdmi-vga-port-5ms-response-vesa-compatible-178-wide,Wstirhy,16:9,B0CQ49TN8H,27 Inches (68.6 cm),,10.68 pounds (4.84 kg),,,,,,27 Inches (68.6 cm),,24 x 17.9 x 0.78 inches (61 x 45.5 x 2 cm),Glossy,,,1920 x 1080 Pixels,"December 13, 2023",Wstirhy,,,,,
ZZA Gaming Monitor 27 Inch Curved 180Hz| 165Hz|144Hz|1ms| Computer Monitor ...,"MAD 1969                                                                        
                                                                            2243",https://d3ulwu8fab47va.cloudfront.net/skin/frontend/default/ubuycom/images/loading.gif,https://www.ubuy.ma/en/product/IXK03N5X6-zza-32-inch-fhd-curved-gaming-monitor-165hz-180hz-1ms-response-time-freesync-g-sync-hdr10-122-srgb-coverage-dp-hdmi-vesa-compatible,Westinghouse,16:9,B0DDZF1MK1,21.5 Inches (54.6 cm),China,7.13 pounds (3.23 kg),,,WH22FA9420,,,21.5 Inches (54.6 cm),,6.79 x 19.38 x 14.08 inches (17.2 x 49.2 x 35.8 cm),Matte,,,1920 x 1080 Pixels,"August 22, 2024",Westinghouse,,,250 Candela,,
ZZA Gaming Monitor 27 Inch Curved 180Hz| 165Hz|144Hz|1ms| Computer Monitor ...,"MAD 1969                                                                        
                                                                            2243",https://d3ulwu8fab47va.cloudfront.net/skin/frontend/default/ubuycom/images/loading.gif,https://www.ubuy.ma/en/product/JS63U0NCS-32-inch-fhd-curved-gaming-monitor-165hz-180hz-1ms-response-time-freesync-g-sync-hdr10-122-srgb-coverage-dp-hdmi-vesa-compatible,Westinghouse,16:9,B0DDZF1MK1,21.5 Inches (54.6 cm),China,7.13 pounds (3.23 kg),,,WH22FA9420,,,21.5 Inches (54.6 cm),,6.79 x 19.38 x 14.08 inches (17.2 x 49.2 x 35.8 cm),Matte,,,1920 x 1080 Pixels,"August 22, 2024",Westinghouse,,,250 Candela,,
"CRUA 30"" Curved Gaming Monitor, 144Hz/200Hz Computer Monitor, WFHD2560 * 1080P ...","MAD 2379                                                                        
                                                                            2789",https://d3ulwu8fab47va.cloudfront.net/skin/frontend/default/ubuycom/images/loading.gif,https://www.ubuy.ma/en/product/G6K0R0UEE-crua-30-inch-curved-gaming-monitor-144hz-200hz-ultrawide-computer-monitor-wfhd-2560-1080p-va-screen-21-9-1500r-99-srgb-pc-monitors-support,Westinghouse,16:9,B0DDZF1MK1,21.5 Inches (54.6 cm),China,7.13 pounds (3.23 kg),,,WH22FA9420,,,21.5 Inches (54.6 cm),,6.79 x 19.38 x 14.08 inches (17.2 x 49.2 x 35.8 cm),Matte,,,1920 x 1080 Pixels,"August 22, 2024",Westinghouse,,,250 Candela,,
Eyoyo 15.6 inch Small Computer Monitor FHD IPS 1920 x 1080P VGA Monitor LCD Display ...,MAD 2243,https://d3ulwu8fab47va.cloudfront.net/skin/frontend/default/ubuycom/images/loading.gif,https://www.ubuy.ma/en/product/IW9LX816I-eyoyo-15-6-inch-lcd-monitor-fhd-1920-x-1080p-hdmi-monitor-ips-display-for-pc-computer-gaming-security-cctv-monitor-with-hdmi-vga-av-bnc-usb-input,,,,,,,,,,,,,,,,,,,,,,,,,
"KTC 24 Inch QHD 100Hz Computer Monitor IPS 2K, 13001 Contrast, Anti-Blue Light ...",MAD 1696,https://d3ulwu8fab47va.cloudfront.net/skin/frontend/default/ubuycom/images/loading.gif,https://www.ubuy.ma/en/product/LUGSI1LE2-ktc-24-inch-qhd-100hz-computer-monitor-ips-2k-1300-1-contrast-anti-blue-light-screen-122-srgb-support-freesync-and-gsync-hdmi2-0-dp-earphone-for,LG,16:9,B09M5S1YW6,27 Inches (68.6 cm),,8.6 pounds (3.9 kg),,8.6 x 24.1 x 19.4 inches (21.8 x 61.2 x 49.3 cm),27MP450,1920x1080,,27 Inches (68.6 cm),,8.6 x 24.1 x 19.4 inches (21.8 x 61.2 x 49.3 cm),Glossy,,,FHD 1080p,"November 1, 2021",LG Electronics,1920 x 1080 Pixels,Black,,,240 Volts
"23.8 Inch PC Gaming Monitor QHD 2560x1440 2K 100Hz, 2ms, Built-in Speakers, HDR, ...","MAD 1423                                                                        
                                                                            1653",https://d3ulwu8fab47va.cloudfront.net/skin/frontend/default/ubuycom/images/loading.gif,https://www.ubuy.ma/en/product/BT4I79EPS-prechen-24-computer-monitor-75hz-pc-display-ips-fhd-1920-x-1080p-business-screen-led-desktop-monitor-with-hdmi-and-vga-ports-99-srgb-3000-1,LG,16:9,B09M5S1YW6,27 Inches (68.6 cm),,8.6 pounds (3.9 kg),,8.6 x 24.1 x 19.4 inches (21.8 x 61.2 x 49.3 cm),27MP450,1920x1080,,27 Inches (68.6 cm),,8.6 x 24.1 x 19.4 inches (21.8 x 61.2 x 49.3 cm),Glossy,,,FHD 1080p,"November 1, 2021",LG Electronics,1920 x 1080 Pixels,Black,,,240 Volts
"Westinghouse 22 Inch Computer Monitor, 100Hz, 1080p Full HD IPS Display, Adaptive ...",MAD 1149,https://d3ulwu8fab47va.cloudfront.net/skin/frontend/default/ubuycom/images/loading.gif,https://www.ubuy.ma/en/product/MDYV5PUF6-westinghouse-22-inch-computer-monitor-100hz-1080p-full-hd-ips-display-adaptive-sync-blue-light-protection-home-office-pc-monitor-with-built-in,LG,16:9,B09M5S1YW6,27 Inches (68.6 cm),,8.6 pounds (3.9 kg),,8.6 x 24.1 x 19.4 inches (21.8 x 61.2 x 49.3 cm),27MP450,1920x1080,,27 Inches (68.6 cm),,8.6 x 24.1 x 19.4 inches (21.8 x 61.2 x 49.3 cm),Glossy,,,FHD 1080p,"November 1, 2021",LG Electronics,1920 x 1080 Pixels,Black,,,240 Volts
"22inch Computer Monitor, FHD 1080p, 100Hz Office and Gaming Monitor, 4ms Response ...","MAD 876                                                                        
                                                                            1012",https://d3ulwu8fab47va.cloudfront.net/skin/frontend/default/ubuycom/images/loading.gif,https://www.ubuy.ma/en/product/MDNSI1Y0O-22inch-computer-monitor-fhd-1080p-100hz-office-gaming-monitor-3-sided-frameless-ultra-slim-vesa-mountable-hdmi-vga-anti-blue,,,,,,,,,,,,,,,,,,,,,,,,,
"19"" 1440x900 PC Monitor Office Monitor HDMI VGA LED Desktop Display Dual ...",MAD 1013,https://d3ulwu8fab47va.cloudfront.net/skin/frontend/default/ubuycom/images/loading.gif,https://www.ubuy.ma/en/product/MPRI54FFC-19-1440x900-pc-monitor-office-monitor-hdmi-vga-led-desktop-display-dual-speakers-60hz-5ms-vesa-mounting-wide-viewing-angle-170-brightness,HP,16:9,B0DQ4K412D,27 Inches (68.6 cm),,9.15 pounds (4.15 kg),,,Series 5 527sh,,,27 Inches (68.6 cm),,8.35 x 23.93 x 19.7 inches (21.2 x 60.8 x 50 cm),Flat,,,1920 x 1080 Pixels,"June 6, 2023",HP,,,300 Lux,,240 Volts
"LG FHD 1920 x 1080 27 Inch Computer Monitor, IPS, AMD FreeSync, 3-Side Borderless ...",MAD 2202,https://d3ulwu8fab47va.cloudfront.net/skin/frontend/default/ubuycom/images/loading.gif,https://www.ubuy.ma/en/product/488JKDWLS-lg-27mp450-b-monitor-27-full-hd-1920-x-1080-ips-display-3-side-virtually-borderless-design-amd-freesync-5ms-gtg-response-time-reader-mode,,,,,,,,,,,,,,,,,,,,,,,,,
"27 Inch Curved Monitor 2K 165Hz 1500R, QHD 2560*1440p Gaming Computer Monitor, 169 ...",MAD 2280,https://d3ulwu8fab47va.cloudfront.net/skin/frontend/default/ubuycom/images/loading.gif,https://www.ubuy.ma/en/product/BAQLDB9BE-memzuoix-27-inch-curved-gaming-monitor-qhd-2k-pc-monitor-2560-x-1440-165hz-refresh-rate-1ms-respond-time-ultra-wide-16-9-screen-display-1500r-curved,LG,16:9,B097NWD3TL,24 Inches (61 cm),,5.7 pounds (2.59 kg),24MP400-B,7.5 x 21.3 x 16.3 inches (19.1 x 54.1 x 41.4 cm),24MP400-B,1920x1080,,24 Inches (61 cm),,7.5 x 21.3 x 16.3 inches (19.1 x 54.1 x 41.4 cm),Matte,,,FHD 1080p,"June 22, 2021",LG Electronics,1920 x 1080,Black,,,240 Volts
"27 Inch Curved Monitor 2K 165Hz 1500R, QHD 2560*1440p Gaming Computer Monitor, 169 ...",MAD 2280,https://d3ulwu8fab47va.cloudfront.net/skin/frontend/default/ubuycom/images/loading.gif,https://www.ubuy.ma/en/product/MRC3TLXSQ-30-inch-ultra-wide-curved-monitor-200hz-wfhd-1800r-curved-gaming-monitor-2560x1080p-1ms-100-srgb-freesync-hdmi-dp-display-dual-speakers-vesa,LG,16:9,B097NWD3TL,24 Inches (61 cm),,5.7 pounds (2.59 kg),24MP400-B,7.5 x 21.3 x 16.3 inches (19.1 x 54.1 x 41.4 cm),24MP400-B,1920x1080,,24 Inches (61 cm),,7.5 x 21.3 x 16.3 inches (19.1 x 54.1 x 41.4 cm),Matte,,,FHD 1080p,"June 22, 2021",LG Electronics,1920 x 1080,Black,,,240 Volts
"HP 27"" IPS LED FHD Monitor - 99% sRGB 100Hz with Adjustable Height - 2X HDMI, 1x ...",MAD 2516,https://d3ulwu8fab47va.cloudfront.net/skin/frontend/default/ubuycom/images/loading.gif,https://www.ubuy.ma/en/product/MWYDUH8QY-hp-27-ips-led-fhd-monitor-99-srgb-100hz-with-adjustable-height-2x-hdmi-1x-vga-series-5-527sh-office-monitor-silver-black,,,,,,,,,,,,,,,,,,,,,,,,,
"LG FHD 1920 x 1080 24 Inch Computer Monitor, IPS, AMD FreeSync, 3-Side Borderless ...",MAD 1723,https://d3ulwu8fab47va.cloudfront.net/skin/frontend/default/ubuycom/images/loading.gif,https://www.ubuy.ma/en/product/1B4JEGVAA-lg-24mp400-b-24-full-hd-1920-x-1080-ips-display-with-3-side-virtually-borderless-design-amd-freesync-and-onscreen-control-black,,,,,,,,,,,,,,,,,,,,,,,,,
"LG FHD 1920 x 1080 24 Inch Computer Monitor, IPS, AMD FreeSync, 3-Side Borderless ...",MAD 1723,https://d3ulwu8fab47va.cloudfront.net/skin/frontend/default/ubuycom/images/loading.gif,https://www.ubuy.ma/en/product/F4Y8QMMCW-lg-fhd-24-inch-computer-monitor-24mp400-b-ips-with-amd-freesync-black,,,,,,,,,,,,,,,,,,,,,,,,,
"2-Pack Premium Laptop PC Monitor Stand with Sturdy, Stable Black Metal ...",MAD 425,https://d3ulwu8fab47va.cloudfront.net/skin/frontend/default/ubuycom/images/loading.gif,https://www.ubuy.ma/en/product/1TOCSP0-2-pack-premium-laptop-pc-monitor-stand-with-sturdy-stable-black-metal-construction-fashionable-riser-height-adjustable-with-non-skid-rubber-perfect-fo,,,,,,,,,,,,,,,,,,,,,,,,,
"Monitor Light Bar with RGB Backlight, Flat/Curved Screen Bar Reduce Eye Strain ...",MAD 822,https://d3ulwu8fab47va.cloudfront.net/skin/frontend/default/ubuycom/images/loading.gif,https://www.ubuy.ma/en/product/3V8I5CIP6-raone-monitor-light-bar-flat-curved-screen-led-colorful-rgb-backlights-with-touch-sensor-for-eye-caring-space-saving-17-7-inch-usb-powered-desk-lamp,,,,,,,,,,,,,,,,,,,,,,,,,
"Portable Monitor Touchscreen 15.6"" 1080P Touch Screen IPS USB-C HDMI Computer ...","MAD 1218                                                                        
                                                                            1559",https://d3ulwu8fab47va.cloudfront.net/skin/frontend/default/ubuycom/images/loading.gif,https://www.ubuy.ma/en/product/JN1Y7CNGM-portable-monitor-touchscreen-15-6-1080p-fhd-usb-c-hdmi-computer-monitor-ips-gaming-monitor-w-sleeve-hdr-freesync-eye-care-plug-play-for-pc,,,,,,,,,,,,,,,,,,,,,,,,,
"CRUA 24.5Inch Gaming Monitor 144Hz/165Hz, FHD1920x1080P 100% sRGB Computer Monitor, ...","MAD 1696                                                                        
                                                                            1969",https://d3ulwu8fab47va.cloudfront.net/skin/frontend/default/ubuycom/images/loading.gif,https://www.ubuy.ma/en/product/LZAXRT1QC-crua-27inch-oled-gaming-monitor-qhd-2560x1440-240hz-computer-monitor-0-03ms-freesync-compatible-65w-type-c-charge-dci-p3-98-hdmi-2-0,,,,,,,,,,,,,,,,,,,,,,,,,
"KOORUI Gaming Monitor, 24"" IPS Monitor, 165Hz FHD Computer Monitor, 1ms PC Monitor, ...","MAD 1641                                                                        
                                                                            1969",https://d3ulwu8fab47va.cloudfront.net/skin/frontend/default/ubuycom/images/loading.gif,https://www.ubuy.ma/en/product/7P1NHKKJE-koorui-24-gaming-monitor-165hz-1080p-1ms-ips-dci-p3-90-color-gamut-freesync-ultra-slim-frame-vesa-mountable-fhd-1920x1080-hdmi,,,,,,,,,,,,,,,,,,,,,,,,,
"Monitor Stand for Desk, Gaming Monitor Riser with RGB Light, Foldable Computer ...",MAD 330,https://d3ulwu8fab47va.cloudfront.net/skin/frontend/default/ubuycom/images/loading.gif,https://www.ubuy.ma/en/product/JN0PDUONS-monitor-stand-for-desk-2-in-1-foldable-laptop-stand-computer-monitor-stand-riser-desk-organizers-and-accessories-for-desktop-laptop-black,,,,,,,,,,,,,,,,,,,,,,,,,
"Portable Monitor Touchscreen 15.6"" 1080P Touch Screen IPS USB-C HDMI Computer ...","MAD 1218                                                                        
                                                                            1559",https://d3ulwu8fab47va.cloudfront.net/skin/frontend/default/ubuycom/images/loading.gif,https://www.ubuy.ma/en/product/MXKJ2QQC8-portable-monitor-touchscreen-15-6-inch-1080p-fhd-ips-screen-with-tempered-glass-metal-frame-kickstand-travel-gaming-monitor-with-dual-speakers-usb,,,,,,,,,,,,,,,,,,,,,,,,,
Tempered Glass Computer Monitor Riser/Triangle Save Space Desktop Corner Stand for ...,"MAD 368                                                                        
                                                                            384",https://d3ulwu8fab47va.cloudfront.net/skin/frontend/default/ubuycom/images/loading.gif,https://www.ubuy.ma/en/product/149HRG74-tempered-glass-computer-monitor-riser-triangle-save-space-desktop-corner-stand-for-computer-monitor,,,,,,,,,,,,,,,,,,,,,,,,,
"21.5 Inch Touchscreen Monitor FHD 1920x1080P, Built-in Speakers, VESA Supports, ...",MAD 1696,https://d3ulwu8fab47va.cloudfront.net/skin/frontend/default/ubuycom/images/loading.gif,https://www.ubuy.ma/en/product/ME2EADYXS-touchscreen-computer-monitor-21-5-inch-fhd-1920x1080p-built-in-speakers-vesa-supp,,,,,,,,,,,,,,,,,,,,,,,,,
19-Inch Touchscreen Monitor Embedded Industrial Display 1280x1024P with ...,MAD 5563,https://d3ulwu8fab47va.cloudfront.net/skin/frontend/default/ubuycom/images/loading.gif,https://www.ubuy.ma/en/product/M7I2CJWZW-19-inch-industrial-touchscreen-monitor-1280x1024p-10-point-capacitive-display-with,,,,,,,,,,,,,,,,,,,,,,,,,
"Computer Monitor Light Bar,Wireless Remote Control Multiple Screen Lamp with Dimmer ...",MAD 1081,https://d3ulwu8fab47va.cloudfront.net/skin/frontend/default/ubuycom/images/loading.gif,https://www.ubuy.ma/en/product/5BUXR05SO-computer-monitor-light-bar-wireless-remote-control-multiple-screen-lamp-with-dimmer-switch-e-reading-led-light-anti-glare-for-office-home,,,,,,,,,,,,,,,,,,,,,,,,,
"Qian 21.5"" 1080P LED Computer Monitor, 16.7M Colors Full HD Display with Breath ...",MAD 1149,https://d3ulwu8fab47va.cloudfront.net/skin/frontend/default/ubuycom/images/loading.gif,https://www.ubuy.ma/en/product/8SCI5WGMO-qian-21-5-1080p-led-computer-monitor-16-7m-colors-full-hd-display-with-breath-taking-clarity-75-hz-refresh-rate-time-framless-monitor,,,,,,,,,,,,,,,,,,,,,,,,,
"16.5 Inches Computer Monitor Light Bar, LED Screen Light Bar for Workspace, ...",MAD 330,https://d3ulwu8fab47va.cloudfront.net/skin/frontend/default/ubuycom/images/loading.gif,https://www.ubuy.ma/en/product/J519KPQCY-16-5-computer-monitor-light-bar-led-screen-light-bar-for-workspace-dimmable-monitor-lamp-touch-control-monitor-lamp-for-desk-office-home-game,,,,,,,,,,,,,,,,,,,,,,,,,
Sceptre 24-inch Curved Gaming Monitor C248W-1920RN Series and Acer 21.5 Inch Full ...,"MAD 2594                                                                        
                                                                            5522",https://d3ulwu8fab47va.cloudfront.net/skin/frontend/default/ubuycom/images/loading.gif,https://www.ubuy.ma/en/product/7TE4P8TO4-sceptre-24-curved-75hz-gaming-led-monitor-full-hd-1080p-hdmi-vga-speakers-acer-sb220q-bi-21-5-inches-full-hd-1920-x-1080-ips-ultra-thin,,,,,,,,,,,,,,,,,,,,,,,,,
"34 Inch Curved Monitor, Ultra Wide QHD 1440p Gaming Monitor 165Hz, 100% sRGB, 1MS, ...",MAD 3573,https://d3ulwu8fab47va.cloudfront.net/skin/frontend/default/ubuycom/images/loading.gif,https://www.ubuy.ma/en/product/M661VSHAS-34-inch-ultrawide-curved-gaming-monitor-3440x1440-wqhd-up-to-165hz-1ms-1500r-curvature-100-srgb-freesync-premium-hdmi-2-0-displayport,,,,,,,,,,,,,,,,,,,,,,,,,
"2 Pack - 20 Inch Monitor FHD 1600 x 900 Computer Monitor, 75 Hz, 5 Milliseconds, ...",MAD 1668,https://d3ulwu8fab47va.cloudfront.net/skin/frontend/default/ubuycom/images/loading.gif,https://www.ubuy.ma/en/product/IX9ZDPAC0-2-pack-20-inch-monitor-fhd-1600-x-900-computer-monitor-75-hz-5-milliseconds-vesa-mount-tilt-vga-and-hdmi-x2-professional-and-gaming-monitor,,,,,,,,,,,,,,,,,,,,,,,,,
"CRUA 30Inch Ultrawide Curved Monitor, 219 WFHD2560x1080P VA Computer Monitor, 99% ...","MAD 2106                                                                        
                                                                            2653",https://d3ulwu8fab47va.cloudfront.net/skin/frontend/default/ubuycom/images/loading.gif,https://www.ubuy.ma/en/product/JMDW1NLBE-crua-30inch-ultrawide-curved-monitor-21-9-wfhd-2560x1080p-va-computer-monitor-99-srgb-100hz-1500r-pc-monitors-support-freesync-wall-mounted-with,,,,,,,,,,,,,,,,,,,,,,,,,
"KOORUI 24 Inch Computer Monitor -FHD 1080P Gaming Monitor 165Hz VA 1ms, ...","MAD 1423                                                                        
                                                                            1969",https://d3ulwu8fab47va.cloudfront.net/skin/frontend/default/ubuycom/images/loading.gif,https://www.ubuy.ma/en/product/4LFOL52K8-koorui-27-inch-gaming-monitor-fhd-1080p-165hz-monitor-ips-90-dci-p3-computer-monitors-with-1ms-mprt-hdmi-type-c-dp-for-gaming-tilt-lifting,,,,,,,,,,,,,,,,,,,,,,,,,
"LG QHD 32-Inch Computer Monitor 32QN600-B, IPS with HDR 10 Compatibility and AMD ...",MAD 3336,https://d3ulwu8fab47va.cloudfront.net/skin/frontend/default/ubuycom/images/loading.gif,https://www.ubuy.ma/en/product/17MOMX4-lg-32qn600-b-32-inch-qhd-2560-x-1440-ips-monitor-with-hdr-10-amd-freesync-with-dual-hdmi-inputs-black,,,,,,,,,,,,,,,,,,,,,,,,,
"HP 24 inch 1080P Computer Monitor, 24"" Full HD 1920x1080 75Hz Anti-Glare IPS ...",MAD 5795,https://d3ulwu8fab47va.cloudfront.net/skin/frontend/default/ubuycom/images/loading.gif,https://www.ubuy.ma/en/product/N8AY6H8OQ-hp-24-inch-1080p-computer-monitor-24-full-hd-1920x1080-75hz-anti-glare-ips-display-with-built-in-speakers-hdmi-vga-home-and-business,,,,,,,,,,,,,,,,,,,,,,,,,
"27 Inch Curved Monitor, QHD 2560 x 1440p 165Hz 2K Gaming Computer Monitor, 1ms, 99% ...",MAD 2379,https://d3ulwu8fab47va.cloudfront.net/skin/frontend/default/ubuycom/images/loading.gif,https://www.ubuy.ma/en/product/MWYX3RW0W-27-inch-curved-monitor-qhd-2560-x-1440p-165hz-2k-gaming-computer-monitor-1ms-99-srgb-hdr-16-9-wide-display-1500r-curved-freesync-eye-care,,,,,,,,,,,,,,,,,,,,,,,,,
Tempered Glass Computer Monitor Riser/Triangle Save Space Desktop Corner Stand for ...,"MAD 368                                                                        
                                                                            384",https://d3ulwu8fab47va.cloudfront.net/skin/frontend/default/ubuycom/images/loading.gif,https://www.ubuy.ma/en/product/D7GEEFI-clear-glass-computer-monitor-riser-triangle-desktop-universal-corner-stand-for-computer-monitor-laptop-hd01t-003,,,,,,,,,,,,,,,,,,,,,,,,,
"Dell 24 inch Monitor 2021 FHD 169 with Comfortview TUV-Certified, 75Hz Refresh ...",MAD 1696,https://d3ulwu8fab47va.cloudfront.net/skin/frontend/default/ubuycom/images/loading.gif,https://www.ubuy.ma/en/product/47P3T64V0-dell-24-inch-monitor-2021-newest-fhd-16-9-with-comfortview-tuv-certified-75hz-refresh-rate-16-7-million-colors-anti-glare-with-3h-hardness-black-1,,,,,,,,,,,,,,,,,,,,,,,,,
"KOORUI 24.5 inch Gaming Monitor, FHD 1080P 144Hz/180Hz Frameless Computer Monitors, ...",MAD 2243,https://d3ulwu8fab47va.cloudfront.net/skin/frontend/default/ubuycom/images/loading.gif,https://www.ubuy.ma/en/product/BAHKK90LC-koorui-24-5-inch-fhd-gaming-monitor-fhd-1920-x-1080-frameless-computer-monitors-srgb-99-va-1ms-freesync-and-g-sync-compatible-2x,,,,,,,,,,,,,,,,,,,,,,,,,
Portable Monitor 18.5 Inch 120 Hz 1080P 100% sRGB FHD HDR USB HDMI with VESA Ultra ...,MAD 1969,https://d3ulwu8fab47va.cloudfront.net/skin/frontend/default/ubuycom/images/loading.gif,https://www.ubuy.ma/en/product/F98KTAPZQ-portable-monitor-18-5-inch-120-hz-1080p-100-srgb-fhd-hdr-usb-hdmi-with-vesa-ultra-slim-portable-laptop-office-game-monitor-for-computer-switch-phone,,,,,,,,,,,,,,,,,,,,,,,,,
"KTC 24 inch Monitor - 1080P Monitor, 100Hz FreeSync Gaming Monitor with HDR10,VESA ...","MAD 986                                                                        
                                                                            1286",https://d3ulwu8fab47va.cloudfront.net/skin/frontend/default/ubuycom/images/loading.gif,https://www.ubuy.ma/en/product/FUHCTDRAE-ktc-27-inch-curved-gaming-monitor-165hz-1ms-mprt-2k-1440p-144hz-monitor-1500r-hva-display-freesync-premium-hdr-120-srgb-displayport-hdmi-usb,,,,,,,,,,,,,,,,,,,,,,,,,
"22 inch PC Monitor LED Monitor Full HD 1920 x 1080, 75HZ, 1Ms, 169, Viewing Angle ...",MAD 1012,https://d3ulwu8fab47va.cloudfront.net/skin/frontend/default/ubuycom/images/loading.gif,https://www.ubuy.ma/en/product/M7GV4P9WA-skitphrati-22-inch-pc-monitor-led-monitor-full-hd-1920-x-1080-75hz-1ms-16-9-viewing-angle-178-horizontal-tn-panel-vesa-vga-hdmi-tilt,,,,,,,,,,,,,,,,,,,,,,,,,
"27 inch 2K Gaming Monitor, 180Hz/144Hz 1440p Monitor with Speaker, G-SYNC, Freesync ...","MAD 2471                                                                        
                                                                            2598",https://d3ulwu8fab47va.cloudfront.net/skin/frontend/default/ubuycom/images/loading.gif,https://www.ubuy.ma/en/product/JOC9UT08A-27-inch-gaming-monitor-180hz-qhd-1440p-computer-monitor-with-speakers-2k-ips-114-srgb-height-swivel-tilt-adjustable-vertical-monitor,,,,,,,,,,,,,,,,,,,,,,,,,
"Dell Professional P2017H 19.5"" Screen LED-Lit Monitor",MAD 1252,https://d3ulwu8fab47va.cloudfront.net/skin/frontend/default/ubuycom/images/loading.gif,https://www.ubuy.ma/en/product/1R60XIPS-dell-professional-p2017h-19-5-screen-led-lit-monitor,,,,,,,,,,,,,,,,,,,,,,,,,
LG 24MS500-B 24 inch IPS Computer Monitor FHD 1920x1080 100Hz 5ms Reader Mode ...,MAD 1286,https://d3ulwu8fab47va.cloudfront.net/skin/frontend/default/ubuycom/images/loading.gif,https://www.ubuy.ma/en/product/JH3AJ7LJ2-24ms500-24-inch-ips-monitor-full-hd-100hz-5ms-hdmi-1-4-tilt-stand-black,,,,,,,,,,,,,,,,,,,,,,,,,
HP 24mh FHD Computer Monitor with 23.8-Inch IPS Display 1080p - Built-In Speakers ...,MAD 2235,https://d3ulwu8fab47va.cloudfront.net/skin/frontend/default/ubuycom/images/loading.gif,https://www.ubuy.ma/en/product/5KCBNC-hp-24mh-fhd-monitor-computer-monitor-with-23-8-inch-ips-display-1080p-built-in-speakers-and-vesa-mounting-height-tilt-adjustment-for-ergonomic-viewing,,,,,,,,,,,,,,,,,,,,,,,,,
