title,price,image_url,product_url,Collection Date,Date First Available,Series,Brand Name,Model number,Is Discontinued By Manufacturer,Video Output Interface,Graphics Processor Manufacturer,Wireless Type,Brand,Color,GPU Clock Speed,Graphics Ram Size,Department,Package Dimensions,Memory Speed,Computer Memory Type,Language,Chipset Brand,ASIN,Card Description,Country of Origin,Item model number,Manufacturer,Item Dimensions  LxWxH,Item Weight,Product Dimensions,Graphics Card Ram Size,Max Screen Resolution,Number of Items,Operating System,Graphics Coprocessor,Standing screen display size,RAM
RX 580 8GB GDDR5 256bit Gaming Graphics Card 8K 7000MHz 16 PCI Express 3.0 Video ...,MAD 2194,https://m.media-amazon.com/images/I/61z9XY3H4UL._AC_US218_.jpg,https://www.ubuy.ma/en/product/80XLAAOJK-amd-radeon-rx-580-8gb-gddr5-256bit-gaming-graphics-card-8k-7000mhz-16-pci-express-3-0-video-card-with-dual-cooling-fans-dp-hdml-dvi,2025_02_03,"December 26, 2024",,,,,"VGA, DVI, HDMI",,,ELICTECH,,775 GHz,4 GB,,,,,,,B0DRJB71KX,,China,Elictech-24-1226-1,Elictech,,1.5 lbs (0.68 kg),,,,,,ATI FirePro 2450,,
Fit for Colorful Fit for GeForce RTX 3080 Ti 12G Video Card Cards Computer Graphic ...,MAD 164419,https://m.media-amazon.com/images/I/61pceeBK-KL._AC_US218_.jpg,https://www.ubuy.ma/en/product/IRMIW6MPK-fit-for-colorful-fit-for-geforce-rtx-3080-ti-12g-video-card-cards-computer-graphic-graphics-card,2025_02_03,"November 23, 2024",,,,,"DisplayPort, DVI, HDMI",,,Generic,,1183 MHz,4 GB,,,,,,,B0DNX2X87K,,China,,"Shenzhen IngenuitySuperior Digital Technology Co., Ltd",,1.11 pounds (0.5 kg),5.7 x 4.8 x 0.04 inches (14.5 x 12.2 x 0.1 cm),,,,,AMD Radeon RX 550,,
"RX 580 Graphics Card, 8GB GDDR5 256bit Gaming Graphics Card Video Cards for PC, PCI ...",MAD 1983,https://m.media-amazon.com/images/I/71Y12gadBRL._AC_US218_.jpg,https://www.ubuy.ma/en/product/7T13T79L8-rx-580-graphics-card-8gb-gddr5-256bit-gaming-graphics-card-video-cards-for-pc-pci-express-x16-3-0-hdmi-2-cooling-fans-1080p-support-hd-60hz,2025_02_03,"November 23, 2024",,,,,"DisplayPort, DVI, HDMI",,,Generic,,1183 MHz,4 GB,,,,,,,B0DNX2X87K,,China,,"Shenzhen IngenuitySuperior Digital Technology Co., Ltd",,1.11 pounds (0.5 kg),5.7 x 4.8 x 0.04 inches (14.5 x 12.2 x 0.1 cm),,,,,AMD Radeon RX 550,,
"RX 580 Graphics Card, GDDR5 8GB 256Bit PCI Express 3.0 x 16 Dual Fan Graphics Card, ...",MAD 1724,https://m.media-amazon.com/images/I/71h48w-NEsL._AC_US218_.jpg,https://www.ubuy.ma/en/product/8CVI01JCA-rx-580-graphics-card-gddr5-8gb-256bit-pci-express-3-0-x-16-dual-fan-graphics-card-8k-desktop-gaming-video-card-computer-gpu-support-dp-dvi-d-pc,2025_02_03,"May 28, 2014",GeForce GTX TITAN Z,,,No,HDMI,,,EVGA,,705,12 GB,,,7000 MHz,,,NVIDIA,B00JZ4SN4C,GeForce GTX Titan Z,,12G-P4-3990-KR,EVGA,10.5 x 3 x 4.38 inches (26.7 x 7.6 x 11.1 cm),3 pounds (1.36 kg),10.5 x 3 x 4.38 inches (26.7 x 7.6 x 11.1 cm),12 GB,4096 x 2160,,,Nvidia GeForce,,
AMD RX 550 Graphics Card 4GB GDDR5 Outperforms GT 1030 by 25% 4K 128-bit ...,MAD 1081,https://m.media-amazon.com/images/I/514ob-aRlYL._AC_US218_.jpg,https://www.ubuy.ma/en/product/MVW4USLW4-amd-rx-550-graphics-card-4gb-gddr5-outperforms-gt-1030-by-25-4k-128-bit-hdmi-dp-dvi-1100-1183-1500-base-boost-mem-no-power-cable-needed,2025_02_03,"May 28, 2014",GeForce GTX TITAN Z,,,No,HDMI,,,EVGA,,705,12 GB,,,7000 MHz,,,NVIDIA,B00JZ4SN4C,GeForce GTX Titan Z,,12G-P4-3990-KR,EVGA,10.5 x 3 x 4.38 inches (26.7 x 7.6 x 11.1 cm),3 pounds (1.36 kg),10.5 x 3 x 4.38 inches (26.7 x 7.6 x 11.1 cm),12 GB,4096 x 2160,,,Nvidia GeForce,,
Computer Graphics Cards 4GB HD6770 128bit DDR5 Display Port PC Gaming Video Card ...,MAD 890,https://m.media-amazon.com/images/I/610mvM-5DmL._AC_US218_.jpg,https://www.ubuy.ma/en/product/N26CMQM0E-computer-graphics-cards-4gb-hd6770-128bit-ddr5-display-port-pc-gaming-video-card-pci-express-2-0-16x-with-dvi-i-and-vga-ports-for-gaming-desktop-pc,2025_02_03,"May 28, 2014",GeForce GTX TITAN Z,,,No,HDMI,,,EVGA,,705,12 GB,,,7000 MHz,,,NVIDIA,B00JZ4SN4C,GeForce GTX Titan Z,,12G-P4-3990-KR,EVGA,10.5 x 3 x 4.38 inches (26.7 x 7.6 x 11.1 cm),3 pounds (1.36 kg),10.5 x 3 x 4.38 inches (26.7 x 7.6 x 11.1 cm),12 GB,4096 x 2160,,,Nvidia GeForce,,
"EVGA GeForce GTX TITAN Z 12GB GAMING, Fastest NVIDIA GPU Graphics Card 12G-P4-3990-KR",MAD 12340,https://m.media-amazon.com/images/I/71w+wxT6puL._AC_US218_.jpg,https://www.ubuy.ma/en/product/7NVP6662-evga-geforce-gtx-titan-z-12gb-gddr5-768-bit-gpu-graphics-card-12g-p4-3990-kr,2025_02_03,"May 16, 2023",,,,,DisplayPort,,,Cuifati,,1284 MHz,8 GB,,10.79 x 6.06 x 2.56 inches (27.4 x 15.4 x 6.5 cm),,,,,B0C5DQWQPV,,China,CUIFATIe7gtogudc6,CUIFATI,,1.94 pounds (0.88 kg),,,,,,AMD Radeon RX 580,,
"AMD RX 550 Graphics Card, 4GB GDDR5, Outperforms GT 1030 by 25% 4K 128-bit ...",MAD 1081,https://m.media-amazon.com/images/I/61VCqjdMVLL._AC_US218_.jpg,https://www.ubuy.ma/en/product/JUVKML8J6-amd-rx-550-graphics-card-4gb-gddr5-outperforms-gt-1030-by-25-4k-128-bit-hdmi-dp-dvi-1100-1183-1500-base-boost-mem-no-power-cable-needed,2025_02_03,"May 16, 2023",,,,,DisplayPort,,,Cuifati,,1284 MHz,8 GB,,10.79 x 6.06 x 2.56 inches (27.4 x 15.4 x 6.5 cm),,,,,B0C5DQWQPV,,China,CUIFATIe7gtogudc6,CUIFATI,,1.94 pounds (0.88 kg),,,,,,AMD Radeon RX 580,,
"RX 580 Gaming Graphics Card, 8GB GDDR5 256bit Gaming GPU Graphics Card with , DVI, ...",MAD 1959,https://d3ulwu8fab47va.cloudfront.net/skin/frontend/default/ubuycom/images/loading.gif,https://www.ubuy.ma/en/product/IW5GXIDM8-rx-580-gaming-graphics-card-8gb-gddr5-256bit-gaming-gpu-graphics-card-with-dp-hdmi-dvi-16-x-pci-express-3-0-dual-cooling-fans-graphics-card,2025_02_03,"May 16, 2023",,,,,DisplayPort,,,Cuifati,,1284 MHz,8 GB,,10.79 x 6.06 x 2.56 inches (27.4 x 15.4 x 6.5 cm),,,,,B0C5DQWQPV,,China,CUIFATIe7gtogudc6,CUIFATI,,1.94 pounds (0.88 kg),,,,,,AMD Radeon RX 580,,
"GeForce GT 1030 Graphics Card, 4GB 64Bit GDDR4, PCIe 3.0 x4, HDMI/DVI-D, DirectX ...",MAD 1286,https://d3ulwu8fab47va.cloudfront.net/skin/frontend/default/ubuycom/images/loading.gif,https://www.ubuy.ma/en/product/4ELE91EZW-zer-lon-geforce-gt-1030-graphics-card-computer-gaming-video-card-4gb-64bit-gddr4-pcie-3-0-x4-hdmi-dvi-d-directx-12-gpu-boost-3-0-desktop-gpu,2025_02_03,"November 3, 2022",,‎ZJchao,‎ZJchaoumdti5vgrb,,VGA,,,ZJchao,,1000 MHz,4 GB,,‎8.86 x 6.34 x 2.2 inches,,,,,B0BLCC39FL,,‎China,‎ZJchaoumdti5vgrb,ZJchao,,‎15.6 ounces,,,,‎1,,AMD Radeon HD 7670,,
RX 580 Graphics Card 8GB GDDR5 Gaming Graphics Cards 256BIT RX 580 Graphics Card ...,MAD 2018,https://d3ulwu8fab47va.cloudfront.net/skin/frontend/default/ubuycom/images/loading.gif,https://www.ubuy.ma/en/product/C0VER1UFO-radeon-rx-580-graphics-card-8gb-gddr5-gaming-graphics-cards-256bit-rx-580-graphics-card-with-dual-fans-dvi-dp-hdml-plug-and-play,2025_02_03,"August 29, 2023",,,,,"VGA, DVI, HDMI",,,Dpofirs,,1800 MHz,1 GB,,,,,,,B0CGVTZG22,,China,Dpofirs4ghy7mucin,Dpofirs,,5.3 ounces (150.26 grams),5.91 x 4.72 x 0.79 inches (15 x 12 x 2 cm),,,,,NVIDIA GeForce GT 610,,
AMD RX 5500 XT Graphics Card 8 GB GDDR6 as Fast as RX 6500XT 1.3X GTX 1650 PCI ...,MAD 2229,https://d3ulwu8fab47va.cloudfront.net/skin/frontend/default/ubuycom/images/loading.gif,https://www.ubuy.ma/en/product/JUI0Y7DUA-amd-rx-5500-xt-graphics-card-8-gb-gddr6-as-fast-as-rx-6500xt-1-3x-gtx-1650-pci-express-4-0-x8-directx12-1-1408-shaders-1717-1845-mhz-base-boost-1750,2025_02_03,"November 23, 2022",,,,,"VGA, DVI, HDMI",,,Cuifati,,750 MHz,2.00,,7.87 x 6.02 x 1.65 inches (20 x 15.3 x 4.2 cm),,,,,B0BN6FJJR5,,China,CUIFATIr9o4e3w7qp,CUIFATI,,8.8 ounces (249.48 grams),,,,,,AMD Radeon HD 6450,,
Game Graphics Card HD7670 1GB 128bit DDR5 Graphics Card Gaming Graphics Display ...,MAD 754,https://d3ulwu8fab47va.cloudfront.net/skin/frontend/default/ubuycom/images/loading.gif,https://www.ubuy.ma/en/product/SUE9I7U-junlucki-game-graphics-card-hd7670-1gb-128bit-ddr5-graphics-card-gaming-graphics-display-video-card-,2025_02_03,"November 23, 2022",,,,,"VGA, DVI, HDMI",,,Cuifati,,750 MHz,2.00,,7.87 x 6.02 x 1.65 inches (20 x 15.3 x 4.2 cm),,,,,B0BN6FJJR5,,China,CUIFATIr9o4e3w7qp,CUIFATI,,8.8 ounces (249.48 grams),,,,,,AMD Radeon HD 6450,,
"Graphics Card, Hd7670 4gb Gddr5 Graphics Cards 128bit 1000mhz Gaming Graphics Card ...",MAD 667,https://d3ulwu8fab47va.cloudfront.net/skin/frontend/default/ubuycom/images/loading.gif,https://www.ubuy.ma/en/product/BAS9VZWJO-graphics-card-hd7670-4gb-gddr5-graphics-cards-128bit-1000mhz-gaming-graphics-card-core-frequency-supports-directx-11-pci-x16-2-1-for-home-graphics,2025_02_03,"November 23, 2022",,,,,"VGA, DVI, HDMI",,,Cuifati,,750 MHz,2.00,,7.87 x 6.02 x 1.65 inches (20 x 15.3 x 4.2 cm),,,,,B0BN6FJJR5,,China,CUIFATIr9o4e3w7qp,CUIFATI,,8.8 ounces (249.48 grams),,,,,,AMD Radeon HD 6450,,
"HD6450 Graphics Card, 64bit 3600MHz 2GB DDR3 Graphics Card, 4K Video Card Upgrade ...",MAD 908,https://d3ulwu8fab47va.cloudfront.net/skin/frontend/default/ubuycom/images/loading.gif,https://www.ubuy.ma/en/product/81GZLL48K-radeon-hd6450-graphics-card-64bit-3600mhz-2gb-ddr3-graphics-card-4k-video-card-upgrade-computer-accessories-hdml-dp-dvi-for-desktop,2025_02_03,"November 2, 2021",,,,,"VGA, DVI, HDMI",,,ZER-LON,,700 MHz,4.00,,,,,,,B09KTFWNPK,,China,GT 730 4G,ZER-LON,,13.4 ounces (379.89 grams),6.1 x 4.2 x 0.8 inches (15.5 x 10.7 x 2 cm),,,,,GT 730,,
"GT610 Graphics Card for Office, 1GB DDR3 Video Card Computer Graphics Card with VGA ...",MAD 524,https://d3ulwu8fab47va.cloudfront.net/skin/frontend/default/ubuycom/images/loading.gif,https://www.ubuy.ma/en/product/FTS82IYAK-gt610-graphics-card-for-office-1gb-ddr3-video-card-computer-graphics-card-with-hdmi-vga-dvi-interface-64-bit-810mhz-game-graphics-card-with-silence,2025_02_03,"November 2, 2021",,,,,"VGA, DVI, HDMI",,,ZER-LON,,700 MHz,4.00,,,,,,,B09KTFWNPK,,China,GT 730 4G,ZER-LON,,13.4 ounces (379.89 grams),6.1 x 4.2 x 0.8 inches (15.5 x 10.7 x 2 cm),,,,,GT 730,,
"GT610 Computer Graphics Card, 2GB DDR3 64bit PCI Express X16 Gaming Graphics Card ...",MAD 525,https://d3ulwu8fab47va.cloudfront.net/skin/frontend/default/ubuycom/images/loading.gif,https://www.ubuy.ma/en/product/EJRN3BME0-bewinner-gt610-computer-graphics-card-2gb-ddr3-64bit-pci-express-x16-gaming-graphics-card-with-dvi-vga-hdmi-interface-for-computer-desktop,2025_02_03,"December 8, 2022",,,,,"DisplayPort, DVI",,,Estink,,1284 MHz,8 GB,,11.86 x 7.37 x 3.11 inches (30.1 x 18.7 x 7.9 cm),,,,,B0BPJHM73P,,China,,Estink,,1.95 pounds (0.88 kg),,,,,,AMD Radeon RX 580,,
"HD 7670 Graphics Card, 4GB GDDR5 Gaming Graphics Card 128bit 1000MHz Video Card ...",MAD 982,https://d3ulwu8fab47va.cloudfront.net/skin/frontend/default/ubuycom/images/loading.gif,https://www.ubuy.ma/en/product/81GZLNT7K-amd-radeon-hd-7670-graphics-card-4gb-gddr5-gaming-graphics-card-128bit-1000mhz-video-card-directx-11-gpu-hdml-dp-dvi-for-upgrade-computer,2025_02_03,"December 8, 2022",,,,,"DisplayPort, DVI",,,Estink,,1284 MHz,8 GB,,11.86 x 7.37 x 3.11 inches (30.1 x 18.7 x 7.9 cm),,,,,B0BPJHM73P,,China,,Estink,,1.95 pounds (0.88 kg),,,,,,AMD Radeon RX 580,,
"GT 730 Graphics Card, Computer Low Profile GPU, 4GB 128Bit GDDR3 PCIe x16, ...","MAD 1013                                                                        
                                                                            1081",https://d3ulwu8fab47va.cloudfront.net/skin/frontend/default/ubuycom/images/loading.gif,https://www.ubuy.ma/en/product/48KZ2D0QI-nvidia-gt-730-graphics-card-computer-low-profile-gpu-4gb-128bit-ddr3-pcie-x16-hdmi-vga-dvi-directx-11-physx-opengl-3-1-desktop-gaming-video,2025_02_03,"December 8, 2022",,,,,"DisplayPort, DVI",,,Estink,,1284 MHz,8 GB,,11.86 x 7.37 x 3.11 inches (30.1 x 18.7 x 7.9 cm),,,,,B0BPJHM73P,,China,,Estink,,1.95 pounds (0.88 kg),,,,,,AMD Radeon RX 580,,
AMD RX 5700 XT Graphics Card 8 GB DDR6 Performance Equal to RTX 3060 and 2060 Super ...,MAD 2926,https://d3ulwu8fab47va.cloudfront.net/skin/frontend/default/ubuycom/images/loading.gif,https://www.ubuy.ma/en/product/LZ1212X3K-amd-rx-5700-xt-graphics-card-8-gb-ddr6-performance-equal-to-rtx-3060-and-2060-super-2560sp-256bit-pci-e-4-0x16-base-bst-mem-1605-1905-1750-3x-dp-hdmi,2025_02_03,"December 12, 2024",,,,,,,,,,,,unisex-adult,,,,,,B0DQ75CTVZ,,China,1,Karlak,,,12.6 x 8.27 x 4.33 inches (32 x 21 x 11 cm),,,,,,,
AMD Radeon RX 5600 6GB GDDR6 Graphics Card Performance Equals RTX 3050 75% of 3060 ...,MAD 2366,https://d3ulwu8fab47va.cloudfront.net/skin/frontend/default/ubuycom/images/loading.gif,https://www.ubuy.ma/en/product/JSUP3O20W-amd-radeon-rx-5600-6gb-gddr6-graphics-card-performance-equals-rtx-3050-75-of-3060-3x-dp-hdmi-192-bit-1670-1750-mhz-core-memory-2048-shaders-pci4-4-0,2025_02_03,2023-08-14 19:45:10,‎Palit Storm X,,,,"DisplayPort, HDMI",,,Palit,‎Black,1830 MHz,8,,,‎17000 MHz,,,‎NVIDIA,,‎Dédiée,,‎NE64060019P1-1070F,‎PALIT,‎12.6 x 7.09 x 2.36 inches,‎1.1 pounds,‎12.6 x 7.09 x 2.36 inches,‎8,‎8K Ultra HD MP,,,Nvidia,,
"Estink RX 580 Graphics Card, 8GB GDDR5 256bit Support 8K 16 PCI Express 3.0 Gaming ...",MAD 1958,https://d3ulwu8fab47va.cloudfront.net/skin/frontend/default/ubuycom/images/loading.gif,https://www.ubuy.ma/en/product/87G9MFFNK-rx-580-graphics-card-8gb-gddr5-256bit-support-8k-16-pci-express-3-0-plug-and-play-computer-graphics-cards-accessories-for-dual-fan-desktop-computers,2025_02_03,2023-08-14 19:45:10,‎Palit Storm X,,,,"DisplayPort, HDMI",,,Palit,‎Black,1830 MHz,8,,,‎17000 MHz,,,‎NVIDIA,,‎Dédiée,,‎NE64060019P1-1070F,‎PALIT,‎12.6 x 7.09 x 2.36 inches,‎1.1 pounds,‎12.6 x 7.09 x 2.36 inches,‎8,‎8K Ultra HD MP,,,Nvidia,,
"Cuifati GDDR5 6G Graphics Card, GTX550Ti Gaming Graphics Card, 192bit 3400MHZ Video ...",MAD 1269,https://d3ulwu8fab47va.cloudfront.net/skin/frontend/default/ubuycom/images/loading.gif,https://www.ubuy.ma/en/product/8COI3Z53G-gddr5-6g-graphics-card-gtx550ti-gaming-graphics-card-192bit-3400mhz-video-card-with-dual-fan-hdml-vga-dvi-computer-upgrade-accessories,2025_02_03,2023-04-20 22:31:06,,,,,DVI,NVIDIA,,JYHF,,,4 GB,,,,,,,,,,,,,1.5 lbs (0.68 kg),,,,,,NVIDIA GeForce GT 1030,,
Graphics Card GTX 1660S 6GB GDRR6 192-Bit PCIEX16 3.0 Computer Gaming Graphics Card ...,MAD 3553,https://d3ulwu8fab47va.cloudfront.net/skin/frontend/default/ubuycom/images/loading.gif,https://www.ubuy.ma/en/product/N3GS4RCTS-graphics-card-gtx-1660s-6gb-gdrr6-192-bit-pciex16-3-0-computer-gaming-graphics-card-for-gaming-pc-dual-cing-fans-video-card-with,2025_02_03,"August 18, 2022",,,,,"DisplayPort, DVI, HDMI",,,Cuifati,,1284 MHz,8.00,,10.67 x 6.1 x 2.52 inches (27.1 x 15.5 x 6.4 cm),,,,,B0B9ZKPKP1,,China,AMD Radeon RX 580,CUIFATI,,2.03 pounds (0.92 kg),,,,,,AMD Radeon RX 580,,
"IAMNUC Nvidia Palit GeForce RTX 4060 StormX 8GB, GDDR6 PCI-Express, DLSS 3, Ray ...",MAD 5552,https://d3ulwu8fab47va.cloudfront.net/skin/frontend/default/ubuycom/images/loading.gif,https://www.ubuy.ma/en/product/FBWDWXY04-iamnuc-nvidia-palit-geforce-rtx-4060-stormx-8gb-gddr6-pci-express-dlss-3-ray-tracing-up-to-8k-gaming-vrr-g-sync,2025_02_03,"August 18, 2022",,,,,"DisplayPort, DVI, HDMI",,,Cuifati,,1284 MHz,8.00,,10.67 x 6.1 x 2.52 inches (27.1 x 15.5 x 6.4 cm),,,,,B0B9ZKPKP1,,China,AMD Radeon RX 580,CUIFATI,,2.03 pounds (0.92 kg),,,,,,AMD Radeon RX 580,,
"VBESTLIFE GeForce GT220 1G Graphics Card, DDR3, 128bit, PCI Express 2.0 x16, ...",MAD 563,https://d3ulwu8fab47va.cloudfront.net/skin/frontend/default/ubuycom/images/loading.gif,https://www.ubuy.ma/en/product/JMQQQE9FS-vbestlife-geforce-gt220-1g-graphics-card-ddr3-128bit-pci-express-2-0-x16-625-2024mhz-desktop-computer-video-card-with-dvi-and-vga-ports,2025_02_03,"January 5, 2023",ZOTAC GAMING GeForce RTX 4070 Ti Trinity OC,,,,"3 x DisplayPort 1.4a: 8K @ 60Hz, HDMI 2.1a: 8K @ 60 Hz",,,ZOTAC,Black,2625 MHz,12 GB,,,21 GHz,,,NVIDIA,B0BQCVTSR3,Dedicated,,ZT-D40710J-10P,ZOTAC,12.1 x 4.7 x 0.1 inches (30.7 x 11.9 x 0.3 cm),4.4 pounds (2 kg),12.1 x 4.7 x 0.1 inches (30.7 x 11.9 x 0.3 cm),12 GB,7680 x 4320,,,NVIDIA GeForce RTX 4070Ti,,
Gaming graphicsFit for Yeston GT1030 64-Bit 4GB DDR4 Graphics Card GP108 PCI ...,MAD 4027,https://d3ulwu8fab47va.cloudfront.net/skin/frontend/default/ubuycom/images/loading.gif,https://www.ubuy.ma/en/product/B3JB3P87S-jyhf-gaming-graphicsfit-for-yeston-gt1030-64-bit-4gb-ddr4-graphics-card-gp108-pci-express-3-0-x4-dvi-d-gaming-video-card-gpu-windows7-8-10-btc-gaming,2025_02_03,"January 5, 2023",ZOTAC GAMING GeForce RTX 4070 Ti Trinity OC,,,,"3 x DisplayPort 1.4a: 8K @ 60Hz, HDMI 2.1a: 8K @ 60 Hz",,,ZOTAC,Black,2625 MHz,12 GB,,,21 GHz,,,NVIDIA,B0BQCVTSR3,Dedicated,,ZT-D40710J-10P,ZOTAC,12.1 x 4.7 x 0.1 inches (30.7 x 11.9 x 0.3 cm),4.4 pounds (2 kg),12.1 x 4.7 x 0.1 inches (30.7 x 11.9 x 0.3 cm),12 GB,7680 x 4320,,,NVIDIA GeForce RTX 4070Ti,,
"RX 580 Graphics Card 256bit 8GB GDDR5 Gaming Graphics Card with Cooling Fans, 16 ...",MAD 1963,https://d3ulwu8fab47va.cloudfront.net/skin/frontend/default/ubuycom/images/loading.gif,https://www.ubuy.ma/en/product/7AFS8XMGO-rx-580-graphics-card-256bit-8gb-gddr5-gaming-graphics-card-with-dual-cooling-fans-16-pci-express-3-0-dp-hdml-dvi-plug-and-play-computer-graphics,2025_02_03,"June 8, 2023",,,,,VGA,NVIDIA,,EBTOOLS,,600 MHz,2 GB,,7.48 x 5.91 x 1.57 inches (19 x 15 x 4 cm),,,,,B0C7G7CW16,,China,EBTOOLSfpdev1mr43,EBTOOLS,,7.8 ounces (221.13 grams),,,,,,,,
"EBTOOLS GT610 Graphics Card, 2GB 64bit DDR3 Computer Gaming Graphics Card, DVI VGA, ...",MAD 578,https://d3ulwu8fab47va.cloudfront.net/skin/frontend/default/ubuycom/images/loading.gif,https://www.ubuy.ma/en/product/CLJC7SO0W-ebtools-gt610-graphics-card-2gb-64bit-ddr3-computer-gaming-graphics-card-hdmi-dvi-vga-pci-express-1-1-x-16-single-cooling-fan-for-computer,2025_02_03,"May 31, 2023",,‎Dpofirs,‎Dpofirs9haembwos7,,VGA,,,Dpofirs,,600 MHz,2 GB,,,,,,,B0C6QV2PHR,,‎China,‎Dpofirs9haembwos7,Dpofirs,,‎9.5 ounces,,,,‎1,,NVIDIA,,
ZOTAC Gaming GeForce RTX 4070 Ti Trinity OC DLSS 3 12GB GDDR6X 192-bit 21 Gbps PCIE ...,MAD 16440,https://d3ulwu8fab47va.cloudfront.net/skin/frontend/default/ubuycom/images/loading.gif,https://www.ubuy.ma/en/product/88RDMJVQK-zotac-gaming-geforce-rtx-4070-ti-trinity-oc-dlss-3-12gb-gddr6x-192-bit-21-gbps-pcie-4-0-gaming-graphics-card-icestorm-2-0-advanced-cooling-spectra,2025_02_03,"May 31, 2023",,‎Dpofirs,‎Dpofirs9haembwos7,,VGA,,,Dpofirs,,600 MHz,2 GB,,,,,,,B0C6QV2PHR,,‎China,‎Dpofirs9haembwos7,Dpofirs,,‎9.5 ounces,,,,‎1,,NVIDIA,,
"Jectse GT610 Graphics Card, 2GB 64bit Game Graphics Card PCI Express 1.1 x 16 ...",MAD 510,https://d3ulwu8fab47va.cloudfront.net/skin/frontend/default/ubuycom/images/loading.gif,https://www.ubuy.ma/en/product/G855PQFP2-jectse-gt610-graphics-card-2gb-64bit-game-graphics-card-hdmi-pci-express-1-1-x-16-professional-desktop-computer-graphics-card-for-gaming-pc,2025_02_03,"May 31, 2023",,‎Dpofirs,‎Dpofirs9haembwos7,,VGA,,,Dpofirs,,600 MHz,2 GB,,,,,,,B0C6QV2PHR,,‎China,‎Dpofirs9haembwos7,Dpofirs,,‎9.5 ounces,,,,‎1,,NVIDIA,,
"EVGA GeForce GTX 1080 Ti SC Black Edition Gaming, 11GB GDDR5X, iCX Cooler & LED, ...","MAD 8050                                                                        
                                                                            10304",https://d3ulwu8fab47va.cloudfront.net/skin/frontend/default/ubuycom/images/loading.gif,https://www.ubuy.ma/en/product/5C3YUM7L4-evga-geforce-gtx-1080-ti-sc-black-edition-gaming-11gb-gddr5x-icx-cooler-led-optimized-airflow-design-interlaced-pin-fin-graphics-card-11g-p4-6393-kr,2025_02_03,"May 31, 2023",,‎Dpofirs,‎Dpofirs9haembwos7,,VGA,,,Dpofirs,,600 MHz,2 GB,,,,,,,B0C6QV2PHR,,‎China,‎Dpofirs9haembwos7,Dpofirs,,‎9.5 ounces,,,,‎1,,NVIDIA,,
"GT610 2GB Graphics Card, 610 2G DDR3 64bit, Desktop Graphics Card for Business ...",MAD 490,https://d3ulwu8fab47va.cloudfront.net/skin/frontend/default/ubuycom/images/loading.gif,https://www.ubuy.ma/en/product/CEAUCFC9I-dpofirs-gt610-2gb-graphics-card-gt-610-2g-ddr3-64bit-desktop-graphics-card-for-business-office-pci-e-1-1-x-16-dvi-vga-hdmis-pc-video-card,2025_02_03,"April 27, 2023",ZOTAC GAMING GeForce RTX 4070 AMP AIRO Spider-Man: Across the Spider-Verse,,,,"3 x DisplayPort 1.4a: 8K @ 60Hz, HDMI 2.1a: 8K @ 60 Hz",,,ZOTAC,Gun Metal,2535 MHz,12 GB,,,21,,,NVIDIA,B0C3T6R25X,Dedicated,,ZT-D40700F-10SMP,ZOTAC,12.1 x 2.3 x 4.9 inches (30.7 x 5.8 x 12.4 cm),5.48 pounds (2.49 kg),12.1 x 2.3 x 4.9 inches (30.7 x 5.8 x 12.4 cm),12 GB,7680 x 4320,,,GeForce RTX 4070,,
Graphics cardsFit for MAXSUN RTX 3060Ti Icraft 8GB GDDR6 GPU NVIDIA Computer PC ...,MAD 69475,https://d3ulwu8fab47va.cloudfront.net/skin/frontend/default/ubuycom/images/loading.gif,https://www.ubuy.ma/en/product/N44FYGPX0-graphics-cardsfit-for-maxsun-rtx-3060ti-icraft-8gb-gddr6-gpu-nvidia-computer-pc-256bit-dp-3-pci-express-x16-4-0-rgb-gaming-video-graphics-card,2025_02_03,"April 15, 2024",,,,,"VGA, DVI, HDMI",AMD,,,,,1 GB,,,,,,,B0D1QXXVG5,,China,,wsdhswhdhsdsds,,,8.66 x 4.53 x 0.1 inches (22 x 11.5 x 0.3 cm),,,,,,,
KAER NVIDIA Geforce GTX1060 Gaming Graphics Card PCIe 16 2.0  3G GDDR5 Memory  192 ...,MAD 1696,https://d3ulwu8fab47va.cloudfront.net/skin/frontend/default/ubuycom/images/loading.gif,https://www.ubuy.ma/en/product/JMZMDMY84-nvidia-geforce-gtx1060-gaming-graphics-card-pcie-16-2-0-3g-gddr5-memory-192-bit-or-pc-video-card-with-dual-fans-computer-gpu-with-dvi-hdmi-dp,2025_02_03,"June 8, 2023",,,,,VGA,,,EBTOOLS,,1800 MHz,1 GB,,7.6 x 5.83 x 1.73 inches (19.3 x 14.8 x 4.4 cm),,,,,B0C7G7XJZB,,China,EBTOOLSiudbogqhg4,EBTOOLS,,8.4 ounces (238.14 grams),,,,,,NVIDIA GT610,,
Gaming GraphicsGraphics Card Professional Fit for GTX1050TI 1GB DDR5 Graphics Card ...,MAD 6793,https://d3ulwu8fab47va.cloudfront.net/skin/frontend/default/ubuycom/images/loading.gif,https://www.ubuy.ma/en/product/JTL8VJUOA-gaming-graphicsgraphics-card-professional-fit-for-gtx1050ti-1gb-ddr5-graphics-card-green-128bit-dvi-vga-gpu-game-video-card-for-pc-gaming,2025_02_03,"August 9, 2022",,,,,"DisplayPort, DVI, HDMI",,,VBESTLIFE,,1284 MHz,8 GB,,11.81 x 7.8 x 3.03 inches (30 x 19.8 x 7.7 cm),,,,,B0B917494Q,,China,Vbestlife3fca4bxzmt7761,Vbestlife,,1.96 pounds (0.89 kg),,,,,,AMD Radeon RX 580,,
ZOTAC Gaming GeForce RTX 4070 Twin Edge OC DLSS 3 12GB GDDR6X 192-bit 21 Gbps PCIE ...,MAD 10168,https://d3ulwu8fab47va.cloudfront.net/skin/frontend/default/ubuycom/images/loading.gif,https://www.ubuy.ma/en/product/AWSD32X6Y-zotac-gaming-geforce-rtx-4070-twin-edge-oc-dlss-3-12gb-gddr6x-192-bit-21-gbps-pcie-4-0-compact-gaming-graphics-card-icestorm-2-0-advanced-cooling,2025_02_03,"August 9, 2022",,,,,"DisplayPort, DVI, HDMI",,,VBESTLIFE,,1284 MHz,8 GB,,11.81 x 7.8 x 3.03 inches (30 x 19.8 x 7.7 cm),,,,,B0B917494Q,,China,Vbestlife3fca4bxzmt7761,Vbestlife,,1.96 pounds (0.89 kg),,,,,,AMD Radeon RX 580,,
ZOTAC Gaming GeForce RTX 4070 AMP AIRO Spider-Man Across The Spider-Verse Inspired ...,MAD 9789,https://d3ulwu8fab47va.cloudfront.net/skin/frontend/default/ubuycom/images/loading.gif,https://www.ubuy.ma/en/product/BNK6213KA-zotac-gaming-geforce-rtx-4070-amp-airo-spider-man-across-the-spider-verse-inspired-graphics-card-bundle-zt-d40700f-10smp,2025_02_03,"August 9, 2022",,,,,"DisplayPort, DVI, HDMI",,,VBESTLIFE,,1284 MHz,8 GB,,11.81 x 7.8 x 3.03 inches (30 x 19.8 x 7.7 cm),,,,,B0B917494Q,,China,Vbestlife3fca4bxzmt7761,Vbestlife,,1.96 pounds (0.89 kg),,,,,,AMD Radeon RX 580,,
"EBTOOLS PC Graphics Card, GT610 1GB DDR3 Gaming Graphics Card, 64 Bit Game Graphics ...",MAD 550,https://d3ulwu8fab47va.cloudfront.net/skin/frontend/default/ubuycom/images/loading.gif,https://www.ubuy.ma/en/product/EJRN3BMTK-ebtools-pc-graphics-card-gt610-1gb-ddr3-gaming-graphics-card-64-bit-game-graphics-card-with-silence-cooling-fan-support-dvi-vga-hdmi-interface-pci,2025_02_03,"February 20, 2024",,,,,DisplayPort,,,Zunate,,1620 MHz,11 GB,,12.01 x 7.83 x 4.29 inches (30.5 x 19.9 x 10.9 cm),,,,,B0CW1RMDMR,,China,Zunate03bc2yia6g,Zunate,,2.46 pounds (1.12 kg),,,,,,NVIDIA GeForce GTX 1080 Ti,,
"VBESTLIFE RX 580 Graphics Card, 8GB GDDR5 256Bit Gaming Graphics Card, PCI Express ...",MAD 1928,https://d3ulwu8fab47va.cloudfront.net/skin/frontend/default/ubuycom/images/loading.gif,https://www.ubuy.ma/en/product/7AFS8XQW2-vbestlife-rx-580-graphics-card-8gb-gddr5-256bit-gaming-graphics-card-pci-express-3-0x16-3-displayport-hdmi-dvi-dual-air-cooling-pc-video-cards-4k,2025_02_03,"February 20, 2024",,,,,DisplayPort,,,Zunate,,1620 MHz,11 GB,,12.01 x 7.83 x 4.29 inches (30.5 x 19.9 x 10.9 cm),,,,,B0CW1RMDMR,,China,Zunate03bc2yia6g,Zunate,,2.46 pounds (1.12 kg),,,,,,NVIDIA GeForce GTX 1080 Ti,,
"EVGA GeForce GTX 660Ti SUPERCLOCKED 2048MB GDDR5 DVI-I, DVI-D, HDMI, DP, SLI ...",MAD 5235,https://d3ulwu8fab47va.cloudfront.net/skin/frontend/default/ubuycom/images/loading.gif,https://www.ubuy.ma/en/product/JGHGSCX1S-geforce-gtx-660ti-superclocked-2048mb-gddr5-dvi-i-dvi-d-hdmi-dp-sli-graphics-card-02g-p4-3662-kr-graphics-cards-02g-p4-3662-kr,2025_02_03,"October 9, 2022",,,,,"DVI, HDMI",AMD,,Dilwe,,1284 MHz,8 GB,,11.02 x 8.27 x 3.15 inches (28 x 21 x 8 cm),,,,,B0BHRLD3SR,,China,,Dilwe,,2.07 pounds (0.94 kg),,,,,,,,
"8GB GDDR5 RX 580 Graphics Card 256bit Gaming Graphics Card with Cooling Fans, 16 ...",MAD 2350,https://d3ulwu8fab47va.cloudfront.net/skin/frontend/default/ubuycom/images/loading.gif,https://www.ubuy.ma/en/product/ID0A2VEJW-cuifati-8gb-gddr5-amd-radeon-rx-580-graphics-card-256bit-gaming-graphics-card-with-dual-cooling-fans-16-pci-express-3-0-3dp-hdml-plug-and-play,2025_02_03,"October 9, 2022",,,,,"DVI, HDMI",AMD,,Dilwe,,1284 MHz,8 GB,,11.02 x 8.27 x 3.15 inches (28 x 21 x 8 cm),,,,,B0BHRLD3SR,,China,,Dilwe,,2.07 pounds (0.94 kg),,,,,,,,
"EVGA GeForce GTX 660Ti 2048MB GDDR5 DVI-I, DVI-D, HDMI, DP, SLI Graphics Card ...",MAD 5235,https://d3ulwu8fab47va.cloudfront.net/skin/frontend/default/ubuycom/images/loading.gif,https://www.ubuy.ma/en/product/JGHGSCX3M-geforce-gtx-660ti-2048mb-gddr5-dvi-i-dvi-d-hdmi-dp-sli-graphics-card-02g-p4-3660-kr-graphics-cards-02g-p4-3660-kr,2025_02_03,"September 2, 2023",,,,,"VGA, DVI",,,Cuifati,,775 MHz,4 GB,,10.24 x 5.91 x 2.36 inches (26 x 15 x 6 cm),,,,,B0CH5R6RZL,,China,Cuifatikgrn7sz25q-11,CUIFATI,,1.05 pounds (0.48 kg),,,,,,AMD Radeon HD 6770,,
"Zunate GTX 1080 Ti Graphics Card, 11GB GDDR5X 352Bit GPU Graphics Cards, 7680X4320 ...",MAD 7196,https://d3ulwu8fab47va.cloudfront.net/skin/frontend/default/ubuycom/images/loading.gif,https://www.ubuy.ma/en/product/IRARO7U2M-zunate-gtx-1080-ti-graphics-card-11gb-gddr5x-352bit-gpu-graphics-cards-7680x4320-desktop-video-card-for-office-and-gaming-3dp-hdmi-output-pci,2025_02_03,"September 2, 2023",,,,,"VGA, DVI",,,Cuifati,,775 MHz,4 GB,,10.24 x 5.91 x 2.36 inches (26 x 15 x 6 cm),,,,,B0CH5R6RZL,,China,Cuifatikgrn7sz25q-11,CUIFATI,,1.05 pounds (0.48 kg),,,,,,AMD Radeon HD 6770,,
"RX580 8GB Graphics Card, 256bit 1284/7000MHz GDDR5 Computer Graphics Card with ...",MAD 1775,https://d3ulwu8fab47va.cloudfront.net/skin/frontend/default/ubuycom/images/loading.gif,https://www.ubuy.ma/en/product/7T0E8SRTS-graphics-card-rx580-8gb-gddr5-256bit-computer-graphics-card-with-dual-fans-1284-7000mhz-desktop-computer-game-discrete-graphics-card-with-hdmi-3-x,2025_02_03,"September 2, 2023",,,,,"VGA, DVI",,,Cuifati,,775 MHz,4 GB,,10.24 x 5.91 x 2.36 inches (26 x 15 x 6 cm),,,,,B0CH5R6RZL,,China,Cuifatikgrn7sz25q-11,CUIFATI,,1.05 pounds (0.48 kg),,,,,,AMD Radeon HD 6770,,
Graphics Card Radeon HD6770 4GB DDR5 Computer Graphics Card 128 bit 775MHz GPU for ...,MAD 792,https://d3ulwu8fab47va.cloudfront.net/skin/frontend/default/ubuycom/images/loading.gif,https://www.ubuy.ma/en/product/IKS87B51K-graphics-card-amd-radeon-hd6770-4gb-ddr5-computer-graphics-card-128-bit-775mhz-gpu-for-directx-11-with-pci-express-2-0-dvi-vga-hdml-video-card,2025_02_03,"September 2, 2023",,,,,"VGA, DVI",,,Cuifati,,775 MHz,4 GB,,10.24 x 5.91 x 2.36 inches (26 x 15 x 6 cm),,,,,B0CH5R6RZL,,China,Cuifatikgrn7sz25q-11,CUIFATI,,1.05 pounds (0.48 kg),,,,,,AMD Radeon HD 6770,,
"Dpofirs 730 Gaming Graphics Card, 4G DDR3B 128bit Graphics Card with Cooling Fan ...",MAD 821,https://d3ulwu8fab47va.cloudfront.net/skin/frontend/default/ubuycom/images/loading.gif,https://www.ubuy.ma/en/product/ICB2OWYOC-dpofirs-gt-730-gaming-graphics-card-4g-ddr3b-128bit-graphics-card-with-cooling-fan-support-vga-dvi-hd-multimedia-interface-gaming-graphics-cards,2025_02_03,"January 21, 2024",,,,,PCI Express,,,VBESTLIFE,,7000 Amps,8 GB,,11.93 x 8.07 x 4.06 inches (30.3 x 20.5 x 10.3 cm),,,,,B0CSXM399T,,China,VBESTLIFE9sw5axb084-11,VBESTLIFE,,2.02 pounds (0.92 kg),,,,,,AMD Radeon RX 580,,
NVIDIA Graphics Card J3G89AT,MAD 1944,https://d3ulwu8fab47va.cloudfront.net/skin/frontend/default/ubuycom/images/loading.gif,https://www.ubuy.ma/en/product/12XJD6CS-nvidia-graphics-card-j3g89at,2025_02_03,"January 21, 2024",,,,,PCI Express,,,VBESTLIFE,,7000 Amps,8 GB,,11.93 x 8.07 x 4.06 inches (30.3 x 20.5 x 10.3 cm),,,,,B0CSXM399T,,China,VBESTLIFE9sw5axb084-11,VBESTLIFE,,2.02 pounds (0.92 kg),,,,,,AMD Radeon RX 580,,
Computer Upgrade King PNY NVD GeForce RTX 3070 XLR8 Gaming GPU Epic-X RGB Triple ...,MAD 5249,https://d3ulwu8fab47va.cloudfront.net/skin/frontend/default/ubuycom/images/loading.gif,https://www.ubuy.ma/en/product/8M4FVJ6V8-computer-upgrade-king-tuf-gaming-nvidia-geforce-rtx-3080-gddr6x-gamer-graphics-card-pcie-4-0-gpu-tuf-rtx3080-10g-made-by-asus,2025_02_03,"August 16, 2021",,,,,HDMI,,,Hilitand,,650 MHz,1 GB,,10.24 x 6.06 x 2.28 inches (26 x 15.4 x 5.8 cm),,,,,B09CP9WJP5,,China,,Hilitand,,1.01 pounds (0.46 kg),,,,,,AMD Radeon HD 6770,,
ASUS DUAL-RTX3060-O12G-V2 Graphic Card ROG Herculx Graphics Card Anti-Sag Holder ...,MAD 4634,https://d3ulwu8fab47va.cloudfront.net/skin/frontend/default/ubuycom/images/loading.gif,https://www.ubuy.ma/en/product/5A6E7DJG0-asus-dual-rtx3060-o12g-v2-amp-asus-rog-strix-riser-cable,2025_02_03,"August 16, 2021",,,,,HDMI,,,Hilitand,,650 MHz,1 GB,,10.24 x 6.06 x 2.28 inches (26 x 15.4 x 5.8 cm),,,,,B09CP9WJP5,,China,,Hilitand,,1.01 pounds (0.46 kg),,,,,,AMD Radeon HD 6770,,
"VBESTLIFE RX580 8GB Graphics Card, GDDR5, 256bit, PCI Express 3.0 x16, ...",MAD 1708,https://d3ulwu8fab47va.cloudfront.net/skin/frontend/default/ubuycom/images/loading.gif,https://www.ubuy.ma/en/product/JTA18B1UK-vbestlife-rx580-8gb-graphics-card-gddr5-256bit-pci-express-3-0-x16-1284-7000mhz-7680x4320-gaming-video-card-with-dvi-and-3dp-ports-rx580-8gb,2025_02_03,"July 30, 2024",,,,,"DisplayPort, HDMI",,,Generic,,1560 MHz,6 GB,,,,,,,B0DBMR57QG,,China,,"Shenzhen IngenuitySuperior Digital Technology Co., Ltd",,2.45 pounds (1.11 kg),10.1 x 5 x 0.1 inches (25.7 x 12.7 x 0.3 cm),,,,,AMD Radeon RX 5600 XT,,
GT730 4G Multi Screen Graphics Card 4G 128bit DDR3 993/1600MHz 4 HDMI/VGA/DVI D 4K ...,MAD 2516,https://d3ulwu8fab47va.cloudfront.net/skin/frontend/default/ubuycom/images/loading.gif,https://www.ubuy.ma/en/product/C0KR9V2F8-gt730-4g-multi-screen-graphics-card-4g-128bit-ddr3-993-1600mhz-4-hdmi-vga-dvi-d-4k-hdr-3d-directx-11-opengl-4-6-and-api-cuda-physx-fxaa-features-pcie,2025_02_03,"July 30, 2024",,,,,"DisplayPort, HDMI",,,Generic,,1560 MHz,6 GB,,,,,,,B0DBMR57QG,,China,,"Shenzhen IngenuitySuperior Digital Technology Co., Ltd",,2.45 pounds (1.11 kg),10.1 x 5 x 0.1 inches (25.7 x 12.7 x 0.3 cm),,,,,AMD Radeon RX 5600 XT,,
"Computer Graphics Cards, 4GB Graphics Card, for AMD Graphics Card, GPU for Gaming ...",MAD 977,https://d3ulwu8fab47va.cloudfront.net/skin/frontend/default/ubuycom/images/loading.gif,https://www.ubuy.ma/en/product/1MU8N1ISO-computer-graphics-cards-4gb-graphics-card-for-amd-graphics-card-gpu-for-gaming-pc-low-noise-and-quiet-work-ati-hd6770-128bit-ddr5-650mhz,2025_02_03,2022-02-08 12:22:06,,,,,,AMD,,Sonew,,650 MHz,4 GB,,‎10.28 x 6.14 x 2.28 inches,‎1000 MHz,,,‎AMD,,,‎China,,‎Sonew,,‎15.5 ounces,,‎4 GB,,,,AMD,,
"Zunate GT610 Graphic Card, 1GB DDR3 Graphics Card, 64 Bit Image Card Game Graphics ...",MAD 511,https://d3ulwu8fab47va.cloudfront.net/skin/frontend/default/ubuycom/images/loading.gif,https://www.ubuy.ma/en/product/F4YZB8J6G-zunate-gt610-graphic-card-1gb-ddr3-graphics-card-64-bit-image-card-game-graphics-card-support-dvi-vga-hdmi-pci-express-x16-desktop-video-card-with,2025_02_03,2022-02-08 12:22:06,,,,,,AMD,,Sonew,,650 MHz,4 GB,,‎10.28 x 6.14 x 2.28 inches,‎1000 MHz,,,‎AMD,,,‎China,,‎Sonew,,‎15.5 ounces,,‎4 GB,,,,AMD,,
AMD RX 5600 XT Graphics Card 6 GB DDR6 Outperforms RTX 3050 by 13% GTX !660 Ti 15% ...,MAD 2776,https://d3ulwu8fab47va.cloudfront.net/skin/frontend/default/ubuycom/images/loading.gif,https://www.ubuy.ma/en/product/LZAFRNQ4W-amd-rx-5600-xt-graphics-card-6-gb-ddr6-outperforms-rtx-3050-by-13-gtx-660-ti-15-1660-super-21-pci-express-4-0-x16-3-dp-hdmi-4k,2025_02_03,2022-02-08 12:22:06,,,,,,AMD,,Sonew,,650 MHz,4 GB,,‎10.28 x 6.14 x 2.28 inches,‎1000 MHz,,,‎AMD,,,‎China,,‎Sonew,,‎15.5 ounces,,‎4 GB,,,,AMD,,
ZOTAC Gaming GeForce RTX 4070 Twin Edge OC GDDR6 DLSS 3 12GB GDDR6 192-bit 20 Gbps ...,MAD 8611,https://d3ulwu8fab47va.cloudfront.net/skin/frontend/default/ubuycom/images/loading.gif,https://www.ubuy.ma/en/product/MEN6PLSG8-gaming-geforce-rtx-4070-twin-edge-oc-gddr6-dlss-3-12gb-gddr6-192-bit-20-gbps-pcie-4-0-compact-sff-gaming-graphics-card-icestorm-2-0-advanced-cooling,2025_02_03,"September 2, 2023",,,,,"VGA, DVI",,,Cuifati,,775 MHz,4 GB,,10.24 x 5.91 x 2.36 inches (26 x 15 x 6 cm),,,,,B0CH5R6RZL,,China,Cuifatikgrn7sz25q-11,CUIFATI,,1.05 pounds (0.48 kg),,,,,,AMD Radeon HD 6770,,
PNY GeForce RTX 4070 Ti 12GB XLR8 Gaming Verto Epic-X RGB Overclocked Triple Fan ...,MAD 12465,https://d3ulwu8fab47va.cloudfront.net/skin/frontend/default/ubuycom/images/loading.gif,https://www.ubuy.ma/en/product/88PPX4FIS-pny-geforce-rtx-4070-ti-12gb-xlr8-gaming-verto-epic-x-rgb-overclocked-triple-fan-graphics-card-dlss-3,2025_02_03,"September 2, 2023",,,,,"VGA, DVI",,,Cuifati,,775 MHz,4 GB,,10.24 x 5.91 x 2.36 inches (26 x 15 x 6 cm),,,,,B0CH5R6RZL,,China,Cuifatikgrn7sz25q-11,CUIFATI,,1.05 pounds (0.48 kg),,,,,,AMD Radeon HD 6770,,
"Computer Graphics Card, 1GB 64bit GDDR3 589MHz 1000MHz PCIE 2.0 Gaming Graphics ...",MAD 469,https://d3ulwu8fab47va.cloudfront.net/skin/frontend/default/ubuycom/images/loading.gif,https://www.ubuy.ma/en/product/884J7VO40-computer-graphics-card-1gb-64bit-gddr3-589mhz-1000mhz-pcie-2-0-gaming-graphics-cards-with-hd-mi-dvi-vga-interface-single-cooling-fan-for,2025_02_03,"September 2, 2023",,,,,"VGA, DVI",,,Cuifati,,775 MHz,4 GB,,10.24 x 5.91 x 2.36 inches (26 x 15 x 6 cm),,,,,B0CH5R6RZL,,China,Cuifatikgrn7sz25q-11,CUIFATI,,1.05 pounds (0.48 kg),,,,,,AMD Radeon HD 6770,,
"4GB DDR5 Graphics Card, Desktop Computer Network Accessories PCIE 2.0 Gaming ...",MAD 743,https://d3ulwu8fab47va.cloudfront.net/skin/frontend/default/ubuycom/images/loading.gif,https://www.ubuy.ma/en/product/4JFU20A7S-4gb-ddr5-graphics-card-desktop-computer-network-accessories-pcie-2-0-gaming-graphics-card-128bit-hd6770-650mhz-gpu-for-gaming-pc,2025_02_03,"September 2, 2023",,,,,"VGA, DVI",,,Cuifati,,775 MHz,4 GB,,10.24 x 5.91 x 2.36 inches (26 x 15 x 6 cm),,,,,B0CH5R6RZL,,China,Cuifatikgrn7sz25q-11,CUIFATI,,1.05 pounds (0.48 kg),,,,,,AMD Radeon HD 6770,,
Graphics Card Radeon HD6770 4GB DDR5 Computer Graphics Card 128 bit 775MHz GPU for ...,MAD 824,https://d3ulwu8fab47va.cloudfront.net/skin/frontend/default/ubuycom/images/loading.gif,https://www.ubuy.ma/en/product/LSDI8VVVC-graphics-card-amd-radeon-hd6770-4gb-ddr5-computer-graphics-card-128-bit-775mhz-gpu-for-directx-11-with-pci-express-2-0-dvi-vga-hdml-video-card-for-pc,2025_02_03,"June 10, 2021",,,,,"DisplayPort, HDMI",,,ZOTAC,,1755 MHz,8 GB,,,1770 MHz,,,ZOTAC,B08V1ZJP93,,,ZT-A30710D-10P,ZOTAC,9.1 x 5.6 x 1.6 inches (23.1 x 14.2 x 4.1 cm),2 pounds (0.91 kg),9.1 x 5.6 x 1.6 inches (23.1 x 14.2 x 4.1 cm),8 GB,,,Windows 10 64-bit (build 2004 or later),NVIDIA GeForce RTX 3070 Ti,,8 GB
EVGA GeForce GT730 2GB DDR3 Graphics Card,MAD 2229,https://d3ulwu8fab47va.cloudfront.net/skin/frontend/default/ubuycom/images/loading.gif,https://www.ubuy.ma/en/product/2ABST2FA-evga-geforce-gt730-2gb-ddr3-graphics-card,2025_02_03,,,,,,,,,,,,,,,,,,,,,,,,,,,,,,,,,
ZOTAC Gaming GeForce RTX  3070 Ti Trinity 8GB GDDR6X 256-bit 19 Gbps PCIE 4.0 ...,MAD 12354,https://d3ulwu8fab47va.cloudfront.net/skin/frontend/default/ubuycom/images/loading.gif,https://www.ubuy.ma/en/product/1GF7GJLK-zotac-geforce-rtx-3070-twin-edge-oc-graphics-card-directx-12-8gb-256-bit-gddr6-pcie-4-0-icestorm-2-0,2025_02_03,"January 19, 2024",,,,,DisplayPort,,,AISURIX,,1750 MHz,8 GB,,11.18 x 7.91 x 2.56 inches (28.4 x 20.1 x 6.5 cm),,,,,B0CSSGV193,,China,,AISURIX,,1.81 pounds (0.82 kg),,,,,,5500 8G,,
"VBESTLIFE RX 580 Graphics Card, 256 Bit 8GB GDDR5 Computer Gaming Graphics Cards ...",MAD 1969,https://d3ulwu8fab47va.cloudfront.net/skin/frontend/default/ubuycom/images/loading.gif,https://www.ubuy.ma/en/product/IW5GXIDK4-rx-580-graphics-card-256-bit-8gb-gddr5-computer-gaming-graphics-cards-with-dp-hdmi-dvi-16-pci-express-3-0-support-4k-60hz-hd-dual-fans-for-pc,2025_02_03,"January 19, 2024",,,,,DisplayPort,,,AISURIX,,1750 MHz,8 GB,,11.18 x 7.91 x 2.56 inches (28.4 x 20.1 x 6.5 cm),,,,,B0CSSGV193,,China,,AISURIX,,1.81 pounds (0.82 kg),,,,,,5500 8G,,
GeForce GTX 1660 Super 6GB Graphics Card GDDR6 192 Bit PCI-e 3.0 x16 4 Monitors ...,MAD 2652,https://d3ulwu8fab47va.cloudfront.net/skin/frontend/default/ubuycom/images/loading.gif,https://www.ubuy.ma/en/product/M6GNC9NZ4-srhonyra-geforce-gtx-1660-super-6gb-graphics-card-gddr5-192-bit-pci-e-3-0-x16-4-monitors-video-card-support-directx-12-opengl4-5-hdmi-and,2025_02_03,"January 19, 2024",,,,,DisplayPort,,,AISURIX,,1750 MHz,8 GB,,11.18 x 7.91 x 2.56 inches (28.4 x 20.1 x 6.5 cm),,,,,B0CSSGV193,,China,,AISURIX,,1.81 pounds (0.82 kg),,,,,,5500 8G,,
ASUS DUAL-RTX3060-O12G-V2 Graphic Card ROG Herculx Graphics Card Anti-Sag Holder ...,MAD 4497,https://d3ulwu8fab47va.cloudfront.net/skin/frontend/default/ubuycom/images/loading.gif,https://www.ubuy.ma/en/product/79OSOTNVS-asus-dual-rtx3060-o12g-v2-graphic-card-asus-rog-herculx-graphics-card-anti-sag-holder-bracket,2025_02_03,"January 21, 2015",,,,No,"DisplayPort, DVI, HDMI",,,ZOTAC,,1177 MHz,2 GB,,,7010 MHz,,,NVIDIA,B00SIOOLS2,,,ZT-90301-10M,ZOTAC,11 x 8.5 x 3.25 inches (27.9 x 21.6 x 8.3 cm),2 pounds (0.91 kg),11 x 8.5 x 3.25 inches (27.9 x 21.6 x 8.3 cm),2 GB,2560 x 1600,,Windows 10 / 8 / 7 / Vista / XP,Nvidia GeForce,,2 GB
"RX 5500 XT 8gb GDDR6 Graphics Card,128 Bit, 3XDP, HDMI, PCI Express 4.0X8, 8pin ...",MAD 2106,https://d3ulwu8fab47va.cloudfront.net/skin/frontend/default/ubuycom/images/loading.gif,https://www.ubuy.ma/en/product/8DK6Y1AEA-aisurix-radeon-rx-5500-xt-graphics-card-8gb-gddr6-128bit-pcie-4-0-hdmi-displayport-8pin-gaming-pc-computer-graphics-cards-for-amd,2025_02_03,"January 21, 2015",,,,No,"DisplayPort, DVI, HDMI",,,ZOTAC,,1177 MHz,2 GB,,,7010 MHz,,,NVIDIA,B00SIOOLS2,,,ZT-90301-10M,ZOTAC,11 x 8.5 x 3.25 inches (27.9 x 21.6 x 8.3 cm),2 pounds (0.91 kg),11 x 8.5 x 3.25 inches (27.9 x 21.6 x 8.3 cm),2 GB,2560 x 1600,,Windows 10 / 8 / 7 / Vista / XP,Nvidia GeForce,,2 GB
ZOTAC GAMING GeForce RTX 4080 SUPER AMP Extreme AIRO DLSS 3 16GB GDDR6X 256-bit 23 ...,MAD 27316,https://d3ulwu8fab47va.cloudfront.net/skin/frontend/default/ubuycom/images/loading.gif,https://www.ubuy.ma/en/product/IIVEM39Q6-zotac-gaming-geforce-rtx-4080-super-amp-extreme-airo-dlss-3-16gb-gddr6x-256-bit-23-gbps-pcie-4-0-gaming-graphics-card-icestorm-2-0-advanced-cooling,2025_02_03,"May 20, 2022",ZOTAC GAMING GeForce RTX™ 3080 Ti AMP Extreme Holo,,,,"3 x DisplayPort 1.4a, 1 x HDMI 2.1",,,ZOTAC,,1785 MHz,12 GB,,,19 GHz,,,NVIDIA,B09KVLCW4W,Dedicated,,ZT-A30810B-10P,ZOTAC,14.01 x 11.1 x 0.04 inches (35.6 x 28.2 x 0.1 cm),12 ounces (340.2 grams),14.01 x 11.1 x 0.04 inches (35.6 x 28.2 x 0.1 cm),12 GB,7680 x 4320,,,NVIDIA GeForce RTX 3080 Ti,,
ZOTAC GeForce GTX 960 2GB GDDR5 PCI Express 3.0 HDMI DVI DisplayPort SLI Ready ...,MAD 4019,https://d3ulwu8fab47va.cloudfront.net/skin/frontend/default/ubuycom/images/loading.gif,https://www.ubuy.ma/en/product/3PFTXX1P4-zotac-geforce-gtx-pci-express,2025_02_03,"May 20, 2022",ZOTAC GAMING GeForce RTX™ 3080 Ti AMP Extreme Holo,,,,"3 x DisplayPort 1.4a, 1 x HDMI 2.1",,,ZOTAC,,1785 MHz,12 GB,,,19 GHz,,,NVIDIA,B09KVLCW4W,Dedicated,,ZT-A30810B-10P,ZOTAC,14.01 x 11.1 x 0.04 inches (35.6 x 28.2 x 0.1 cm),12 ounces (340.2 grams),14.01 x 11.1 x 0.04 inches (35.6 x 28.2 x 0.1 cm),12 GB,7680 x 4320,,,NVIDIA GeForce RTX 3080 Ti,,
"VBESTLIFE GT730 4GB Graphics Card, DDR3, 128bit, PCI Express 2.0 x16, 700/500MHz, ...",MAD 740,https://d3ulwu8fab47va.cloudfront.net/skin/frontend/default/ubuycom/images/loading.gif,https://www.ubuy.ma/en/product/J2TCXW5UC-vbestlife-gt730-4gb-graphics-card-ddr3-128bit-pci-express-2-0-x16-700-500mhz-desktop-pc-gaming-video-card-with-hdmi-dvi-and-vga-ports,2025_02_03,"May 20, 2022",ZOTAC GAMING GeForce RTX™ 3080 Ti AMP Extreme Holo,,,,"3 x DisplayPort 1.4a, 1 x HDMI 2.1",,,ZOTAC,,1785 MHz,12 GB,,,19 GHz,,,NVIDIA,B09KVLCW4W,Dedicated,,ZT-A30810B-10P,ZOTAC,14.01 x 11.1 x 0.04 inches (35.6 x 28.2 x 0.1 cm),12 ounces (340.2 grams),14.01 x 11.1 x 0.04 inches (35.6 x 28.2 x 0.1 cm),12 GB,7680 x 4320,,,NVIDIA GeForce RTX 3080 Ti,,
ZOTAC GeForce GTX 960 2GB GDDR5 PCI Express 3.0 HDMI DVI DisplayPort SLI Ready ...,MAD 4019,https://d3ulwu8fab47va.cloudfront.net/skin/frontend/default/ubuycom/images/loading.gif,https://www.ubuy.ma/en/product/54039HMBC-zotac-geforce-gtx-960-2gb-gddr5-pci-express-3-0-hdmi-dvi-displayport-sli-ready-graphic-card-zt-90301-10m,2025_02_03,"July 12, 2023",,,,,DVI,,,Serounder,,1800 MHz,1 GB,,7.56 x 5.87 x 1.77 inches (19.2 x 14.9 x 4.5 cm),,,,,B0CBQ3QX2W,,China,Serounder3uronbypem,Serounder,,8.3 ounces (235.31 grams),,,,,,NVIDIA GeForce GT 610,,
ZOTAC Gaming GeForce RTX  3080 Ti AMP Extreme Holo 12GB GDDR6X 384-bit 19 Gbps PCIE ...,MAD 27022,https://d3ulwu8fab47va.cloudfront.net/skin/frontend/default/ubuycom/images/loading.gif,https://www.ubuy.ma/en/product/53LIK5BYY-zotac-amp-extreme-holo-geforce-rtx-3080-ti-12gb-gddr6x-pci-express-4-0-atx-video-card-zt-a30810b-10p,2025_02_03,"January 22, 2024",,,,,DisplayPort,,,VBESTLIFE,,550 Bits,4 GB,,10.24 x 6.69 x 2.36 inches (26 x 17 x 6 cm),,,,,B0CSZDTS6W,,China,VBESTLIFEpxkrfmc2gu,VBESTLIFE,,1.04 pounds (0.47 kg),,,,,,AMD Radeon RX 550,,
Zotac GEFORCE RTX 4080 Super Trinity Black Edition 16GB,MAD 26701,https://d3ulwu8fab47va.cloudfront.net/skin/frontend/default/ubuycom/images/loading.gif,https://www.ubuy.ma/en/product/IVXBUW7GI-geforce-rtx-4080-super-trinity-black-edition-16gb,2025_02_03,"May 31, 2024",,,,,"DisplayPort, HDMI",NVIDIA,,EVGA,,,24 GB,,,,,,,B099LCP3RM,,,,evga,,,10.35 x 5.2 x 0.1 inches (26.3 x 13.2 x 0.3 cm),,,,,NVIDIA GeForce RTX 3090,,
"RX590 8GB Graphics Card, GDDR5 256bit Graphics Card for Gaming PC, 4096x2160 ...",MAD 2168,https://d3ulwu8fab47va.cloudfront.net/skin/frontend/default/ubuycom/images/loading.gif,https://www.ubuy.ma/en/product/N3FTZX1SC-rx590-8gb-graphics-card-gddr5-256bit-graphics-card-for-gaming-pc-4096x2160-resolution-gpu-graphics-card-with-fans-pci-express-3-0-x16-hdmi-dvi-d,2025_02_03,"May 31, 2024",,,,,"DisplayPort, HDMI",NVIDIA,,EVGA,,,24 GB,,,,,,,B099LCP3RM,,,,evga,,,10.35 x 5.2 x 0.1 inches (26.3 x 13.2 x 0.3 cm),,,,,NVIDIA GeForce RTX 3090,,
"GT610 Graphics Card, 1GB DDR3 64 Bit 1800MHz PC GPU Video Card Supports HDMI VGA ...",MAD 535,https://d3ulwu8fab47va.cloudfront.net/skin/frontend/default/ubuycom/images/loading.gif,https://www.ubuy.ma/en/product/I80AXRFPC-serounder-gt610-graphics-card-1gb-ddr3-64-bit-pc-video-cards-pci-express-x16-single-fan-air-cooling-supports-vga-dvi-hdmi,2025_02_03,"September 4, 2024",,,,,"VGA, DisplayPort, HDMI",,,Generic,,1286 MHz,8,,10 x 5 x 4 inches (25.4 x 12.7 x 10.2 cm),,,,,B0DG1GT36V,,,,AMD,,2 pounds (0.91 kg),,,,,,RX 580 u,,
"VBESTLIFE RX550 4GB Graphics Card, GDDR5, 128bit, PCI Express 2.0 x8, 1183/6000MHz, ...",MAD 1475,https://d3ulwu8fab47va.cloudfront.net/skin/frontend/default/ubuycom/images/loading.gif,https://www.ubuy.ma/en/product/J32OBBYIG-vbestlife-rx550-4gb-graphics-card-gddr5-128bit-pci-express-2-0-x8-1183-6000mhz-desktop-pc-gaming-video-card-with-hdmi-dvi-and-dp-ports,2025_02_03,"September 4, 2024",,,,,"VGA, DisplayPort, HDMI",,,Generic,,1286 MHz,8,,10 x 5 x 4 inches (25.4 x 12.7 x 10.2 cm),,,,,B0DG1GT36V,,,,AMD,,2 pounds (0.91 kg),,,,,,RX 580 u,,
"EVGA GeForce RTX 3090 XC3 ULTRA HYDRO COPPER GAMING, 24G-P5-3979-KR, 24GB GDDR6X, ...",MAD 23149,https://d3ulwu8fab47va.cloudfront.net/skin/frontend/default/ubuycom/images/loading.gif,https://www.ubuy.ma/en/product/1GXVQ8F90-evga-geforce-rtx-3090-xc3-ultra-hydro-copper-gaming-24g-p5-3979-kr-24gb-gddr6x-argb-led-metal-backplate,2025_02_03,"July 27, 2024",,,,,"DisplayPort, HDMI",,,ZOTAC,,2640 MHz,16 GB,,,,,,,B0DBD9W9RY,,,,ZOTAC,,5.28 pounds (2.39 kg),13.2 x 5.4 x 0.1 inches (33.5 x 13.7 x 0.3 cm),,,,,GeForce RTX 4070 Ti SUPER,,
"GT 730 4GB Graphics Card, Dual HDMI, DisplayPort, VGA, DDR3 64-bit, Low Profile ...",MAD 1286,https://d3ulwu8fab47va.cloudfront.net/skin/frontend/default/ubuycom/images/loading.gif,https://www.ubuy.ma/en/product/J4EI4NC4W-saplos-gt-730-4g-graphics-card-hdmi-x2-displayport-vga,2025_02_03,"August 8, 2022",,,,,"DisplayPort, DVI",,,VBESTLIFE,,1284 MHz,8 GB,,11.77 x 7.4 x 2.95 inches (29.9 x 18.8 x 7.5 cm),,,,,B0B911VLTV,,China,Vbestlife1x8tdg6zkc21442,Vbestlife,,1.94 pounds (0.88 kg),,,,,,AMD Radeon RX 580,,
GeForce RTX 4070 Ti Super GameRock OmniBlack 16GB GDDR6X - NED47TS019T2-1020Q,MAD 16854,https://d3ulwu8fab47va.cloudfront.net/skin/frontend/default/ubuycom/images/loading.gif,https://www.ubuy.ma/en/product/MJ7NQMDH0-geforce-rtx-4070-ti-super-gamerock-omniblack-16gb-gddr6x-ned47ts019t2-1020q,2025_02_03,"August 8, 2022",,,,,"DisplayPort, DVI",,,VBESTLIFE,,1284 MHz,8 GB,,11.77 x 7.4 x 2.95 inches (29.9 x 18.8 x 7.5 cm),,,,,B0B911VLTV,,China,Vbestlife1x8tdg6zkc21442,Vbestlife,,1.94 pounds (0.88 kg),,,,,,AMD Radeon RX 580,,
"Emerald Computers RX 580 8GB Graphics Card,2048SP,GDDR5,256 Bit Graphics Card for ...",MAD 997,https://d3ulwu8fab47va.cloudfront.net/skin/frontend/default/ubuycom/images/loading.gif,https://www.ubuy.ma/en/product/M74ORQOOE-emerald-computers-rx-580-8gb-graphics-card-2048sp-gddr5-256-bit-graphics-card-for-gaming-pc-pcie-3-0-twin-freeze-fans-computer-video-card-with,2025_02_03,"August 8, 2022",,,,,"DisplayPort, DVI",,,VBESTLIFE,,1284 MHz,8 GB,,11.77 x 7.4 x 2.95 inches (29.9 x 18.8 x 7.5 cm),,,,,B0B911VLTV,,China,Vbestlife1x8tdg6zkc21442,Vbestlife,,1.94 pounds (0.88 kg),,,,,,AMD Radeon RX 580,,
ZOTAC Gaming GeForce RTX 4070 Ti Super Solid OC DLSS 3 16GB GDDR6X 256-bit 21 Gbps ...,MAD 16665,https://d3ulwu8fab47va.cloudfront.net/skin/frontend/default/ubuycom/images/loading.gif,https://www.ubuy.ma/en/product/M0KB92FEW-zotac-gaming-geforce-rtx-4070-ti-super-solid-oc-dlss-3-16gb-gddr6x-256-bit-21-gbps-pcie-4-0-gaming-graphics-card-icestorm-2-0-advanced-cooling,2025_02_03,"February 18, 2014",02G-P4-3753-KR,,,No,DisplayPort-HDMI-DVI,,DECT,EVGA,Black,1176,2 GB,video card,,5400 MHz,DDR3 SDRAM,,NVIDIA,B00IDG3IDO,GeForce GTX 750 Ti,,02G-P4-3753-KR,EVGA,6.7 x 1.5 x 4.38 inches (17 x 3.8 x 11.1 cm),13.6 ounces (385.56 grams),6.7 x 1.5 x 4.38 inches (17 x 3.8 x 11.1 cm),2 GB,4096 x 2160,,,Nvidia GeForce,6.7 Inches (17 cm),2 GB
"RX 580 Gaming Graphics Card, Fan 256bit 8GB GDDR5, 60Hz Output 4K Resolution, 16 ...",MAD 1778,https://d3ulwu8fab47va.cloudfront.net/skin/frontend/default/ubuycom/images/loading.gif,https://www.ubuy.ma/en/product/7FWEAUVBO-vbestlife-rx-580-gaming-graphics-card-dual-fan-256bit-8gb-gddr5-60hz-output-4k-resolution-16-pci-express-3-0-gaming-graphics-card-for-home-office,2025_02_03,"February 18, 2014",02G-P4-3753-KR,,,No,DisplayPort-HDMI-DVI,,DECT,EVGA,Black,1176,2 GB,video card,,5400 MHz,DDR3 SDRAM,,NVIDIA,B00IDG3IDO,GeForce GTX 750 Ti,,02G-P4-3753-KR,EVGA,6.7 x 1.5 x 4.38 inches (17 x 3.8 x 11.1 cm),13.6 ounces (385.56 grams),6.7 x 1.5 x 4.38 inches (17 x 3.8 x 11.1 cm),2 GB,4096 x 2160,,,Nvidia GeForce,6.7 Inches (17 cm),2 GB
PNY GeForce RTX  4070 Super 12GB XLR8 Gaming Verto  Epic-X RGB  OC Triple Fan ...,MAD 10474,https://d3ulwu8fab47va.cloudfront.net/skin/frontend/default/ubuycom/images/loading.gif,https://www.ubuy.ma/en/product/IKFTZ6WHS-pny-geforce-rtx-4070-super-12gb-xlr8-gaming-verto-epic-x-rgb-overclocked-triple-fan-graphics-card-dlss-3,2025_02_03,"October 2, 2001",,,,,"VGA, DVI",NVIDIA,,PNY,,,512 MB,,,,,English,,B000IGEDQ8,,,VCG7950GXPB,PNY,,1.7 pounds (0.77 kg),7.8 x 3 x 4.4 inches (19.8 x 7.6 x 11.2 cm),,,,,Nvidia GeForce,,
ZOTAC Gaming GeForce RTX 4070 Super Twin Edge DLSS 3 12GB GDDR6X 192-bit 21 Gbps ...,MAD 9884,https://d3ulwu8fab47va.cloudfront.net/skin/frontend/default/ubuycom/images/loading.gif,https://www.ubuy.ma/en/product/IJ3Q5AD4E-zotac-gaming-geforce-rtx-4070-super-twin-edge-dlss-3-12gb-gddr6x-192-bit-21-gbps-pcie-4-0-compact-gaming-graphics-card-icestorm-2-0-advanced-cooling,2025_02_03,"October 2, 2001",,,,,"VGA, DVI",NVIDIA,,PNY,,,512 MB,,,,,English,,B000IGEDQ8,,,VCG7950GXPB,PNY,,1.7 pounds (0.77 kg),7.8 x 3 x 4.4 inches (19.8 x 7.6 x 11.2 cm),,,,,Nvidia GeForce,,
EVGA GeForce GTX 750Ti Superclocked 2GB GDDR5 Graphics Card 02G-P4-3753-KR,MAD 4005,https://d3ulwu8fab47va.cloudfront.net/skin/frontend/default/ubuycom/images/loading.gif,https://www.ubuy.ma/en/product/4FHKD79B4-evga-geforce-gtx-750ti-superclocked-2gb-gddr5-graphics-card-02g-p4-3753-kr,2025_02_03,"October 2, 2001",,,,,"VGA, DVI",NVIDIA,,PNY,,,512 MB,,,,,English,,B000IGEDQ8,,,VCG7950GXPB,PNY,,1.7 pounds (0.77 kg),7.8 x 3 x 4.4 inches (19.8 x 7.6 x 11.2 cm),,,,,Nvidia GeForce,,
PNY Nvidia GeForce 7950 GT 512MB GDDR3 PCI Express Graphics Card,MAD 2953,https://d3ulwu8fab47va.cloudfront.net/skin/frontend/default/ubuycom/images/loading.gif,https://www.ubuy.ma/en/product/3ZSDQRJJ6-pny-nvidia-geforce-7950-gt-512mb-gddr3-pci-express-graphics-card,2025_02_03,,,,,,,,,,,,,,,,,,,,,,,,,,,,,,,,,
ZOTAC Gaming GeForce RTX  3080 Ti Trinity OC 12GB GDDR6X 384-bit 19 Gbps PCIE 4.0 ...,MAD 14937,https://d3ulwu8fab47va.cloudfront.net/skin/frontend/default/ubuycom/images/loading.gif,https://www.ubuy.ma/en/product/1C37QB2EW-zotac-gaming-geforce-rtx-3080-ti-trinity-oc-12gb,2025_02_03,,,,,,,,,,,,,,,,,,,,,,,,,,,,,,,,,
AMD RX 580 Graphics Card 4 GB GDDR5 Performance 80% of GTX1660 Super 131% of GTX ...,MAD 1355,https://d3ulwu8fab47va.cloudfront.net/skin/frontend/default/ubuycom/images/loading.gif,https://www.ubuy.ma/en/product/N2F9ELQXC-amd-rx-580-graphics-card-4-gb-gddr5-performance-80-of-gtx1660-super-131-of-gtx-1650-98-of-rx-6500xt-256bit-2049sp-pci-express-3-0x16-dp-hdmi,2025_02_03,,,,,,,,,,,,,,,,,,,,,,,,,,,,,,,,,
ZOTAC Gaming GeForce RTX 4070 Twin Edge OC White GDDR6 DLSS 3 12GB GDDR6 192-bit 20 ...,MAD 9746,https://d3ulwu8fab47va.cloudfront.net/skin/frontend/default/ubuycom/images/loading.gif,https://www.ubuy.ma/en/product/MBPXDQ2ZW-gaming-geforce-rtx-4070-twin-edge-oc-white-gddr6-dlss-3-12gb-gddr6-192-bit-20-gbps-pcie-4-0-compact-sff-gaming-graphics-card-icestorm-2-0-advanced,2025_02_03,,,,,,,,,,,,,,,,,,,,,,,,,,,,,,,,,
"ciciglow Graphics Card, 730 4G DDR3B 128bit Computer Graphics Card with Cooling ...",MAD 735,https://d3ulwu8fab47va.cloudfront.net/skin/frontend/default/ubuycom/images/loading.gif,https://www.ubuy.ma/en/product/FMA5B2J4E-ciciglow-graphics-card-gt-730-4g-ddr3b-128bit-computer-graphics-card-with-cooling-fan-support-vga-dvi-hdmi-output-pci-express-2-0-x-16-bus-interface,2025_02_03,,,,,,,,,,,,,,,,,,,,,,,,,,,,,,,,,
"RX 5500 8gb GDDR6 Graphics Card,128 Bit, 3XDP, HDMI, PCI Express 4.0X8, 8pin with ...",MAD 1969,https://d3ulwu8fab47va.cloudfront.net/skin/frontend/default/ubuycom/images/loading.gif,https://www.ubuy.ma/en/product/J4BF324JA-rx-5500-8gb-gddr6-graphics-card-128-bit-3xdp-hdmi-pci-express-4-0x8-8pin-with-fan-intelligent-system-gaming-pc-computer-video-cards-with-3x,2025_02_03,,,,,,,,,,,,,,,,,,,,,,,,,,,,,,,,,
"KAER GT 730 Graphics Card, 4GB DDR3, DirectX 11 128 Bit, VGA/DVI-D/HDMI, PCI ...",MAD 1013,https://d3ulwu8fab47va.cloudfront.net/skin/frontend/default/ubuycom/images/loading.gif,https://www.ubuy.ma/en/product/4161CT7ZS-kaer-nvidia-gt-730-graphics-card-4gb-ddr3-directx-11-128-bit-dp-dvi-d-hdmi-pci-express-2-0-low-profile-video-card-computer-gpu,2025_02_03,,,,,,,,,,,,,,,,,,,,,,,,,,,,,,,,,
"RX 5500 8gb GDDR6 Graphics Card,128 Bit, 3XDP, HDMI, PCI Express 4.0X8, 8pin with ...",MAD 1969,https://d3ulwu8fab47va.cloudfront.net/skin/frontend/default/ubuycom/images/loading.gif,https://www.ubuy.ma/en/product/IL5Q8N6SQ-rx-5500-8gb-gddr6-graphics-card-128-bit-3xdp-hdmi-pci-express-4-0x8-8pin-with-fan-intelligent-system-gaming-pc-computer-video-cards-with-3x,2025_02_03,,,,,,,,,,,,,,,,,,,,,,,,,,,,,,,,,
